C1,C2,C3,C4,C5,C6,C7,C8,article_id,human_label,human_confidence,corpus_batch,SMI_score,SMI_label
0.0,0.0,0.0,0.1,0.0,0.3333,0.0,0.6121,v18_1501,1,M,corpus_expansion_5000,0.20334752141661244,0
0.0,0.0,0.9643,0.85,0.0,0.0,0.0,0.0,v18_2586,1,M,corpus_expansion_5000,0.46183656018518604,1
0.0,0.0,0.0,0.55,0.0,0.0,0.0,0.7364,v18_2653,1,M,corpus_expansion_5000,0.23111527620721362,0
0.0,0.0,0.0,0.1,0.0,0.3333,0.0,0.9435,v18_1055,1,M,corpus_expansion_5000,0.19932341078274549,0
0.0,0.0,0.0,0.2,0.0,0.5833,0.0,0.7671,v18_0705,0,H,v17_reused,0.349458394756692,0
0.0,0.0,0.6708,0.1,0.0,0.0,0.0,0.9861,v18_0106,0,H,new_mid_w0_p0,0.13437677201892637,0
0.0,0.0,0.0,0.9,0.0,0.3333,0.0,0.8576,v18_0589,0,H,v17_reused,0.5584658435610207,1
0.0,0.0,0.0,0.4,0.0,0.0,0.0,0.0,v18_2468,1,M,corpus_expansion_5000,0.19000580961738978,0
0.3,0.0,0.7584,0.7,0.0,0.0,0.0,0.0,v18_2413,1,L,corpus_expansion_5000,0.8090716126538653,1
0.0,0.0,0.0,0.3,0.0,0.0,0.0,0.0,v18_1600,1,M,corpus_expansion_5000,0.16079228470839807,0
0.0,0.0,0.0,0.0,0.0,0.0,0.0,0.5579,v18_2464,1,M,corpus_expansion_5000,0.09099110451834116,0
0.5,0.0,0.0,0.85,0.0,0.0,0.0,0.9643,v18_0228,1,H,new_high_w1_pany,0.9366046028778382,1
0.0,0.0,0.5248,0.0,0.0,0.0,0.0,0.0,v18_0915,1,M,corpus_expansion_5000,0.11413304045868496,0
0.0,0.0,0.0,0.45,0.0,0.5833,0.0,0.4866,v18_0794,1,H,new_mid_w1_p1,0.4764406798654476,1
0.0,0.0,0.0,0.4,0.0,0.0,0.0,0.0,v18_3021,0,H,corpus_expansion_5000,0.19000580961738978,0
0.0,0.0,0.0,0.3,0.0,0.0,0.0,0.3706,v18_3543,0,H,corpus_expansion_5000,0.15705158331615046,0
0.0,0.0,0.0,0.0,0.8755,0.0,0.0,0.0,v18_1073,1,M,corpus_expansion_5000,0.21245743999478328,0
0.0,0.0,0.0,0.1,0.3947,0.0,0.0,0.179,v18_3351,0,H,corpus_expansion_5000,0.16210584725600014,0
0.0,0.0,0.0,0.5,0.0,1.0,0.0,0.3875,v18_1744,1,M,corpus_expansion_5000,0.7184514764722852,1
0.0,0.0,0.0,0.2,0.0,0.6667,0.0,0.6863,v18_1084,1,M,corpus_expansion_5000,0.3939591787208005,0
0.0,0.0,0.0,0.0,0.0,0.0,0.0,0.0,v18_0926,1,M,corpus_expansion_5000,0.0945363922261271,0
0.0,0.0,0.0,0.0,0.0,0.3333,0.0,0.3374,v18_3049,0,H,corpus_expansion_5000,0.17550116536315735,0
0.0,0.0,0.0,0.2,0.0,0.0,0.0,0.0,v18_1117,1,M,corpus_expansion_5000,0.1353199798207458,0
0.0,0.0,0.0,1.0,0.0,0.0,0.0,0.0,v18_0642,1,H,new_high_w1_pany,0.4413369854724032,1
0.0,0.0,0.0,1.0,0.0,1.0,0.0,0.0,v18_4767,0,L,corpus_expansion_5000,0.8784590901281101,1
0.0,0.0,0.0,0.1,0.0,0.0,0.0,0.7113,v18_0501,1,H,new_high_w1_pany,0.10805106127365775,0
0.0,0.0,0.0,0.1,0.0,0.0,0.0,0.0,v18_4066,0,M,corpus_expansion_5000,0.1133379569328199,0
0.0,0.0,0.3823,0.4,0.0,0.0,0.0,0.0,v18_0333,0,H,new_mid_w0_p0,0.21470329231103846,0
0.0,0.0,0.2244,0.7,0.2244,0.0,0.0,0.0,v18_4684,0,M,corpus_expansion_5000,0.37527854712523623,0
0.0,0.0,0.0,0.45,0.0,0.0,0.0,0.9305,v18_0486,1,H,new_mid_w1_p1,0.19480981541195821,0
0.0,0.0,0.0,0.2,0.0,0.6667,0.0,0.8876,v18_1962,1,M,corpus_expansion_5000,0.3903356352953888,0
0.0,0.0,0.0,0.45,0.0,0.0,0.0,0.0,v18_0393,0,H,new_mid_w0_p0,0.2060688837501653,0
0.0,0.0,0.0,0.8,0.0,0.0,0.0,0.3666,v18_4842,0,M,corpus_expansion_5000,0.33890736907144947,0
0.0,0.0,0.0,0.1,0.0,0.0,0.0,0.4197,v18_4866,0,L,corpus_expansion_5000,0.11019172264984413,0
0.0,0.0,0.0,0.6,0.4732,1.0,1.0,0.0,v18_1755,1,M,corpus_expansion_5000,0.9085941183484763,1
0.0,0.0,0.0,0.0,0.0,0.0,0.0,0.679,v18_2515,1,M,corpus_expansion_5000,0.09023752126685754,0
0.0,0.0,0.0969,0.5,0.6002,0.6667,0.0,0.0778,v18_3585,0,H,corpus_expansion_5000,0.7134044656911401,1
0.0,0.0,0.0,0.35,0.0,0.0,0.0,0.0,v18_4315,0,M,corpus_expansion_5000,0.17491898592996105,0
0.0,0.0,0.0,0.4,0.0,0.0,0.6667,0.0,v18_4966,0,M,corpus_expansion_5000,0.26116944252095853,0
0.0,0.0,0.0,0.3,0.0,0.0,1.0,0.0,v18_2099,1,M,corpus_expansion_5000,0.2616779041263714,0
0.0,0.0,0.0,0.0,0.3421,0.0,0.0,0.2817,v18_3599,0,M,corpus_expansion_5000,0.12900293933497636,0
0.0,0.0,0.1141,0.2,0.0,1.0,0.0,0.0,v18_4121,0,M,corpus_expansion_5000,0.5998050314087884,1
0.0,0.0,0.0,0.9,0.0,0.0,0.75,0.2986,v18_0029,1,H,new_high_w1_pany,0.5001624409277972,1
0.3,0.2,0.0,0.8,0.3806,0.3333,0.0,0.9759,v18_0065,1,M,new_mid_w1_p0,0.9342212259595563,1
0.0,0.0,0.0,0.7,0.0,0.3333,0.0,0.6895,v18_0838,1,M,corpus_expansion_5000,0.4608024919347506,1
0.0,0.0,0.0,0.55,0.0,0.0,1.0,0.0,v18_3906,0,M,corpus_expansion_5000,0.3702056496403357,0
0.0,0.0,0.0,0.0,0.1999,0.0,0.0,0.0575,v18_3773,0,M,corpus_expansion_5000,0.11435009066173792,0
0.0,0.0,0.5006,0.4,0.0,0.3333,0.6667,0.0,v18_4635,0,M,corpus_expansion_5000,0.4746410107363502,1
0.0,0.0,0.0,0.9,0.0,0.0,0.0,0.0,v18_3161,0,H,corpus_expansion_5000,0.3921913672632442,0
0.0,0.0,0.0,0.3,0.2934,0.0,1.0,0.2391,v18_2659,1,M,corpus_expansion_5000,0.32361796281345045,0
0.0,0.0,0.0,0.5,0.0,0.0,0.0,0.0,v18_4615,0,M,corpus_expansion_5000,0.22311587068072297,0
0.0,0.0,0.5841,0.6,0.0,0.0,0.0,0.6414,v18_4628,0,H,corpus_expansion_5000,0.2974134317437954,0
0.0,0.0,0.0,0.3,0.0,0.3333,0.0,0.0,v18_2451,1,M,corpus_expansion_5000,0.2860730847351194,0
0.0,0.0,0.4371,0.1,0.0,0.0,0.0,0.9153,v18_2846,1,M,corpus_expansion_5000,0.1244348731246576,0
0.5,0.0,0.0,0.4,0.0,0.0,0.8,0.8633,v18_1144,1,M,corpus_expansion_5000,0.9073655589829259,1
0.0,0.0,0.1902,0.0,0.0,0.3333,0.0,0.3418,v18_3078,0,H,corpus_expansion_5000,0.1867513257725107,0
0.3,0.0,0.0,0.1,0.0,0.0,0.0,0.0,v18_1103,1,H,corpus_expansion_5000,0.48148413082813596,1
0.0,0.0,0.0,0.0,0.0,0.0,1.0,0.0,v18_0168,0,L,new_mid_w0_p0,0.1618695290589579,0
0.3,0.0,0.0,0.7,0.4557,0.0,0.0,0.0,v18_1670,1,M,corpus_expansion_5000,0.8367501123989921,1
0.0,0.0,0.0,0.6,0.0,0.0,0.0,0.0,v18_2570,1,L,corpus_expansion_5000,0.2601425988962303,0
0.0,0.0,0.0,0.3,0.0,0.0,0.0,0.5272,v18_2377,1,M,corpus_expansion_5000,0.15549232995382364,0
0.0,0.0,0.0,0.8,0.0,0.0,0.0,0.0,v18_4395,0,L,corpus_expansion_5000,0.3451374483123983,0
0.0,0.0,0.0,0.15,0.0,0.0,0.0,0.4866,v18_4257,0,M,corpus_expansion_5000,0.11997677692282648,0
0.0,0.0,0.0,0.8,0.0,0.0,0.0,0.0,v18_3862,0,M,corpus_expansion_5000,0.3451374483123983,0
0.0,0.0,0.0,0.6,0.0,0.3333,0.0,0.0,v18_0023,0,H,new_high_w1_pany,0.4237456057776692,1
0.0,0.0,0.0,0.2,0.0,0.0,1.0,0.8085,v18_2633,1,M,corpus_expansion_5000,0.2140482906708334,0
0.0,0.0,0.0,0.0,0.8103,0.0,0.0,0.0,v18_3340,0,H,corpus_expansion_5000,0.2008691921806495,0
0.0,0.0,0.0,0.1,0.0,0.0,0.0,0.6832,v18_2215,1,M,corpus_expansion_5000,0.10825574391272422,0
0.0,0.0,0.0,0.1,0.3506,0.0,0.0,0.0,v18_3682,0,M,corpus_expansion_5000,0.15750089433669626,0
0.0,0.0,0.0,0.1,0.2742,0.3333,0.0,0.7144,v18_4724,0,L,corpus_expansion_5000,0.25427925272153434,0
0.0,0.0,0.0,0.25,0.0,0.0,1.0,0.7364,v18_1907,1,M,corpus_expansion_5000,0.23253311119379863,0
0.0,0.0,0.0,0.45,0.0,0.0,0.0,0.0,v18_0084,0,H,new_low_w0_pany,0.2060688837501653,0
0.0,0.0,0.0,0.7,0.0,0.3333,0.0,0.0,v18_0227,0,H,new_mid_w0_p0,0.4737632500619631,1
0.0,0.0,0.0,0.8,0.6358,0.0,0.0,0.9701,v18_0296,0,H,new_mid_w0_p0,0.4939110834444935,1
0.0,0.0,0.0,0.9,0.1576,0.6667,0.0,0.0,v18_1001,1,M,corpus_expansion_5000,0.7700541146917192,1
0.0,0.0,0.0,0.55,0.0,0.0,0.8,0.0,v18_2138,1,M,corpus_expansion_5000,0.34200983460079226,0
0.0,0.0,0.0,0.9,0.3984,0.0,0.0,0.0,v18_0711,0,H,v17_reused,0.49846667416635043,1
0.0,0.0,0.0,0.3,0.0,0.0,0.0,0.0,v18_2801,1,L,corpus_expansion_5000,0.16079228470839807,0
0.0,0.0,0.6314,0.0,0.0,0.0,0.0,0.0,v18_2527,1,M,corpus_expansion_5000,0.11852289482861728,0
0.0,0.0,0.0,0.7,0.2364,0.0,0.0,0.1913,v18_3752,0,M,corpus_expansion_5000,0.35412000795151966,0
0.0,0.0,0.0,0.3,0.3367,0.0,0.0,0.0,v18_3321,0,H,corpus_expansion_5000,0.21631558104374735,0
0.0,0.0,0.0,0.0,0.0,0.0,0.0,0.0,v18_3181,0,H,corpus_expansion_5000,0.0945363922261271,0
0.0,0.0,0.0,0.4,0.0,0.0,0.0,0.0,v18_4183,0,M,corpus_expansion_5000,0.19000580961738978,0
0.0,0.0,0.0,0.4,0.0,0.0,0.0,0.9115,v18_1615,1,M,corpus_expansion_5000,0.17963739025511583,0
0.0,0.0,0.3028,0.3,0.514,0.0,0.0,0.0,v18_3024,0,H,corpus_expansion_5000,0.2741418321182398,0
0.0,0.0,0.0,0.45,0.0,0.3333,0.0,0.0,v18_1413,1,M,corpus_expansion_5000,0.35183690948447854,0
0.0,0.0,0.0,0.8,0.4159,0.3333,0.0,0.0,v18_0763,1,H,new_high_w1_pany,0.6337366113440399,1
0.0,0.0,0.0,0.1,0.0,0.0,0.0,0.0,v18_0655,0,H,new_high_w1_pany,0.1133379569328199,0
0.0,0.0,0.0,0.3,0.0,0.0,1.0,0.9909,v18_4797,0,M,corpus_expansion_5000,0.24748042004590734,0
0.0,0.0,0.0,0.5,0.0,0.0,0.0,0.4668,v18_3849,0,M,corpus_expansion_5000,0.21706526164504839,0
0.0,0.0,0.0,0.4,0.0,0.0,0.0,0.8414,v18_4153,0,M,corpus_expansion_5000,0.1804188402741266,0
0.0,0.0,0.0,0.0,0.0,0.0,0.0,0.5769,v18_0468,1,H,new_mid_w1_p1,0.09087249753497764,0
0.0,0.0,0.0,0.9,0.0,0.0,0.0,0.0,v18_0157,0,H,new_high_w1_pany,0.3921913672632442,0
0.0,0.0,0.0,0.45,0.0,0.0,0.6667,0.0,v18_1295,1,M,corpus_expansion_5000,0.2811603874862428,0
0.0,0.0,0.0,0.9,0.0,0.6667,0.0,0.0,v18_0497,0,H,new_mid_w1_p0,0.7384126165357974,1
0.0,0.0,0.0,0.45,0.0,0.0,0.0,0.0,v18_4740,0,M,corpus_expansion_5000,0.2060688837501653,0
0.0,0.0,0.0,0.0,0.0,0.0,0.0,0.0,v18_2940,0,H,corpus_expansion_5000,0.0945363922261271,0
0.0,0.0,0.0,0.2,0.0,0.0,0.0,0.0,v18_3456,0,H,corpus_expansion_5000,0.1353199798207458,0
0.0,0.0,0.0,0.4,0.0,0.0,0.0,0.2959,v18_0373,0,H,v17_reused,0.18659056127798318,0
0.0,0.0,0.0,0.45,0.0,0.5833,0.0,0.0,v18_0079,0,H,new_mid_w1_p0,0.48561383052236684,1
0.0,0.0,0.0,0.0,0.0,0.0,0.0,0.7727,v18_1553,1,M,corpus_expansion_5000,0.089658305967913,0
0.3,0.0,0.0,0.0,0.0,0.3333,0.0,0.7708,v18_1669,1,M,corpus_expansion_5000,0.5994402408150515,1
0.3,0.0,0.9565,0.0,0.2299,0.0,0.0,0.8082,v18_2131,1,H,corpus_expansion_5000,0.5732181331789303,1
0.0,0.0,0.0,0.3,0.2454,0.0,0.0,0.0,v18_4439,0,M,corpus_expansion_5000,0.20000505871365404,0
0.0,0.0,0.0,0.4,0.3772,0.0,0.0,0.9818,v18_0465,1,H,new_mid_w1_p1,0.246916696368595,0
0.0,0.0,0.0,0.75,0.0,0.0,0.0,0.4866,v18_0248,0,H,v17_reused,0.3146615032205769,0
0.0,0.0,0.4759,0.3,0.0,0.0,0.0,0.0,v18_0931,1,M,corpus_expansion_5000,0.18821106631727777,0
0.0,0.0,0.0,0.2,0.0,0.0,0.0,0.8511,v18_1335,1,H,corpus_expansion_5000,0.12797425872606974,0
0.3,0.0,0.0,0.9,0.7564,0.3333,0.6667,0.0,v18_4524,0,L,corpus_expansion_5000,0.9710530395465713,1
0.0,0.0,0.0,0.2,0.0,0.6667,0.0,0.0,v18_1338,1,H,corpus_expansion_5000,0.40639880133444034,0
0.5,0.0,0.0,0.1,0.0,0.3333,0.0,0.3168,v18_1406,1,M,corpus_expansion_5000,0.8767260447851957,1
0.0,0.0,0.0,0.0,0.0,0.0,0.0,0.0,v18_1090,1,M,corpus_expansion_5000,0.0945363922261271,0
0.0,0.0,0.0,0.5,0.0,0.0,0.0,0.0,v18_4209,0,M,corpus_expansion_5000,0.22311587068072297,0
0.0,0.0,0.0,1.0,0.0,0.0,0.0,0.0,v18_0742,0,H,new_low_w0_pany,0.4413369854724032,1
0.0,0.0,0.0,0.0,0.0,0.0,0.0,0.6886,v18_2323,1,M,corpus_expansion_5000,0.09017802333693167,0
0.0,0.0,0.0,1.0,0.0,0.5833,0.0,0.0,v18_3601,0,M,corpus_expansion_5000,0.7418273342619686,1
0.0,0.0,0.0,0.7,0.4109,0.0,0.0,0.0,v18_2123,1,M,corpus_expansion_5000,0.40195527162411765,0
0.0,0.0,0.0,0.65,0.0,0.0,0.0,0.0,v18_2094,1,M,corpus_expansion_5000,0.28008474130873345,0
0.0,0.0,0.0,0.75,0.0,0.0,0.0,0.0,v18_0240,1,H,new_high_w1_pany,0.32263931900913917,0
0.3,0.0,0.0,1.0,0.3454,0.3333,0.0,0.0,v18_2351,1,M,corpus_expansion_5000,0.9458115900171541,1
0.0,0.0,0.0,0.1,0.0,0.0,0.0,0.2731,v18_1370,1,M,corpus_expansion_5000,0.11128190119967919,0
0.5,0.0,0.2017,0.0,0.0,1.0,0.0,0.2999,v18_1057,1,M,corpus_expansion_5000,0.9650190603320085,1
0.0,0.0,0.0,1.0,0.0,0.0,0.0,0.0,v18_4816,0,L,corpus_expansion_5000,0.4413369854724032,1
0.0,0.0,0.0,0.1,0.3658,0.0,0.0,0.5043,v18_0199,0,H,new_mid_w0_p0,0.15465557260335663,0
0.0,0.0,0.0,0.35,0.5654,0.0,0.8333,0.0,v18_2280,1,L,corpus_expansion_5000,0.39518663841831475,0
0.0,0.0,0.0,0.0,0.1447,0.6667,0.0,0.0,v18_4749,0,M,corpus_expansion_5000,0.3482540825610084,0
0.0,0.0,0.0,0.25,0.0,0.0,0.8,0.7364,v18_2220,1,M,corpus_expansion_5000,0.21130476167907544,0
0.0,0.0,0.0,0.2,0.2293,0.0,0.0,0.3349,v18_4771,0,L,corpus_expansion_5000,0.16364103087156653,0
0.0,0.0,0.0,0.7,0.0,0.0,0.0,0.0,v18_2819,1,M,corpus_expansion_5000,0.30093381222399707,0
0.0,0.0,0.0,0.0,0.2528,0.0,0.0,0.0,v18_3150,0,H,corpus_expansion_5000,0.12074899708751488,0
0.0,0.0,0.5565,1.0,0.334,0.0,0.0,0.0,v18_4256,0,M,corpus_expansion_5000,0.5864653611075765,1
0.0,0.0,0.0,0.0,0.2509,0.0,0.0,0.4959,v18_3107,0,H,corpus_expansion_5000,0.11661683327811026,0
0.0,0.0,0.0,0.4,0.0,0.0,0.0,0.0,v18_1973,1,M,corpus_expansion_5000,0.19000580961738978,0
0.0,0.0,0.0,0.25,0.0,0.0,0.0,0.0,v18_1375,1,M,corpus_expansion_5000,0.1476023763660605,0
0.0,0.0,0.0,0.0,0.3492,0.0,0.0,0.107,v18_3968,0,M,corpus_expansion_5000,0.13136854738888568,0
0.0,0.0,0.0,0.0,0.0,0.0,0.0,0.5332,v18_4062,0,M,corpus_expansion_5000,0.09114550185653858,0
0.0,0.0,0.0,0.3,0.2202,0.0,0.0,0.3229,v18_4445,0,M,corpus_expansion_5000,0.19185974657392724,0
0.0,0.0,0.0,0.3,0.4606,0.0,0.0,0.3831,v18_3557,0,H,corpus_expansion_5000,0.2347185762861585,0
0.0,0.0,0.0,0.2,0.0,0.0,1.0,0.0,v18_0964,1,M,corpus_expansion_5000,0.22449896003037811,0
0.0,0.0,0.0,0.8,0.0,0.0,0.0,0.0,v18_0179,0,L,new_low_w0_pany,0.3451374483123983,0
0.0,0.0,0.0,0.3,0.0,0.0,0.0,0.2986,v18_3698,0,M,corpus_expansion_5000,0.15777274024172375,0
0.0,0.0,0.0,0.7,0.0,0.0,0.0,0.3706,v18_3821,0,M,corpus_expansion_5000,0.2950791998244779,0
0.0,0.0,0.0,1.0,0.0,0.6667,0.0,0.3291,v18_4878,0,H,corpus_expansion_5000,0.7712272984829612,1
0.0,0.0,0.0,0.6,0.4462,0.0,0.0,0.0,v18_3899,0,M,corpus_expansion_5000,0.3632184722451032,0
0.0,0.0,0.0,0.7,0.6471,0.0,0.0,0.0,v18_4487,0,L,corpus_expansion_5000,0.4647540629499113,1
0.0,0.0,0.0,0.4,0.1303,0.3333,0.0,0.0,v18_3238,0,H,corpus_expansion_5000,0.36103396929987586,0
0.0,0.0,0.0,0.1,0.0,0.0,0.0,0.0,v18_2974,0,H,corpus_expansion_5000,0.1133379569328199,0
0.0,0.0,0.0,0.3,0.4262,0.0,0.0,0.3478,v18_3580,0,H,corpus_expansion_5000,0.22855476165745936,0
0.0,0.0,0.0,0.25,0.0,0.0,0.0,0.0,v18_2887,1,L,corpus_expansion_5000,0.1476023763660605,0
0.0,0.0,0.0,0.95,0.0,0.0,0.0,0.0,v18_2575,1,M,corpus_expansion_5000,0.4165568777450921,0
0.0,0.0,0.0,0.95,0.0,0.0,0.0,0.4866,v18_1419,1,M,corpus_expansion_5000,0.4076543965940803,0
0.0,0.0,0.0,0.7,0.0,0.0,0.0,0.2254,v18_3907,0,H,corpus_expansion_5000,0.2973651279914681,0
0.0,0.0,0.0,1.0,0.5654,0.3333,0.0,0.0,v18_4673,0,M,corpus_expansion_5000,0.7530834018823405,1
0.0,0.0,0.0,0.05,0.0,0.3333,0.875,0.7364,v18_4902,0,M,corpus_expansion_5000,0.2813285908847708,0
0.0,0.0,0.0,0.0,0.0,0.0,0.0,0.9333,v18_1860,1,M,corpus_expansion_5000,0.08867333438792221,0
0.0,0.0,0.0,0.1,0.0,0.0,0.0,0.3012,v18_0008,0,H,new_low_w0_pany,0.1110722095740751,0
0.8,0.0,0.0,0.65,0.0,0.0,0.0,0.7364,v18_2894,1,M,corpus_expansion_5000,0.9864580400664303,1
0.0,0.0,0.925,0.2,0.0,0.0,0.0,0.0,v18_2847,1,M,corpus_expansion_5000,0.1848062794709119,0
0.0,0.0,0.0,0.0,0.7225,0.0,0.0,0.2835,v18_3664,0,M,corpus_expansion_5000,0.18280174671650304,0
0.0,0.0,0.0,0.95,0.8111,0.0,0.0,0.0,v18_0144,0,H,v17_reused,0.6324019153695057,1
0.0,0.0,0.0,0.45,0.0,0.0,1.0,0.0,v18_2104,1,M,corpus_expansion_5000,0.32438175186790896,0
0.0,0.0,0.0,0.5,0.0,0.0,0.0,0.0,v18_3143,0,H,corpus_expansion_5000,0.22311587068072297,0
0.0,0.0,0.0,0.1,0.0,0.0,0.0,0.3109,v18_0841,1,M,corpus_expansion_5000,0.11099990523577062,0
0.0,0.0,0.0,0.3,0.0,0.0,0.0,0.3942,v18_1128,1,H,corpus_expansion_5000,0.15681578847322364,0
0.0,0.0,0.0,0.8,0.0,0.0,0.0,0.6386,v18_0151,0,H,v17_reused,0.33432060092664034,0
0.0,0.0,0.0,0.2,0.3177,0.0,0.0,0.0,v18_3591,0,H,corpus_expansion_5000,0.18090296075515916,0
0.0,0.0,0.0,0.0,0.3213,0.0,0.0,0.0,v18_1052,1,M,corpus_expansion_5000,0.12885919843046614,0
0.0,0.0,0.0,0.45,0.0,0.0,0.0,0.0,v18_1590,1,M,corpus_expansion_5000,0.2060688837501653,0
0.0,0.0,0.0,0.0,0.0,0.0,0.0,0.0,v18_3008,0,H,corpus_expansion_5000,0.0945363922261271,0
0.0,0.0,0.0,0.0,0.0,0.0,0.0,0.9582,v18_2029,1,M,corpus_expansion_5000,0.08852149829508693,0
0.0,0.0,0.0,0.65,0.0,0.0,0.0,0.0,v18_3418,0,H,corpus_expansion_5000,0.28008474130873345,0
0.3,0.0,0.0,0.0,0.3084,0.3333,1.0,0.0,v18_1807,1,M,corpus_expansion_5000,0.8038940786129363,1
0.0,0.0,0.0,0.8,0.0,0.3333,0.0,0.3988,v18_2696,1,L,corpus_expansion_5000,0.5167968786685285,1
0.0,0.0,0.0,0.2,0.0,0.0,0.0,0.0,v18_3039,0,H,corpus_expansion_5000,0.1353199798207458,0
0.0,0.0,0.3596,0.9,0.0,0.0,0.0,0.7561,v18_0472,0,H,v17_reused,0.4131071123395625,0
0.0,0.0,0.0,0.35,0.0,0.0,0.0,0.0,v18_3289,0,H,corpus_expansion_5000,0.17491898592996105,0
0.3,0.2,0.2208,0.0,0.0,0.0,0.0,0.9558,v18_4074,0,M,corpus_expansion_5000,0.49348267529680373,1
0.0,0.0,0.229,0.0,0.4055,0.0,0.0,0.4611,v18_3496,0,H,corpus_expansion_5000,0.14643258345125226,0
0.0,0.0,0.0,1.0,0.3421,0.0,0.0,0.0,v18_0279,0,H,new_high_w1_pany,0.5337471655747154,1
0.0,0.0,0.0,0.95,0.0,0.3333,0.0,0.0,v18_1741,1,M,corpus_expansion_5000,0.598900906658088,1
0.0,0.0,0.0,0.0,0.3061,0.0,0.0,0.0,v18_4624,0,L,corpus_expansion_5000,0.12702041596134325,0
0.0,0.0,0.0,0.8,0.0,0.0,0.0,0.0,v18_2886,1,M,corpus_expansion_5000,0.3451374483123983,0
0.0,0.0,0.0,0.4,0.0,0.0,0.0,0.6372,v18_1941,1,M,corpus_expansion_5000,0.1827102932336691,0
0.0,0.0,0.0,0.2,0.0,0.0,0.7143,0.4545,v18_0100,0,L,v17_reused,0.19004946525341476,0
0.0,0.0,0.0,0.45,0.0,0.0,0.0,0.0,v18_2804,1,L,corpus_expansion_5000,0.2060688837501653,0
0.0,0.0,0.0,0.5,0.0,0.0,0.0,0.4606,v18_3570,0,H,corpus_expansion_5000,0.21714484267632456,0
0.0,0.0,0.6456,0.0,0.0,0.0,0.0,0.555,v18_3684,0,M,corpus_expansion_5000,0.1147905028265855,0
0.0,0.0,0.4631,0.0,0.0,0.0,0.0,0.0,v18_3661,0,M,corpus_expansion_5000,0.11165742310247344,0
0.0,0.0,0.0,0.4,0.0,0.0,0.0,0.0,v18_0530,0,H,new_mid_w1_p0,0.19000580961738978,0
0.0,0.0,0.3893,0.0,0.0,0.0,0.0,0.9449,v18_1886,1,M,corpus_expansion_5000,0.10203219586822919,0
0.0,0.0,0.0,0.6,0.0,0.0,0.0,0.4606,v18_0681,0,H,v17_reused,0.25350400373762855,0
0.0,0.0,0.0,0.2,0.0,1.0,0.0,0.3696,v18_3794,0,H,corpus_expansion_5000,0.5820094274292109,1
0.5,0.0,0.0,0.8,0.0,0.0,0.0,0.0,v18_3944,0,M,corpus_expansion_5000,0.9348993733286842,1
0.0,0.0,0.0,0.3,0.6142,0.0,0.0,0.5136,v18_4666,0,M,corpus_expansion_5000,0.26402233713685125,0
0.0,0.0,0.0,1.0,0.4305,0.3333,0.0,0.0,v18_2018,1,M,corpus_expansion_5000,0.7248914332212644,1
0.0,0.0,0.0,0.85,0.0,0.0,0.0,0.0,v18_1096,1,M,corpus_expansion_5000,0.36835127139997426,0
0.0,0.0,0.0,0.0,0.0,0.0,0.75,0.7107,v18_0829,1,M,corpus_expansion_5000,0.13565901974712083,0
0.0,0.0,0.0,0.4,0.2778,0.0,0.0,0.0,v18_2805,1,M,corpus_expansion_5000,0.240715711470191,0
0.0,0.0,0.0,0.1,0.0,0.3333,0.0,0.0,v18_3829,0,M,corpus_expansion_5000,0.21093841116397974,0
0.0,0.0,0.0,0.5,0.313,0.0,0.0,0.4414,v18_4381,0,M,corpus_expansion_5000,0.28058659899601207,0
0.0,0.0,0.0,0.6,0.2197,0.0,0.6667,0.0,v18_3891,0,M,corpus_expansion_5000,0.4020482029988911,0
0.0,0.0,0.0,0.55,0.0,0.3333,0.0,0.4866,v18_0764,0,H,v17_reused,0.3904672205704019,0
0.0,0.0,0.0,0.3,0.0,0.0,0.0,0.819,v18_2767,1,M,corpus_expansion_5000,0.15262062134482607,0
0.0,0.0,0.0,0.9,0.3225,0.0,0.8333,0.0,v18_4328,0,M,corpus_expansion_5000,0.604467578533495,1
0.0,0.0,0.0,0.2,0.2299,0.0,0.0,0.3365,v18_3295,0,H,corpus_expansion_5000,0.16371354546707997,0
0.0,0.0,0.5337,0.0,0.0813,0.3333,0.0,0.6828,v18_2194,1,M,corpus_expansion_5000,0.21904579484767414,0
0.0,0.0,0.6191,0.2,0.0,0.0,0.0,0.5339,v18_2357,1,L,corpus_expansion_5000,0.1615155709190323,0
0.0,0.0,0.0,0.0,0.0,0.0,0.0,0.4036,v18_3425,0,H,corpus_expansion_5000,0.09195948774641224,0
0.0,0.0,0.0,0.5,0.0,0.0,0.0,0.3666,v18_3979,0,M,corpus_expansion_5000,0.21835397631678222,0
0.0,0.0,0.0,0.0,0.0,0.0,0.0,0.0,v18_0911,1,H,corpus_expansion_5000,0.0945363922261271,0
0.0,0.0,0.5654,0.7,0.0,0.0,0.0,0.0,v18_3145,0,H,corpus_expansion_5000,0.3506169306401404,0
0.3,0.0,0.0,0.0,0.0,0.0,0.0,0.7317,v18_0999,1,H,corpus_expansion_5000,0.417820826281156,1
0.0,0.0,0.2975,0.0,0.2975,0.6667,0.0,0.0,v18_3653,0,M,corpus_expansion_5000,0.41535974476147886,0
0.0,0.0,0.7171,0.2,0.0,0.0,0.0,0.0,v18_2483,1,M,corpus_expansion_5000,0.17258558414266226,0
0.0,0.0,0.0,0.3,0.0,0.0,0.6667,0.0,v18_4076,0,M,corpus_expansion_5000,0.22404081870056092,0
0.0,0.0,0.0,0.2,0.0,0.0,0.0,0.0,v18_2370,1,M,corpus_expansion_5000,0.1353199798207458,0
0.0,0.0,0.5654,1.0,0.0,0.0,0.0,0.7364,v18_4838,0,L,corpus_expansion_5000,0.483800206305103,1
0.0,0.0,0.0,0.2,0.0,0.0,0.0,0.8302,v18_0033,0,H,new_low_w0_pany,0.12815049595676847,0
0.0,0.15,0.0,0.1,0.3354,0.0,0.0,0.0,v18_3789,0,H,corpus_expansion_5000,0.17978036130072836,0
0.3,0.0,0.103,0.1,0.1953,0.3333,0.0,0.7701,v18_1020,1,H,corpus_expansion_5000,0.7023649664307383,1
0.0,0.0,0.0,0.5,0.0,0.0,0.0,0.0,v18_1647,1,M,corpus_expansion_5000,0.22311587068072297,0
0.3,0.0,0.0,0.2,0.0,0.0,0.0,0.0,v18_0733,1,H,new_mid_w1_p1,0.5320248714922053,1
0.0,0.0,0.0,0.1,0.2975,0.0,0.0,0.421,v18_4582,0,M,corpus_expansion_5000,0.14600190044024794,0
0.0,0.0,0.0,0.4,0.3596,0.0,0.0,0.0,v18_3274,0,H,corpus_expansion_5000,0.25729691798980925,0
0.3,0.0,0.0,0.3,0.3118,0.0,0.0,0.0,v18_1620,1,M,corpus_expansion_5000,0.6612177885877424,1
0.0,0.0,0.0,0.3,0.0,0.0,0.0,0.6347,v18_3135,0,H,corpus_expansion_5000,0.1544292885021414,0
0.0,0.0,0.0,0.3,0.18,0.3333,0.0,0.5419,v18_2689,1,M,corpus_expansion_5000,0.318584252249026,0
0.0,0.0,0.0,0.2,0.2331,0.0,0.0,0.1886,v18_2707,1,M,corpus_expansion_5000,0.1657276228564136,0
0.0,0.0,0.0,0.3,0.0,0.0,0.0,0.3012,v18_0297,0,H,v17_reused,0.15774665169515273,0
0.0,0.0,0.0,0.9,0.6807,0.3333,0.0,0.0,v18_2339,1,M,corpus_expansion_5000,0.7384195570193581,1
0.0,0.0,0.0,0.35,0.0,0.3333,1.0,0.8647,v18_0653,0,L,new_low_w0_pany,0.4344869440240335,1
0.0,0.0,0.0,0.45,0.0,0.0,0.6667,0.7364,v18_3774,0,M,corpus_expansion_5000,0.27005891901883106,0
0.0,0.0,0.0,0.0,0.0,0.0,0.0,0.0,v18_1255,1,M,corpus_expansion_5000,0.0945363922261271,0
0.0,0.0,0.0,0.0,0.0,0.3333,0.0,0.0,v18_4520,0,H,corpus_expansion_5000,0.17921858498670093,0
0.0,0.0,0.0,0.4,0.0,0.0,0.8333,0.3012,v18_0230,0,H,new_mid_w1_p0,0.27684361102519256,0
0.0,0.0,0.0,0.4,0.0,0.0,0.0,0.0,v18_3276,0,H,corpus_expansion_5000,0.19000580961738978,0
0.0,0.0,0.0,0.0,0.0,0.0,0.0,0.0,v18_3230,0,H,corpus_expansion_5000,0.0945363922261271,0
0.0,0.0,0.0,0.0,0.0,0.0,0.0,0.0,v18_0691,0,H,new_mid_w1_p0,0.0945363922261271,0
0.0,0.0,0.0,0.2,0.7564,0.0,0.75,0.4184,v18_2754,1,M,corpus_expansion_5000,0.35323362466552505,0
0.0,0.0,0.0,0.0,0.1582,0.0,0.0,0.0,v18_4863,0,L,corpus_expansion_5000,0.11027558247680477,0
0.3,0.0,0.0,0.0,0.0,1.0,0.0,0.0,v18_0969,1,M,corpus_expansion_5000,0.8740427086864251,1
0.0,0.0,0.0,0.5,0.0,0.0,0.0,0.3012,v18_0633,1,H,new_high_w1_pany,0.2191980824803497,0
0.0,0.0,0.0,1.0,0.0,0.0,0.0,0.0,v18_4092,0,M,corpus_expansion_5000,0.4413369854724032,1
0.0,0.0,0.0,0.6,0.7702,0.3333,0.0,0.0,v18_4077,0,M,corpus_expansion_5000,0.6289455705684073,1
0.0,0.0,0.0,0.2,0.5006,0.0,0.0,0.8836,v18_1321,1,M,corpus_expansion_5000,0.2012252755330367,0
0.0,0.0,0.0,0.25,0.0,0.0,0.0,0.0,v18_1831,1,M,corpus_expansion_5000,0.1476023763660605,0
0.3,0.2,0.2418,0.9,0.0,0.6667,0.0,0.0,v18_2178,1,L,corpus_expansion_5000,0.9661610667374291,1
0.0,0.0,0.4305,0.9,0.0,0.0,0.0,0.0,v18_1417,1,M,corpus_expansion_5000,0.43397997012125694,1
0.0,0.0,0.0,0.2,0.3147,0.0,0.0,0.9938,v18_1782,1,M,corpus_expansion_5000,0.16958893071166353,0
0.0,0.0,0.0,0.0,0.0,0.3333,0.0,0.0,v18_4715,0,M,corpus_expansion_5000,0.17921858498670093,0
0.0,0.0,0.0,0.6,0.2566,0.0,0.0,0.0,v18_4701,0,M,corpus_expansion_5000,0.3171281052962109,0
0.0,0.0,0.0,0.9,0.0,0.0,0.0,0.0,v18_4118,0,M,corpus_expansion_5000,0.3921913672632442,0
0.0,0.0,0.5125,0.1,0.0,0.0,0.0,0.4184,v18_1652,1,M,corpus_expansion_5000,0.1320041228079202,0
0.0,0.0,0.6825,0.0,0.0,0.3333,0.0,0.564,v18_1483,1,M,corpus_expansion_5000,0.2157174811654512,0
0.0,0.0,0.0,0.3,0.0,0.0,0.0,0.0,v18_2275,1,M,corpus_expansion_5000,0.16079228470839807,0
0.0,0.0,0.0,0.35,0.0,0.0,1.0,0.0,v18_0877,1,M,corpus_expansion_5000,0.2816929299102863,0
0.0,0.0,0.0,0.6,0.0,0.0,0.0,0.0,v18_3525,0,H,corpus_expansion_5000,0.2601425988962303,0
0.0,0.0,0.2733,0.0,0.0,0.0,0.0,0.0,v18_2016,1,M,corpus_expansion_5000,0.10433448998783841,0
0.0,0.0,0.0,0.7,0.0,0.0,0.0,0.3308,v18_0426,0,L,new_low_w0_pany,0.2957047666230488,0
0.0,0.0,0.0,1.0,0.0,0.3333,0.0,0.2742,v18_0626,0,H,new_mid_w0_p0,0.6180706475111907,1
0.0,0.0,0.0,0.2,0.0,0.0,0.0,0.5841,v18_1589,1,M,corpus_expansion_5000,0.13024131768998384,0
0.0,0.0,0.0,0.0,0.0,0.3333,0.0,0.8384,v18_2223,1,M,corpus_expansion_5000,0.17009360152742464,0
0.0,0.0,0.0,0.0,0.0957,0.0,0.0,0.9021,v18_2217,1,M,corpus_expansion_5000,0.09763169782133935,0
0.0,0.0,0.2377,0.8,0.0,0.0,0.0,0.0,v18_4483,0,M,corpus_expansion_5000,0.3669674878685744,0
0.0,0.0,0.0,0.0,0.0,0.3333,0.0,0.0,v18_1485,1,M,corpus_expansion_5000,0.17921858498670093,0
0.0,0.0,0.0,0.1,0.0,0.0,0.0,0.2188,v18_1739,1,M,corpus_expansion_5000,0.11168808728458388,0
0.0,0.0,0.0,0.75,0.0,0.0,0.0,0.0,v18_2480,1,L,corpus_expansion_5000,0.32263931900913917,0
0.0,0.0,0.0,0.35,0.0,0.0,0.0,0.0,v18_2584,1,M,corpus_expansion_5000,0.17491898592996105,0
0.0,0.0,0.0,0.2,0.0,0.0,1.0,0.6863,v18_2893,1,L,corpus_expansion_5000,0.21560485737142204,0
0.5,0.2,0.0,0.7,0.0,0.0,0.6667,0.9509,v18_0149,0,H,new_mid_w0_p0,0.9541091101732422,1
0.0,0.0,0.0,0.5,0.0,0.0,0.8,0.9842,v18_0676,0,H,new_mid_w1_p0,0.30367456718167113,0
0.0,0.0,0.0,0.1,0.2468,1.0,0.0,0.1999,v18_1261,1,H,corpus_expansion_5000,0.6008650213927951,1
0.0,0.0,0.0,0.05,0.8183,0.3333,0.0,0.0,v18_4917,0,L,corpus_expansion_5000,0.3697711562818303,0
0.0,0.0,0.0,0.9,0.3722,0.3333,0.0,0.0,v18_0012,0,H,new_low_w0_pany,0.6689124091320986,1
0.0,0.0,0.0,0.4,0.0,0.0,0.0,0.0,v18_1833,1,M,corpus_expansion_5000,0.19000580961738978,0
0.0,0.0,0.0,0.7,0.3189,0.0,0.0,0.0,v18_3248,0,H,corpus_expansion_5000,0.3782274956657841,0
0.0,0.0,0.0,0.0,0.1531,0.3333,0.0,0.5485,v18_1491,1,M,corpus_expansion_5000,0.1982817053282624,0
0.0,0.0,0.0,0.45,0.0,0.0,0.0,0.0,v18_2727,1,L,corpus_expansion_5000,0.2060688837501653,0
0.0,0.0,0.0,0.1,0.0,0.0,0.7143,0.0,v18_3686,0,M,corpus_expansion_5000,0.16551695481783088,0
0.0,0.0,0.0,0.2,0.0,0.0,0.0,0.6728,v18_1424,1,H,corpus_expansion_5000,0.12948441562258925,0
0.0,0.0,0.0,0.4,0.0,0.0,0.0,0.9305,v18_4605,0,L,corpus_expansion_5000,0.17942604086692265,0
0.0,0.0,0.4732,0.9,0.1924,0.6667,0.0,0.0,v18_4595,0,M,corpus_expansion_5000,0.807824604596157,1
0.0,0.0,0.3581,0.7,0.3581,0.3333,0.0,0.0,v18_0731,0,H,new_mid_w1_p0,0.6050875542307014,1
0.0,0.0,0.0,0.85,0.0,0.0,0.0,0.4866,v18_1231,1,M,corpus_expansion_5000,0.359843617042447,0
0.0,0.0,0.0,0.2,0.0,0.0,0.0,0.7312,v18_1634,1,M,corpus_expansion_5000,0.1289881187076336,0
0.0,0.0,0.0,1.0,0.0,0.0,0.0,0.4866,v18_3936,0,M,corpus_expansion_5000,0.4322973095567889,1
0.0,0.0,0.0,0.8,0.0,0.3333,0.0,0.9138,v18_1210,1,M,corpus_expansion_5000,0.5070799207074337,1
0.0,0.0,0.0,0.0,0.0,0.0,0.0,0.2776,v18_3268,0,H,corpus_expansion_5000,0.09275712042334121,0
0.0,0.0,0.1608,0.1,0.0,0.0,0.0,0.1302,v18_1934,1,M,corpus_expansion_5000,0.11894091489323234,0
0.0,0.0,0.0,0.7,0.0,0.0,0.0,0.7708,v18_0553,1,H,new_mid_w1_p1,0.2888319872842888,0
0.0,0.0,0.0,0.3,0.0,0.0,0.8,0.0,v18_0491,1,H,new_high_w1_pany,0.23861611801745986,0
0.0,0.0,0.0,0.5,0.2677,0.0,0.0,0.0,v18_2962,0,H,corpus_expansion_5000,0.27741140413091364,0
0.0,0.0,0.0,0.45,0.0,0.0,1.0,0.0,v18_2329,1,M,corpus_expansion_5000,0.32438175186790896,0
0.3,0.0,0.0,0.6,0.0,0.0,0.0,0.9023,v18_2195,1,L,corpus_expansion_5000,0.7046678576890092,1
0.0,0.0,0.0,0.4,0.0,0.3333,0.0,0.1678,v18_3064,0,H,corpus_expansion_5000,0.3263297062015264,0
0.0,0.0,0.0,0.75,0.0,0.0,0.0,0.9643,v18_0657,0,H,new_mid_w1_p0,0.3069345615264783,0
0.0,0.0,0.0,0.0,0.0,0.3333,0.0,0.3864,v18_2374,1,M,corpus_expansion_5000,0.1749663684090651,0
0.0,0.0,0.0,0.2,0.0,0.0,0.0,0.6013,v18_2225,1,M,corpus_expansion_5000,0.13009425183043644,0
0.0,0.0,0.0,0.7,0.0,0.0,0.0,0.0,v18_4264,0,M,corpus_expansion_5000,0.30093381222399707,0
0.0,0.0,0.0,0.95,0.0,0.0,0.0,0.4866,v18_1170,1,M,corpus_expansion_5000,0.4076543965940803,0
0.0,0.0,0.0,0.0,0.0,0.0,0.0,0.5252,v18_0132,0,H,v17_reused,0.09119555960569434,0
0.0,0.0,0.0,0.4,0.0,0.0,0.0,0.0,v18_0471,0,H,new_low_w0_pany,0.19000580961738978,0
0.0,0.0,0.0,0.7,0.0,0.0,0.0,0.0,v18_3225,0,H,corpus_expansion_5000,0.30093381222399707,0
0.0,0.0,0.0,0.0,0.3722,0.0,0.0,0.0,v18_1405,1,M,corpus_expansion_5000,0.13518241857686253,0
0.0,0.0,0.0,0.55,0.0,0.0,0.0,0.4866,v18_2876,1,M,corpus_expansion_5000,0.2344844413536289,0
0.0,0.0,0.0,0.5,0.0,0.3333,0.0,0.0,v18_4504,0,M,corpus_expansion_5000,0.3752431354790696,0
0.0,0.0,0.0,0.6,0.3611,0.0,0.0,0.0,v18_4692,0,M,corpus_expansion_5000,0.34215752188393733,0
0.3,0.0,0.0,0.6,0.0,0.0,0.0,0.0,v18_2826,1,L,corpus_expansion_5000,0.7186479536377646,1
0.0,0.0,0.0,0.0,0.0,0.0,0.0,0.5587,v18_0287,0,H,v17_reused,0.09098610773196691,0
0.3,0.0,0.0,0.3,0.0,0.6667,0.0,0.0,v18_1869,1,M,corpus_expansion_5000,0.8589373779514321,1
0.0,0.0,0.0,0.7,0.0,0.3333,0.0,0.0,v18_3114,0,H,corpus_expansion_5000,0.4737632500619631,1
0.0,0.0,0.0,0.1,0.0,0.0,0.0,0.9827,v18_3625,0,M,corpus_expansion_5000,0.10609161458771768,0
0.0,0.0,0.0,0.0,0.0,0.0,0.0,0.5669,v18_2312,1,L,corpus_expansion_5000,0.09093490490734064,0
0.0,0.0,0.0,0.3,0.0,0.0,0.0,0.0,v18_4923,0,L,corpus_expansion_5000,0.16079228470839807,0
0.3,0.0,0.0,0.0,0.3073,0.0,0.0,0.0,v18_1618,1,M,corpus_expansion_5000,0.5141784998606367,1
0.0,0.0,0.0,0.0,0.0,0.0,0.0,0.0,v18_0994,1,M,corpus_expansion_5000,0.0945363922261271,0
0.0,0.0,0.9612,0.0,0.0,0.0,0.0,0.14,v18_1803,1,M,corpus_expansion_5000,0.13182346395951008,0
0.0,0.0,0.0,0.3,0.4839,0.0,0.0,0.0,v18_2642,1,L,corpus_expansion_5000,0.24459280268009026,0
0.0,0.0,0.0,0.7,0.0,0.3333,0.0,0.2574,v18_4802,0,M,corpus_expansion_5000,0.4689197373327512,1
0.0,0.0,0.0,0.9,0.0,0.0,0.0,0.0,v18_3535,0,H,corpus_expansion_5000,0.3921913672632442,0
0.0,0.0,0.0,0.5,0.0,0.0,0.6667,0.0,v18_4831,0,M,corpus_expansion_5000,0.3020559329753028,0
0.0,0.0,0.0,0.1,0.0,0.0,0.0,0.0,v18_3911,0,M,corpus_expansion_5000,0.1133379569328199,0
0.0,0.0,0.0,1.0,0.0,0.0,0.0,0.0,v18_2107,1,L,corpus_expansion_5000,0.4413369854724032,1
0.0,0.0,0.0,0.8,0.0,0.3333,0.0,0.5654,v18_3044,0,H,corpus_expansion_5000,0.5136545245604056,1
0.0,0.0,0.0,0.2,0.0,1.0,0.0,0.6832,v18_0416,0,H,v17_reused,0.5762372327688405,1
0.3,0.0,0.3165,0.1,0.0,0.0,0.0,0.9791,v18_0977,1,M,corpus_expansion_5000,0.4946924945346076,1
0.0,0.0,0.0,0.9,0.0,0.0,0.0,0.7308,v18_2417,1,M,corpus_expansion_5000,0.3791169584791765,0
0.0,0.0,0.0,0.4,0.0,0.0,0.0,0.0,v18_0505,1,M,v17_reused,0.19000580961738978,0
0.0,0.0,0.0,0.0,0.0,0.0,0.0,0.0,v18_4152,0,M,corpus_expansion_5000,0.0945363922261271,0
0.0,0.0,0.0,0.7,0.5217,0.0,0.0,0.0,v18_4255,0,M,corpus_expansion_5000,0.43114365613316713,1
0.0,0.0,0.0,0.0,0.0,0.0,0.0,0.2545,v18_3941,0,M,corpus_expansion_5000,0.09290402515698817,0
0.0,0.0,0.0,0.0,0.0,0.0,0.0,0.3607,v18_0414,0,H,new_mid_w1_p0,0.09223036816959922,0
0.0,0.0,0.0,0.45,0.0,0.0,0.0,0.4866,v18_4148,0,M,corpus_expansion_5000,0.2001218854158135,0
0.3,0.0,0.0,0.0,0.5175,0.0,0.6667,0.1753,v18_1183,1,H,corpus_expansion_5000,0.6640688950921171,1
0.3,0.2,0.0,0.8,0.7924,0.6667,0.0,0.0,v18_0485,0,H,new_low_w0_pany,0.9803850279112651,1
0.0,0.0,0.0,0.85,0.0,0.0,0.0,0.0,v18_0893,1,M,corpus_expansion_5000,0.36835127139997426,0
0.0,0.0,0.0,0.0,0.0,0.0,0.0,0.4809,v18_0805,1,M,corpus_expansion_5000,0.09147320230911851,0
0.0,0.0,0.0,1.0,0.0,0.0,0.6667,0.0,v18_0555,0,H,v17_reused,0.5434738198858534,1
0.0,0.0,0.0,0.7,0.0,0.0,0.0,0.0,v18_3825,0,M,corpus_expansion_5000,0.30093381222399707,0
0.0,0.0,0.276,0.0,0.0,0.3333,0.0,0.3988,v18_1197,1,H,corpus_expansion_5000,0.19136147003885842,0
0.0,0.0,0.0,0.5,0.0,0.0,0.0,0.0,v18_4253,0,M,corpus_expansion_5000,0.22311587068072297,0
0.0,0.0,0.0,0.2,0.0,0.0,0.0,0.6159,v18_4058,0,M,corpus_expansion_5000,0.12996952769818473,0
0.0,0.0,0.0,0.45,0.0,0.0,0.0,0.0,v18_1293,1,H,corpus_expansion_5000,0.2060688837501653,0
0.0,0.0,0.6708,0.5,0.0,0.3333,0.0,0.4385,v18_2221,1,M,corpus_expansion_5000,0.43188913056218264,1
0.0,0.0,0.0,0.1,0.0988,0.0,0.0,0.1519,v18_3504,0,H,corpus_expansion_5000,0.12331193880819563,0
0.0,0.0,0.0,0.9,0.0,0.0,0.0,0.8442,v18_3654,0,H,corpus_expansion_5000,0.37710328745049354,0
0.0,0.0,0.0,0.9,0.0,0.3333,1.0,0.0,v18_4758,0,M,corpus_expansion_5000,0.7139774023952976,1
0.0,0.0,0.0,0.7,0.3706,0.0,0.0,0.4201,v18_3006,0,H,corpus_expansion_5000,0.38396654254337,0
0.0,0.0,0.0,0.1,0.2364,0.0,0.0,0.5723,v18_2093,1,M,corpus_expansion_5000,0.13658073296963624,0
0.3,0.0,0.0,0.5,0.0,0.0,0.0,0.0,v18_2187,1,M,corpus_expansion_5000,0.6759874883291183,1
0.0,0.0,0.0,0.2,0.4893,0.0,0.0,0.0,v18_3036,0,H,corpus_expansion_5000,0.2101237771501361,0
0.0,0.0,0.0,0.9,0.344,0.3333,0.0,0.0,v18_3918,0,M,corpus_expansion_5000,0.6621060124805465,1
0.0,0.0,0.0,0.2,0.0,0.3333,0.6667,0.0,v18_1272,1,M,corpus_expansion_5000,0.3302991176393585,0
0.0,0.0,0.0,0.5,0.0,0.0,0.0,0.2959,v18_0290,0,H,new_high_w1_pany,0.21926659134255183,0
0.0,0.0,0.0,0.0,0.0,0.0,0.0,0.0,v18_4827,0,M,corpus_expansion_5000,0.0945363922261271,0
0.0,0.0,0.0,0.2,0.3566,0.0,0.0,0.0,v18_0252,0,H,v17_reused,0.18723715531487556,0
0.0,0.0,0.0,0.0,0.0,0.0,0.0,0.1963,v18_3245,0,H,corpus_expansion_5000,0.09327507500397392,0
0.0,0.0,0.3755,0.6,0.0,0.0,0.0,0.9822,v18_0350,0,H,new_mid_w0_p0,0.27508847495341626,0
0.0,0.0,0.0,0.0,0.0,0.0,0.0,0.5913,v18_1187,1,M,corpus_expansion_5000,0.09078269864042326,0
0.3,0.0,0.0,0.8,0.7535,0.0,0.0,0.4262,v18_1961,1,M,corpus_expansion_5000,0.8935311633689003,1
0.0,0.0,0.0,0.9,0.0,0.9167,0.0,0.6728,v18_0422,0,H,v17_reused,0.8235142348680504,1
0.0,0.0,0.0,0.7,0.0,1.0,0.0,0.0,v18_0090,0,H,new_mid_w0_p0,0.797509549022906,1
0.0,0.0,0.0,0.95,0.0,0.0,0.0,0.4866,v18_3729,0,M,corpus_expansion_5000,0.4076543965940803,0
0.0,0.0,0.0,0.0,0.0,0.0,0.8,0.7157,v18_2236,1,M,corpus_expansion_5000,0.13926040150139987,0
0.0,0.0,0.0,0.7,0.0,0.0,0.0,0.0,v18_0670,1,H,new_high_w1_pany,0.30093381222399707,0
0.0,0.0,0.0,0.0,0.6321,0.0,0.0,0.0,v18_3040,0,H,corpus_expansion_5000,0.1716342107843224,0
0.0,0.0,0.0,0.3,0.0,0.0,0.0,0.9824,v18_0026,0,H,v17_reused,0.1510316190831202,0
0.0,0.0,0.0,0.7,0.0,0.0,0.0,0.9075,v18_0429,1,H,new_high_w1_pany,0.2867161565183974,0
0.0,0.0,0.0,0.2,0.0,0.0,0.0,0.0,v18_0683,0,H,v17_reused,0.1353199798207458,0
0.0,0.0,0.0,0.2,0.0,0.0,0.0,0.2443,v18_4463,0,L,corpus_expansion_5000,0.13317580135655938,0
0.0,0.0,0.0,0.95,0.0,0.0,0.8,0.4866,v18_3945,0,M,corpus_expansion_5000,0.5295636643669325,1
0.0,0.0,0.0,1.0,0.0,0.0,0.0,0.0,v18_3523,0,H,corpus_expansion_5000,0.4413369854724032,1
0.0,0.0,0.0,0.3,0.4656,0.6667,0.0,0.7702,v18_1541,1,M,corpus_expansion_5000,0.5671363461189338,1
0.0,0.0,0.0,0.6,0.4668,0.0,0.0,0.8247,v18_2031,1,L,corpus_expansion_5000,0.3540315113521409,0
0.0,0.0,0.0,0.25,0.0,0.0,1.0,0.0,v18_2232,1,M,corpus_expansion_5000,0.24260468455107928,0
0.0,0.15,0.0,0.8,0.0,0.0,0.0,0.0,v18_4120,0,M,corpus_expansion_5000,0.3858249094937707,0
0.0,0.0,0.0,0.25,0.0,0.0,0.0,0.0,v18_3235,0,H,corpus_expansion_5000,0.1476023763660605,0
0.0,0.0,0.0,1.0,0.0,0.0,0.0,0.0,v18_0254,0,H,new_low_w0_pany,0.4413369854724032,1
0.0,0.0,0.3421,0.7,0.0,0.3333,0.0,0.7277,v18_1029,1,H,corpus_expansion_5000,0.4942664057230253,1
0.0,0.0,0.4021,0.5,0.0,0.0,0.0,0.0,v18_4392,0,L,corpus_expansion_5000,0.2522780573348353,0
0.0,0.0,0.0,0.0,0.6403,0.0,0.0,0.0,v18_3800,0,M,corpus_expansion_5000,0.17290200258106314,0
0.0,0.0,0.0,0.5,0.7082,0.6667,0.75,0.2753,v18_4310,0,M,corpus_expansion_5000,0.8079354490696222,1
0.0,0.0,0.0,0.6,0.0,0.3333,0.0,0.3875,v18_2509,1,M,corpus_expansion_5000,0.4166164732552727,0
0.0,0.0,0.0,0.0,0.4338,0.0,0.6667,0.0,v18_2292,1,L,corpus_expansion_5000,0.20116504675408792,0
0.0,0.0,0.0,0.1,0.0,0.3333,0.0,0.4167,v18_1323,1,H,corpus_expansion_5000,0.20574842186859335,0
0.3,0.0,0.0,0.5,0.0,0.0,0.0,0.0,v18_1550,1,M,corpus_expansion_5000,0.6759874883291183,1
0.0,0.0,0.0,0.0,0.0,0.0,0.0,0.1941,v18_4647,0,M,corpus_expansion_5000,0.09328912698792269,0
0.3,0.0,0.0,1.0,0.0,0.3333,0.6667,0.0,v18_0315,0,H,new_mid_w1_p0,0.94760564133167,1
0.3,0.0,0.0,0.0,0.2124,0.0,0.0,0.7793,v18_1242,1,M,corpus_expansion_5000,0.4737692901311317,1
0.0,0.0,0.0,0.4,0.0,0.0,0.6667,0.0,v18_2450,1,M,corpus_expansion_5000,0.26116944252095853,0
0.0,0.0,0.0,0.55,0.0,0.0,1.0,0.4866,v18_1578,1,M,corpus_expansion_5000,0.36167968966794356,0
0.0,0.0,0.0,0.0,0.0,0.0,0.0,0.2269,v18_4625,0,L,corpus_expansion_5000,0.0930798214876687,0
0.0,0.0,0.0,0.9,0.0,0.0,0.0,0.0,v18_3116,0,H,corpus_expansion_5000,0.3921913672632442,0
0.0,0.0,0.0,0.0,0.0,0.0,0.0,0.7597,v18_0069,0,H,v17_reused,0.08973846597076911,0
0.0,0.0,0.0,0.3,0.0,0.3333,0.0,0.3965,v18_0859,1,M,corpus_expansion_5000,0.27999714913688867,0
0.3,0.0,0.0,0.8,0.3084,0.0,0.0,0.0,v18_2753,1,L,corpus_expansion_5000,0.8424938036840298,1
0.0,0.0,0.0,0.2,0.0,0.3333,0.0,0.885,v18_1632,1,M,corpus_expansion_5000,0.23438071826996126,0
0.0,0.0,0.0,0.1,0.0,0.0,0.8,0.7435,v18_1650,1,M,corpus_expansion_5000,0.1650431120373858,0
0.5,0.0,0.0,0.0,0.0,0.0,0.0,0.0,v18_3860,0,M,corpus_expansion_5000,0.7399146765263992,1
0.0,0.0,0.0,0.2,0.0,0.0,0.0,0.0,v18_3106,0,H,corpus_expansion_5000,0.1353199798207458,0
0.0,0.0,0.0,0.3,0.6052,0.0,0.0,0.3853,v18_1074,1,M,corpus_expansion_5000,0.26400879590175635,0
0.0,0.0,0.9922,0.9,0.0,0.0,0.0,0.9957,v18_4001,0,M,corpus_expansion_5000,0.4710874999268012,1
0.0,0.0,0.0,0.6,0.5879,0.0,0.0,0.0,v18_0787,0,H,v17_reused,0.39944461489012417,0
0.0,0.0,0.0,0.0,0.0,0.0,0.0,0.0,v18_2605,1,M,corpus_expansion_5000,0.0945363922261271,0
0.0,0.0,0.0,0.6,0.0,0.6667,0.0,0.2811,v18_3630,0,M,corpus_expansion_5000,0.600941415406987,1
0.0,0.0,0.0,0.1,0.0,0.0,0.0,0.0,v18_2121,1,M,corpus_expansion_5000,0.1133379569328199,0
0.3,0.0,0.0,0.4,0.0,0.0,0.0,0.8451,v18_1874,1,M,corpus_expansion_5000,0.6151945341354638,1
0.0,0.0,0.4416,0.0,0.0,0.0,0.0,0.5988,v18_0811,1,H,corpus_expansion_5000,0.10642825976039282,0
0.0,0.0,0.0,0.95,0.5654,0.0,0.0,0.4866,v18_0387,0,H,new_low_w0_pany,0.5595610983038893,1
0.0,0.0,0.4949,0.0,0.0,0.3333,0.0,0.948,v18_2882,1,M,corpus_expansion_5000,0.1986171255102997,0
0.0,0.0,0.0,0.2,0.0,0.0,0.0,0.0,v18_1175,1,M,corpus_expansion_5000,0.1353199798207458,0
0.0,0.0,0.0,0.2,0.0,0.0,0.0,0.3942,v18_3197,0,H,corpus_expansion_5000,0.13187443922208547,0
0.0,0.0,0.0,0.3,0.0,0.0,0.0,0.0,v18_2623,1,M,corpus_expansion_5000,0.16079228470839807,0
0.0,0.0,0.0,0.1,0.0,0.0,0.0,0.9562,v18_1351,1,H,corpus_expansion_5000,0.10628155034843093,0
0.0,0.0,0.0,0.5,0.3706,0.3333,0.0,0.0,v18_0410,0,H,new_mid_w1_p0,0.4730375590610485,1
0.0,0.0,0.0,0.8,0.0,0.6667,0.0,0.0,v18_4212,0,M,corpus_expansion_5000,0.6974874866511146,1
0.0,0.0,0.0,0.2,0.0,0.0,0.0,0.6212,v18_0109,1,H,new_high_w1_pany,0.12992427629918116,0
0.0,0.0,0.0,0.7,0.0,0.0,0.0,0.0,v18_4995,0,L,corpus_expansion_5000,0.30093381222399707,0
0.0,0.0,0.0,0.0,0.5938,0.0,0.0,0.0,v18_3429,0,H,corpus_expansion_5000,0.16581019963743934,0
0.0,0.0,0.4935,0.2,0.0,0.0,0.0,0.911,v18_2809,1,L,corpus_expansion_5000,0.15112645034169045,0
0.0,0.0,0.0,0.0,0.0,0.0,0.0,0.0,v18_2594,1,M,corpus_expansion_5000,0.0945363922261271,0
0.3,0.0,0.1561,0.2,0.1561,1.0,0.0,0.0,v18_2836,1,M,corpus_expansion_5000,0.9291515283674485,1
0.0,0.0,0.0,0.0,0.0,0.0,0.0,0.7942,v18_2372,1,M,corpus_expansion_5000,0.08952587530964584,0
0.0,0.0,0.1893,0.0,0.0,0.0,0.0,0.5618,v18_1235,1,H,corpus_expansion_5000,0.09743590565070519,0
0.0,0.0,0.0,1.0,0.0,1.0,0.0,0.0,v18_2146,1,M,corpus_expansion_5000,0.8784590901281101,1
0.3,0.2,0.0,1.0,0.0,0.0,0.0,0.0,v18_4975,0,L,corpus_expansion_5000,0.8788270942950884,1
0.0,0.0,0.0,0.65,0.0,0.5833,0.0,0.0,v18_0599,0,H,v17_reused,0.585934620887289,1
0.0,0.0,0.0,0.1,0.0,0.0,0.0,0.4849,v18_1434,1,M,corpus_expansion_5000,0.10970988154296069,0
0.0,0.0,0.0,0.6,0.0,0.0,0.0,0.7561,v18_4996,0,M,corpus_expansion_5000,0.24930434519663175,0
0.0,0.0,0.0,0.4,0.0,0.0,0.0,0.3081,v18_0538,0,H,v17_reused,0.18645077074759014,0
0.0,0.0,0.0,0.8,0.0,0.0,0.0,0.3053,v18_0721,1,H,new_mid_w1_p1,0.33994530720946375,0
0.0,0.0,0.4656,0.2,0.4656,0.0,0.0,0.6116,v18_4410,0,L,corpus_expansion_5000,0.2297857772212057,0
0.0,0.0,0.0,0.35,0.0,0.0,0.0,0.9287,v18_1872,1,M,corpus_expansion_5000,0.1650268686754828,0
0.0,0.0,0.0,0.3,0.0,0.0,0.0,0.6832,v18_2845,1,M,corpus_expansion_5000,0.15395163168160053,0
0.0,0.0,0.0,0.0,0.0,0.3333,0.0,0.2391,v18_2053,1,M,corpus_expansion_5000,0.17657791179646498,0
0.0,0.15,0.0,0.0,0.2614,0.0,0.0,0.3757,v18_2907,0,H,corpus_expansion_5000,0.13837925060607495,0
0.0,0.0,0.0,0.1,0.2751,0.0,0.0,0.0,v18_2254,1,L,corpus_expansion_5000,0.14694012488252536,0
0.0,0.0,0.0,0.75,0.0,0.0,0.0,0.0,v18_3912,0,M,corpus_expansion_5000,0.32263931900913917,0
0.0,0.0,0.8936,0.5,0.0,0.0,0.0,0.2934,v18_0177,1,H,new_mid_w1_p1,0.28664445863036175,0
0.0,0.0,0.0,1.0,0.0,0.3333,0.0,0.0,v18_2890,1,L,corpus_expansion_5000,0.6229465733397762,1
0.0,0.0,0.0,0.0,0.2036,0.0,0.0,0.1629,v18_3673,0,M,corpus_expansion_5000,0.11395090366066256,0
0.0,0.0,0.0,0.85,0.0,0.0,0.0,0.0,v18_0080,0,H,new_high_w1_pany,0.36835127139997426,0
0.0,0.0,0.0,0.4,0.0,0.0,0.0,0.0,v18_2561,1,M,corpus_expansion_5000,0.19000580961738978,0
0.0,0.0,0.0,0.1,0.0,0.0,0.0,0.0,v18_1723,1,M,corpus_expansion_5000,0.1133379569328199,0
0.0,0.0,0.0,0.4,0.0,0.0,0.0,0.9807,v18_1617,1,M,corpus_expansion_5000,0.17886856844175716,0
0.0,0.0,0.0,0.0,0.0,0.0,0.0,0.7024,v18_1654,1,M,corpus_expansion_5000,0.09009255697936207,0
0.0,0.0,0.0,0.4,0.0,0.0,0.6667,0.5654,v18_2328,1,M,corpus_expansion_5000,0.25301496925912237,0
0.0,0.0,0.272,0.6,0.0,0.0,0.0,0.0,v18_4613,0,L,corpus_expansion_5000,0.28165820656492846,0
0.0,0.0,0.0,0.2,0.0,0.0,0.0,0.7616,v18_0221,0,H,v17_reused,0.12873041427414791,0
0.0,0.0,0.0,0.2,0.0,0.0,0.0,0.0,v18_0093,1,H,new_high_w1_pany,0.1353199798207458,0
0.0,0.0,0.0,0.0,0.0,0.0,0.8,0.0,v18_2609,1,L,corpus_expansion_5000,0.1458660916797508,0
0.0,0.0,0.0,0.3,0.1505,0.0,0.0,0.2273,v18_3382,0,H,corpus_expansion_5000,0.18148394044730057,0
0.0,0.0,0.3797,0.5,0.0,0.6667,0.0,0.0,v18_4415,0,M,corpus_expansion_5000,0.5939625190662481,1
0.0,0.0,0.94,0.0,0.0,0.0,0.0,0.2425,v18_1397,1,M,corpus_expansion_5000,0.12997659983359508,0
0.0,0.0,0.0,0.4,0.0,0.0,0.0,0.985,v18_4686,0,M,corpus_expansion_5000,0.17882087986833212,0
0.0,0.0,0.0,0.0,0.0,0.0,0.0,0.2599,v18_1292,1,M,corpus_expansion_5000,0.0928696650988737,0
0.0,0.0,0.0,0.1,0.0,0.3333,0.0,0.0,v18_2164,1,M,corpus_expansion_5000,0.21093841116397974,0
0.0,0.0,0.0,0.0,0.0,0.0,0.0,0.0,v18_2939,0,H,corpus_expansion_5000,0.0945363922261271,0
0.0,0.0,0.1609,0.0,0.0,0.3333,0.0,0.0,v18_3668,0,M,corpus_expansion_5000,0.18889804858224815,0
0.0,0.0,0.0,0.0,0.0,0.6667,0.0,0.0,v18_0812,1,M,corpus_expansion_5000,0.31354072118734344,0
0.0,0.0,0.0,0.1,0.0,0.0,0.75,0.0,v18_1258,1,M,corpus_expansion_5000,0.16857217928819485,0
0.0,0.0,0.0,0.2,0.0,0.0,0.0,0.0,v18_0889,1,H,corpus_expansion_5000,0.1353199798207458,0
0.3,0.2,0.1127,0.2,0.6591,0.6667,0.0,0.5751,v18_1451,1,H,corpus_expansion_5000,0.9278823656755223,1
0.3,0.2,0.0,0.0,0.3478,0.0,0.0,0.1542,v18_3316,0,H,corpus_expansion_5000,0.5800826763850746,1
0.0,0.0,0.0,0.3,0.0,0.0,0.0,0.6377,v18_2559,1,L,corpus_expansion_5000,0.15439970760695673,0
0.0,0.0,0.0,0.7,0.1781,0.0,0.0,0.1427,v18_3574,0,H,corpus_expansion_5000,0.3406225382975426,0
0.0,0.0,0.0,1.0,0.7863,0.6667,0.0,0.0,v18_2680,1,L,corpus_expansion_5000,0.8901892463175994,1
0.0,0.0,0.0,0.3,0.0,0.0,0.0,0.0,v18_4651,0,L,corpus_expansion_5000,0.16079228470839807,0
0.0,0.0,0.0,0.9,0.7822,0.3333,0.0,0.0,v18_4811,0,L,corpus_expansion_5000,0.7591133572481977,1
0.0,0.0,0.0,1.0,0.0,1.0,0.0,0.0,v18_4679,0,L,corpus_expansion_5000,0.8784590901281101,1
0.0,0.0,0.0,0.4,0.6471,0.0,0.0,0.55,v18_2964,0,H,corpus_expansion_5000,0.3121966610993936,0
0.3,0.0,0.5654,0.9,0.3408,0.3333,0.0,0.0,v18_2672,1,L,corpus_expansion_5000,0.9467855558670273,1
0.0,0.0,0.0,0.1,0.5217,0.0,0.0,0.4289,v18_0561,1,H,new_mid_w1_p1,0.17890108864865745,0
0.0,0.0,0.0,0.6,0.0,0.0,0.0,0.4036,v18_2778,1,M,corpus_expansion_5000,0.25431944370254694,0
0.0,0.0,0.0,0.1,0.4327,0.0,0.0,0.0,v18_2948,0,H,corpus_expansion_5000,0.16967643861982618,0
0.0,0.0,0.0,0.5,0.0,0.0,0.6667,0.0,v18_2817,1,M,corpus_expansion_5000,0.3020559329753028,0
0.0,0.0,0.0,0.35,0.0,0.0,0.8,0.0,v18_2758,1,M,corpus_expansion_5000,0.2574823647141369,0
0.0,0.0,0.0,0.65,0.0,0.0,0.0,0.9305,v18_1756,1,M,corpus_expansion_5000,0.2661372579035311,0
0.0,0.0,0.0,0.4,0.0,0.0,0.0,0.3324,v18_0724,0,H,new_mid_w0_p0,0.1861725760704697,0
0.0,0.0,0.0,0.45,0.0,0.0,0.0,0.0,v18_0219,0,H,new_mid_w1_p0,0.2060688837501653,0
0.0,0.0,0.0,0.0,0.0,0.0,0.0,0.0,v18_4139,0,M,corpus_expansion_5000,0.0945363922261271,0
0.0,0.0,0.0,0.65,0.5654,0.0,0.0,0.4732,v18_3957,0,M,corpus_expansion_5000,0.4093327511654775,0
0.3,0.0,0.0,1.0,0.0,1.0,0.0,0.0,v18_1588,1,M,corpus_expansion_5000,0.981310202613338,1
0.0,0.0,0.1796,0.0,0.0,0.3333,0.0,0.1446,v18_3347,0,H,corpus_expansion_5000,0.18837344250554755,0
0.0,0.0,0.0,0.7,0.0,0.0,0.0,0.0,v18_3970,0,H,corpus_expansion_5000,0.30093381222399707,0
0.0,0.0,0.0,0.8,0.3177,0.3333,0.0,0.0,v18_4707,0,L,corpus_expansion_5000,0.6086889203030982,1
0.0,0.0,0.0,0.1,0.0,0.0,0.0,0.0,v18_0043,0,H,new_low_w0_pany,0.1133379569328199,0
0.0,0.0,0.0,0.2,0.0,0.3333,0.0,0.0,v18_3001,0,H,corpus_expansion_5000,0.24658569031706137,0
0.0,0.0,0.0,0.0,0.5958,0.0,0.0,0.0,v18_0210,1,H,new_mid_w1_p1,0.16611036594773676,0
0.0,0.0,0.0,0.1,0.0,0.3333,0.0,0.7506,v18_0677,0,H,v17_reused,0.20165843188068572,0
0.0,0.0,0.0,0.4,0.0,0.0,0.0,0.4988,v18_0354,0,H,new_high_w1_pany,0.18427617227441978,0
0.0,0.0,0.0,0.6,0.0,0.0,0.0,0.7308,v18_1433,1,M,corpus_expansion_5000,0.24966208450370822,0
0.0,0.0,0.709,0.2,0.0,0.0,0.0,0.0,v18_0949,1,M,corpus_expansion_5000,0.17212265519427414,0
0.0,0.0,0.4825,0.0,0.0,0.0,0.0,0.7866,v18_2843,1,M,corpus_expansion_5000,0.10663808604295785,0
0.0,0.0,0.0,0.8,0.3755,0.3333,0.0,0.0,v18_0577,0,H,new_mid_w1_p0,0.6235105900572606,1
0.0,0.0,0.0,0.35,0.0,0.0,0.0,0.0,v18_3928,0,H,corpus_expansion_5000,0.17491898592996105,0
0.0,0.0,0.0,0.7,0.0,0.0,0.0,0.0,v18_0544,0,M,v17_reused,0.30093381222399707,0
0.0,0.0,0.0,0.7,0.3706,0.3333,0.0,0.8836,v18_0367,0,H,new_low_w0_pany,0.5572635544250709,1
0.0,0.0,0.0,0.0,0.0,0.6667,0.0,0.0,v18_1612,1,M,corpus_expansion_5000,0.31354072118734344,0
0.0,0.0,0.0,0.4,0.0,0.0,0.0,0.0,v18_3550,0,H,corpus_expansion_5000,0.19000580961738978,0
0.0,0.0,0.0,0.2,0.2056,0.0,0.0,0.1665,v18_3716,0,M,corpus_expansion_5000,0.1618722514109742,0
0.5,0.0,0.8716,0.8,0.0,0.0,0.0,0.9563,v18_3779,0,M,corpus_expansion_5000,0.9498598769459905,1
0.0,0.0,0.0,0.85,0.0,0.0,0.0,0.0,v18_0135,0,H,new_low_w0_pany,0.36835127139997426,0
0.0,0.0,0.2256,0.0,0.0,0.3333,0.0,0.8023,v18_4480,0,L,corpus_expansion_5000,0.18364397224064638,0
0.0,0.0,0.0,0.4,0.0,0.0,0.0,0.0,v18_1437,1,H,corpus_expansion_5000,0.19000580961738978,0
0.0,0.0,0.0,0.7,0.0,0.0,0.0,0.0,v18_0047,1,H,new_mid_w1_p1,0.30093381222399707,0
0.0,0.0,0.0,0.0,0.0,0.0,0.0,0.1564,v18_1360,1,M,corpus_expansion_5000,0.09353022216765373,0
0.0,0.2,0.3581,0.8,0.0,0.0,0.0,0.0,v18_0734,0,H,new_mid_w0_p0,0.4346520686834192,1
0.0,0.0,0.0,0.1,0.0,0.0,0.0,0.9049,v18_1534,1,M,corpus_expansion_5000,0.10665008879905981,0
0.0,0.0,0.0,0.4,0.0,0.3333,0.0,0.3514,v18_2004,1,M,corpus_expansion_5000,0.3232890332596617,0
0.0,0.0,0.0,0.45,0.0,0.0,0.0,0.0,v18_3795,0,M,corpus_expansion_5000,0.2060688837501653,0
0.0,0.0,0.0,0.6,0.0,0.0,0.0,0.0,v18_2519,1,L,corpus_expansion_5000,0.2601425988962303,0
0.0,0.0,0.0,0.15,0.0,0.0,0.0,0.0,v18_1972,1,M,corpus_expansion_5000,0.1239110617250224,0
0.0,0.0,0.0,0.1,0.0,0.0,0.0,0.9378,v18_0996,1,M,corpus_expansion_5000,0.1064136064497916,0
0.0,0.0,0.0,0.9,0.0,0.0,0.0,0.0,v18_0061,1,H,new_mid_w1_p1,0.3921913672632442,0
0.0,0.0,0.0,0.2,0.0,0.3333,0.0,0.9693,v18_1108,1,M,corpus_expansion_5000,0.2332402805873797,0
0.0,0.0,0.0,0.2,0.365,0.3333,0.0,0.0,v18_2405,1,L,corpus_expansion_5000,0.32714116095296375,0
0.0,0.0,0.0,0.2,0.0,0.0,0.0,0.0,v18_0095,0,H,new_low_w0_pany,0.1353199798207458,0
0.0,0.0,0.7712,0.8,0.0,0.0,0.0,0.6739,v18_0478,0,H,v17_reused,0.40554973669207645,0
0.0,0.0,0.3755,0.0,0.0,0.0,0.75,0.0,v18_4359,0,M,corpus_expansion_5000,0.1614187607081555,0
0.0,0.0,0.0,0.65,0.0,0.0,0.8,0.4866,v18_4112,0,M,corpus_expansion_5000,0.38019406710566495,0
0.0,0.0,0.5377,0.0,0.0,0.0,0.0,0.0,v18_3707,0,M,corpus_expansion_5000,0.11465663959725723,0
0.0,0.0,0.0,0.35,0.0,0.0,0.0,0.9305,v18_1101,1,M,corpus_expansion_5000,0.1650081392547073,0
0.0,0.0,0.0,0.0,0.0,0.0,0.0,0.0,v18_2746,1,M,corpus_expansion_5000,0.0945363922261271,0
0.0,0.0,0.0,0.45,0.0,0.0,0.0,0.0,v18_2170,1,L,corpus_expansion_5000,0.2060688837501653,0
0.0,0.0,0.0,0.1,0.0,0.0,0.0,0.0,v18_0322,0,H,new_low_w0_pany,0.1133379569328199,0
0.0,0.0,0.2286,0.0,0.0,0.3333,0.0,0.3332,v18_4254,0,M,corpus_expansion_5000,0.18919878609055485,0
0.0,0.0,0.0,0.0,0.0,0.0,0.0,0.0,v18_3142,0,H,corpus_expansion_5000,0.0945363922261271,0
0.0,0.0,0.0,0.7,0.6238,0.0,0.0,0.1748,v18_3537,0,H,corpus_expansion_5000,0.45519995882046665,1
0.0,0.0,0.0,0.4,0.0,0.0,0.0,0.0,v18_4925,0,M,corpus_expansion_5000,0.19000580961738978,0
0.0,0.0,0.0,0.55,0.0,0.0,0.0,0.0,v18_2924,0,H,corpus_expansion_5000,0.2411447352040636,0
0.5,0.0,0.0,0.0,0.1603,0.3333,0.0,0.1292,v18_1149,1,M,corpus_expansion_5000,0.8751617586529056,1
0.0,0.0,0.4812,0.8,0.1965,0.0,0.0,0.0,v18_3617,0,M,corpus_expansion_5000,0.4416101760450298,1
0.0,0.0,0.0,0.8,0.0,0.3333,0.0,0.4668,v18_0291,0,H,v17_reused,0.515514431480711,1
0.3,0.2,0.0,0.8,0.0,1.0,0.0,0.0,v18_3749,0,M,corpus_expansion_5000,0.9779097474396319,1
0.0,0.0,0.0,0.95,0.0,0.0,0.0,0.0,v18_3586,0,H,corpus_expansion_5000,0.4165568777450921,0
0.0,0.0,0.0,0.15,0.5654,0.0,0.0,0.47,v18_0533,0,H,new_low_w0_pany,0.20127492807135275,0
0.0,0.0,0.0,0.4,0.0,0.0,0.0,0.685,v18_3607,0,M,corpus_expansion_5000,0.182171882383766,0
0.0,0.0,0.0,0.25,0.0,0.0,0.0,0.0,v18_2648,1,L,corpus_expansion_5000,0.1476023763660605,0
0.0,0.0,0.0,0.7,0.4003,0.0,0.0,0.0,v18_4810,0,M,corpus_expansion_5000,0.39919555479251,0
0.0,0.0,0.0,0.1,0.0,0.0,0.0,0.1325,v18_1983,1,M,corpus_expansion_5000,0.11233631336678146,0
0.0,0.0,0.0,0.85,0.0,0.0,0.0,0.0,v18_2932,0,H,corpus_expansion_5000,0.36835127139997426,0
0.0,0.0,0.0,0.15,0.0,0.0,0.75,0.0,v18_1536,1,M,corpus_expansion_5000,0.18323315789670946,0
0.0,0.0,0.0,0.95,0.0,0.0,0.75,0.7364,v18_4534,0,M,corpus_expansion_5000,0.5171868926947306,1
0.0,0.0,0.0,0.8,0.0,1.0,0.0,0.3067,v18_4172,0,M,corpus_expansion_5000,0.8249155340707216,1
0.0,0.0,0.4732,0.9,0.7759,0.0,0.0,0.0,v18_3360,0,H,corpus_expansion_5000,0.6440002025027604,1
0.0,0.0,0.0,0.75,0.0,0.0,0.0,0.9305,v18_3665,0,M,corpus_expansion_5000,0.30747780563823696,0
0.0,0.0,0.0,0.0,0.0,0.0,0.0,0.3627,v18_4005,0,M,corpus_expansion_5000,0.09221772379662668,0
0.0,0.0,0.0,0.7,0.2769,0.0,0.0,0.0,v18_3626,0,H,corpus_expansion_5000,0.367578744010231,0
0.0,0.0,0.0,1.0,0.3478,0.0,0.0,0.0,v18_0586,0,H,v17_reused,0.535284899234229,1
0.0,0.0,0.0,0.4,0.2854,0.3333,0.0,0.4072,v18_3256,0,H,corpus_expansion_5000,0.39330088883362563,0
0.0,0.2,0.0,0.6,0.0,0.0,0.0,0.0,v18_2298,1,L,corpus_expansion_5000,0.3076534714043194,0
0.0,0.0,0.3875,0.0,0.0,0.0,0.0,0.5353,v18_3988,0,M,corpus_expansion_5000,0.1048336059041826,0
0.0,0.0,0.0,0.25,0.0,0.0,0.8,0.7364,v18_0584,0,H,v17_reused,0.21130476167907544,0
0.3,0.0,0.0,0.9,0.0,1.0,0.0,0.2526,v18_2423,1,M,corpus_expansion_5000,0.9767848835180213,1
0.3,0.0,0.2324,0.8,0.4109,1.0,0.0,0.1897,v18_1391,1,M,corpus_expansion_5000,0.9833815127729846,1
0.0,0.0,0.105,0.2,0.2832,0.5833,0.0,0.0,v18_4525,0,M,corpus_expansion_5000,0.44661532318702185,1
0.0,0.0,0.0,0.0,0.0,0.3333,0.0,0.4637,v18_4920,0,L,corpus_expansion_5000,0.1741253108604744,0
0.0,0.0,0.0,0.3,0.0,0.0,0.0,0.0,v18_4800,0,M,corpus_expansion_5000,0.16079228470839807,0
0.0,0.0,0.0,0.0,0.8922,0.0,0.0,0.0,v18_3240,0,H,corpus_expansion_5000,0.21550294141217588,0
0.0,0.0,0.3823,0.2,0.6184,0.6667,0.6667,0.0,v18_4281,0,M,corpus_expansion_5000,0.701591212646462,1
0.0,0.0,0.0,0.0,0.0,0.0,0.0,0.6544,v18_3338,0,H,corpus_expansion_5000,0.09039014614778311,0
0.0,0.0,0.0,0.1,0.0,0.0,0.0,0.0,v18_3220,0,H,corpus_expansion_5000,0.1133379569328199,0
0.0,0.0,0.0,0.5,0.0,0.3333,0.0,0.9517,v18_2111,1,M,corpus_expansion_5000,0.35855120845665,0
0.0,0.0,0.0,0.4,0.0,0.3333,0.0,0.4606,v18_1174,1,M,corpus_expansion_5000,0.321487565828152,0
0.0,0.0,0.0,0.45,0.0,0.0,0.0,0.0,v18_4862,0,L,corpus_expansion_5000,0.2060688837501653,0
0.0,0.0,0.0,0.9,0.0,0.0,0.0,0.0,v18_3811,0,M,corpus_expansion_5000,0.3921913672632442,0
0.0,0.0,0.0,0.0,0.2119,0.0,0.0,0.7574,v18_1867,1,M,corpus_expansion_5000,0.1103766083654721,0
0.0,0.0,0.0,0.15,0.0,0.0,0.0,0.7364,v18_2614,1,M,corpus_expansion_5000,0.11799929209559501,0
0.0,0.0,0.0,0.6,0.0,0.0,0.0,0.0,v18_3866,0,M,corpus_expansion_5000,0.2601425988962303,0
0.0,0.0,0.0,0.85,0.0,0.0,0.0,0.0,v18_4885,0,M,corpus_expansion_5000,0.36835127139997426,0
0.0,0.0,0.0,0.7,0.4785,0.0,0.0,0.0,v18_3778,0,M,corpus_expansion_5000,0.41969454179679955,1
0.0,0.0,0.0,0.2,0.0,0.0,0.0,0.0,v18_3846,0,H,corpus_expansion_5000,0.1353199798207458,0
0.0,0.0,0.0,0.6,0.0,0.3333,0.0,0.984,v18_2416,1,M,corpus_expansion_5000,0.4057110089334788,0
0.0,0.0,0.0,0.8,0.4462,0.0,0.0,0.0,v18_0070,0,H,new_mid_w1_p0,0.460910624614525,1
0.0,0.0,0.0,0.8,0.0,1.0,0.0,0.0,v18_4880,0,L,corpus_expansion_5000,0.8282355492157261,1
0.0,0.0,0.0,0.05,0.0,0.0,0.0,0.4866,v18_1126,1,M,corpus_expansion_5000,0.10019835730535713,0
0.0,0.0,0.0,0.7,0.4462,0.3333,0.6667,0.0,v18_4024,0,M,corpus_expansion_5000,0.6875811590093305,1
0.0,0.0,0.0,0.85,0.0,0.0,0.0,0.4866,v18_3250,0,H,corpus_expansion_5000,0.359843617042447,0
0.0,0.0,0.0,0.9,0.0,0.0,0.0,0.0,v18_3901,0,H,corpus_expansion_5000,0.3921913672632442,0
0.0,0.0,0.1161,0.0,0.0,1.0,0.0,0.9759,v18_1095,1,H,corpus_expansion_5000,0.4817611484411397,1
0.0,0.0,0.5654,0.75,0.0,0.3333,0.0,0.0,v18_4545,0,M,corpus_expansion_5000,0.5554384523057331,1
0.0,0.0,0.0,0.1,0.0,0.0,0.0,0.4134,v18_1212,1,H,corpus_expansion_5000,0.11023837902142494,0
0.0,0.0,0.2535,0.1,0.0,0.0,0.0,0.2054,v18_3921,0,M,corpus_expansion_5000,0.12227758826886506,0
0.0,0.0,0.0,0.7,0.3408,0.6667,0.0,0.8365,v18_1425,1,M,corpus_expansion_5000,0.718966709801416,1
0.0,0.0,0.0,0.3,0.6959,0.0,0.0,0.0,v18_3066,0,H,corpus_expansion_5000,0.28950384935640766,0
0.0,0.0,0.0,0.0,0.1497,0.0,0.0,0.8105,v18_4519,0,M,corpus_expansion_5000,0.10355332547344463,0
0.0,0.0,0.0,0.2,0.0,0.0,0.0,0.0,v18_2100,1,L,corpus_expansion_5000,0.1353199798207458,0
0.0,0.0,0.0,0.0,0.3007,0.0,0.0,0.0,v18_0807,1,M,corpus_expansion_5000,0.1263725817213807,0
0.0,0.0,0.0,0.0,0.1847,0.0,0.0,0.4757,v18_4743,0,L,corpus_expansion_5000,0.10957210938485198,0
0.0,0.0,0.0,0.1,0.0,0.0,0.0,0.0,v18_3750,0,M,corpus_expansion_5000,0.1133379569328199,0
0.3,0.0,0.0,0.85,0.0,0.0,0.0,0.0,v18_1362,1,H,corpus_expansion_5000,0.8090263470353262,1
0.0,0.0,0.0,0.05,0.0,0.0,0.0,0.0,v18_2317,1,M,corpus_expansion_5000,0.10356039088419995,0
0.0,0.0,0.0,0.0,0.0,0.0,0.0,0.0,v18_4581,0,M,corpus_expansion_5000,0.0945363922261271,0
0.0,0.0,0.0,0.1,0.0,0.0,0.0,0.0,v18_4741,0,M,corpus_expansion_5000,0.1133379569328199,0
0.0,0.0,0.0,0.7,0.0,0.0,0.0,0.9556,v18_1025,1,H,corpus_expansion_5000,0.28597387733585633,0
0.0,0.0,0.0,0.5,0.0,0.3333,0.0,0.0,v18_3109,0,H,corpus_expansion_5000,0.3752431354790696,0
0.0,0.0,0.0,0.85,0.0,0.0,0.8333,0.0,v18_2110,1,L,corpus_expansion_5000,0.49331264586756507,1
0.3,0.0,0.0,1.0,0.0,0.0,0.0,0.0,v18_1041,1,H,corpus_expansion_5000,0.8516062024164845,1
0.0,0.0,0.0,0.1,0.0,0.3333,0.0,0.0,v18_1876,1,M,corpus_expansion_5000,0.21093841116397974,0
0.0,0.0,0.0,0.0,0.0,0.0,0.0,0.0,v18_0881,1,M,corpus_expansion_5000,0.0945363922261271,0
0.0,0.0,0.0,1.0,0.0,0.0,0.0,0.0,v18_4299,0,M,corpus_expansion_5000,0.4413369854724032,1
0.0,0.0,0.8111,0.25,0.0,0.0,0.0,0.0,v18_1192,1,M,corpus_expansion_5000,0.19332233207555063,0
0.0,0.0,0.0,0.4,0.0,0.0,0.0,0.4236,v18_4587,0,L,corpus_expansion_5000,0.18513134300698805,0
0.0,0.0,0.0,0.6,0.0,0.0,0.0,0.9784,v18_4510,0,M,corpus_expansion_5000,0.24617579155362962,0
0.0,0.0,0.0,0.0,0.0,0.0,0.0,0.2776,v18_3670,0,H,corpus_expansion_5000,0.09275712042334121,0
0.0,0.0,0.0,0.4,0.0,1.0,0.0,0.0,v18_0624,1,H,new_mid_w1_p1,0.682152976864649,1
0.0,0.0,0.0,0.2,0.0,0.0,0.0,0.8916,v18_2796,1,M,corpus_expansion_5000,0.12763333501850557,0
0.0,0.0,0.0,0.4,0.0,0.3333,0.0,0.0,v18_4291,0,M,corpus_expansion_5000,0.32912155184893244,0
0.0,0.0,0.0,0.7,0.0,0.6667,0.0,0.3357,v18_4968,0,L,corpus_expansion_5000,0.6474019103120305,1
0.0,0.0,0.0,0.2,0.3772,0.0,0.0,0.7708,v18_0233,0,H,v17_reused,0.18183926850642226,0
0.0,0.0,0.0,0.1,0.0,0.0,0.6667,0.7435,v18_4566,0,L,corpus_expansion_5000,0.15405255723901926,0
0.0,0.0,0.0,0.2,0.0,0.0,0.0,0.0,v18_1662,1,M,corpus_expansion_5000,0.1353199798207458,0
0.0,0.0,0.0,0.7,0.0,0.0,0.0,0.0,v18_0415,1,H,new_mid_w1_p1,0.30093381222399707,0
0.0,0.0,0.0,0.1,0.0,0.0,0.0,0.2498,v18_4246,0,M,corpus_expansion_5000,0.11145603616024789,0
0.3,0.0,0.0,0.7,0.0,1.0,0.0,0.0,v18_2173,1,L,corpus_expansion_5000,0.9662288392003014,1
0.0,0.0,0.0,0.0,0.0,0.3333,0.0,0.5565,v18_1456,1,M,corpus_expansion_5000,0.17311982482321178,0
0.0,0.0,0.0,0.55,0.0,0.0,0.0,0.8647,v18_0746,1,H,new_high_w1_pany,0.2293980493719794,0
0.0,0.0,0.0,0.75,0.0,0.0,0.0,0.0,v18_0017,0,H,new_low_w0_pany,0.32263931900913917,0
0.0,0.0,0.0,0.25,0.0,0.0,0.6667,0.0,v18_1200,1,M,corpus_expansion_5000,0.2069419865152382,0
0.0,0.0,0.0,0.0,0.3354,0.0,0.0,0.6787,v18_1699,1,M,corpus_expansion_5000,0.12487556635120062,0
0.0,0.0,0.0,0.45,0.0,0.0,0.0,0.0,v18_3253,0,H,corpus_expansion_5000,0.2060688837501653,0
0.0,0.0,0.0,0.9,0.0,0.9167,0.0,0.2946,v18_0596,0,H,v17_reused,0.8276268984438877,1
0.0,0.0,0.0,0.0,0.0,0.0,0.0,0.0,v18_3226,0,H,corpus_expansion_5000,0.0945363922261271,0
0.0,0.0,0.0,0.95,0.0,0.0,0.0,0.0,v18_4405,0,M,corpus_expansion_5000,0.4165568777450921,0
0.0,0.0,0.0,0.5,0.2066,0.0,0.0,0.0,v18_4719,0,L,corpus_expansion_5000,0.2643291141153133,0
0.3,0.0,0.0,0.35,0.0,0.0,0.0,0.0,v18_1505,1,M,corpus_expansion_5000,0.6063114688700569,1
0.0,0.0,0.0,0.3,0.3551,0.0,0.75,0.4953,v18_1412,1,M,corpus_expansion_5000,0.30081675921261986,0
0.0,0.0,0.0,0.65,0.0,0.0,0.8,0.0,v18_1965,1,M,corpus_expansion_5000,0.38889057162970714,0
0.3,0.0,0.0,0.4,0.8196,0.3333,0.6667,0.0,v18_0371,0,H,v17_reused,0.9288779600308072,1
0.0,0.0,0.8776,0.3,0.0,0.3333,0.6667,0.8007,v18_1340,1,M,corpus_expansion_5000,0.4468719287028791,1
0.0,0.0,0.0,0.9,0.0,0.6667,1.0,0.0,v18_0598,1,H,new_high_w1_pany,0.8392709344849586,1
0.0,0.0,0.0,0.4,0.3722,0.3333,0.0,0.0,v18_0238,0,H,v17_reused,0.4234584315295461,1
0.0,0.0,0.0,0.0,0.0,0.0,0.0,0.0,v18_3400,0,H,corpus_expansion_5000,0.0945363922261271,0
0.3,0.0,0.0,0.1,0.0,0.3333,0.0,0.1477,v18_2067,1,M,corpus_expansion_5000,0.657587207026873,1
0.0,0.0,0.0,0.2,0.0,0.3333,0.0,0.0,v18_0810,1,M,corpus_expansion_5000,0.24658569031706137,0
0.0,0.0,0.0,0.0,0.0,0.0,0.0,0.5436,v18_1094,1,M,corpus_expansion_5000,0.09108046374181532,0
0.0,0.0,0.0,0.6,0.3789,0.0,0.0,0.0,v18_4324,0,M,corpus_expansion_5000,0.3465148542277624,0
0.3,0.0,0.0,0.6,0.3183,1.0,0.0,0.1403,v18_4760,0,L,corpus_expansion_5000,0.9702854102860448,1
0.0,0.0,0.0,0.0,0.0,0.0,0.0,0.8111,v18_3676,0,H,corpus_expansion_5000,0.08942190248674188,0
0.0,0.0,0.0,0.1,0.0,0.0,0.0,0.0,v18_3464,0,H,corpus_expansion_5000,0.1133379569328199,0
0.0,0.0,0.3521,0.0,0.0,0.0,0.0,0.1571,v18_3103,0,H,corpus_expansion_5000,0.10619053293784222,0
0.0,0.0,0.0,0.2,0.0,0.0,1.0,0.0,v18_2749,1,L,corpus_expansion_5000,0.22449896003037811,0
0.0,0.0,0.0,0.35,0.0,0.0,1.0,0.4866,v18_2295,1,M,corpus_expansion_5000,0.2743175542006801,0
0.0,0.0,0.0,0.1,0.0,0.5833,0.0,0.2811,v18_4192,0,M,corpus_expansion_5000,0.3127934244321258,0
0.0,0.0,0.0,0.3,0.8111,0.0,0.0,0.0,v18_3708,0,M,corpus_expansion_5000,0.31585514497296535,0
0.0,0.0,0.0,0.9,0.5095,0.0,0.0,0.0,v18_3018,0,H,corpus_expansion_5000,0.5285514321449828,1
0.0,0.0,0.0,0.5,0.259,0.0,0.0,0.0,v18_4252,0,M,corpus_expansion_5000,0.27552444862430897,0
0.0,0.0,0.6358,0.4,0.0,0.0,0.0,0.3213,v18_0803,1,M,corpus_expansion_5000,0.2280237791205333,0
0.0,0.0,0.0,0.6,0.0,0.5833,0.0,0.0,v18_4190,0,M,corpus_expansion_5000,0.5611912551385433,1
0.0,0.0,0.0,1.0,0.0,0.0,0.0,0.0,v18_3705,0,M,corpus_expansion_5000,0.4413369854724032,1
0.0,0.0,0.0,1.0,0.0,0.0,1.0,0.0,v18_0751,0,H,v17_reused,0.5937142332754775,1
0.0,0.0,0.0,0.0,0.2256,0.0,0.0,0.0,v18_4644,0,M,corpus_expansion_5000,0.11765268517321305,0
0.3,0.0,0.4179,0.3,0.0,0.3333,0.0,0.0,v18_2531,1,M,corpus_expansion_5000,0.7748478101318281,1
0.3,0.0,0.0,0.8,0.3596,0.0,0.0,0.8782,v18_0621,0,H,v17_reused,0.8410548386496698,1
0.0,0.0,0.0,0.3,0.0,0.0,0.0,0.8164,v18_2297,1,M,corpus_expansion_5000,0.15264601577862996,0
0.0,0.0,0.0,0.95,0.0,0.0,0.7143,0.0,v18_3828,0,M,corpus_expansion_5000,0.525584392960843,1
0.0,0.0,0.0,0.3,0.4284,1.0,0.0,0.0,v18_0566,0,H,new_mid_w1_p0,0.7361040372384489,1
0.0,0.0,0.0,0.3,0.1334,0.3333,0.0,0.0,v18_1135,1,H,corpus_expansion_5000,0.3165028101086222,0
0.0,0.0,0.0,0.0,0.3642,0.0,0.0,0.5061,v18_1204,1,H,corpus_expansion_5000,0.12979338353265465,0
0.0,0.0,0.5065,0.6,0.0,0.0,0.8,0.8007,v18_1047,1,M,corpus_expansion_5000,0.39874372899725785,0
0.0,0.0,0.7762,0.0,0.0,0.0,0.0,0.9968,v18_0051,0,H,v17_reused,0.11673134538301908,0
0.0,0.0,0.0,0.7,0.3171,0.0,0.0,0.4523,v18_3651,0,H,corpus_expansion_5000,0.3697740080207154,0
0.0,0.0,0.0,0.4,0.0,0.0,0.0,0.49,v18_1044,1,M,corpus_expansion_5000,0.18437608724727741,0
0.0,0.0,0.0,1.0,0.0,0.0,0.0,0.0,v18_2181,1,M,corpus_expansion_5000,0.4413369854724032,1
0.0,0.0,0.8674,0.3,0.0,0.0,0.0,0.5457,v18_2688,1,M,corpus_expansion_5000,0.20651982628103896,0
0.0,0.0,0.0,0.6,0.6184,0.0,0.0,0.0,v18_0534,0,H,new_mid_w1_p0,0.4074035971174132,0
0.0,0.0,0.0,0.2,0.0,0.0,0.0,0.0,v18_3184,0,H,corpus_expansion_5000,0.1353199798207458,0
0.0,0.0,0.0,0.0,0.5715,0.6667,0.0,0.0,v18_3857,0,H,corpus_expansion_5000,0.4591035521212209,1
0.0,0.0,0.0,0.8,0.0,0.0,0.0,0.0,v18_0443,0,H,new_mid_w0_p0,0.3451374483123983,0
0.0,0.0,0.0,0.0,0.0,0.0,0.0,0.3351,v18_3604,0,M,corpus_expansion_5000,0.09239235375676685,0
0.0,0.0,0.0,1.0,0.5654,0.0,0.0,0.0,v18_0195,0,H,v17_reused,0.5932250523397576,1
0.3,0.6667,0.0,0.9,0.0,0.9167,0.0,0.5746,v18_1115,1,M,corpus_expansion_5000,0.9867598277519757,1
0.0,0.0,0.0,0.0,0.0,0.3333,0.0,0.5098,v18_0765,0,H,v17_reused,0.17362524341013033,0
0.0,0.0,0.0,0.3,0.0,0.0,0.0,0.9837,v18_1945,1,M,corpus_expansion_5000,0.1510190317906202,0
0.0,0.0,0.0,0.55,0.0,0.0,0.0,0.0,v18_3247,0,H,corpus_expansion_5000,0.2411447352040636,0
0.0,0.0,0.0,0.8,0.0,0.0,0.0,0.6754,v18_3002,0,H,corpus_expansion_5000,0.3337024132590341,0
0.0,0.0,0.0,0.2,0.0,0.0,0.0,0.0,v18_1432,1,M,corpus_expansion_5000,0.1353199798207458,0
0.5,0.0,0.3189,0.6,0.0,0.0,0.0,0.9875,v18_4200,0,M,corpus_expansion_5000,0.9099441820904479,1
0.0,0.0,0.0,0.0,0.0,0.0,0.0,0.4515,v18_3095,0,H,corpus_expansion_5000,0.0916578812273552,0
0.0,0.0,0.0,0.3,0.0,0.0,0.0,0.0,v18_2922,0,H,corpus_expansion_5000,0.16079228470839807,0
0.0,0.0,0.0,1.0,0.0,0.0,0.0,0.0,v18_0644,0,H,new_mid_w1_p0,0.4413369854724032,1
0.0,0.0,0.0,0.1,0.4139,0.6667,0.0,0.0,v18_1049,1,M,corpus_expansion_5000,0.46693282953061116,1
0.0,0.0,0.0,0.0,0.2031,0.0,0.0,0.2992,v18_3745,0,M,corpus_expansion_5000,0.11286149342448991,0
0.0,0.0,0.0,0.5,0.0,0.0,0.75,0.8896,v18_4093,0,M,corpus_expansion_5000,0.2987053372460716,0
0.0,0.0,0.0,0.0,0.5288,0.0,0.0,0.5905,v18_4403,0,M,corpus_expansion_5000,0.15049958422041845,0
0.0,0.0,0.0,0.3,0.0,0.0,0.0,0.9929,v18_0120,1,H,new_mid_w1_p1,0.15092997713712306,0
0.0,0.0,0.0,0.35,0.0,0.0,0.0,0.0,v18_2052,1,L,corpus_expansion_5000,0.17491898592996105,0
0.0,0.0,0.0,0.7,0.1432,0.6667,0.0,0.0,v18_4258,0,M,corpus_expansion_5000,0.6874572254355465,1
0.0,0.0,0.2329,0.0,0.2978,0.3333,0.0,0.4306,v18_4888,0,M,corpus_expansion_5000,0.24269531200950822,0
0.0,0.0,0.0,0.0,0.5727,0.0,0.0,0.0,v18_4334,0,M,corpus_expansion_5000,0.16266988564854776,0
0.0,0.0,0.0,0.7,0.0,0.0,0.0,0.0,v18_4691,0,M,corpus_expansion_5000,0.30093381222399707,0
0.0,0.0,0.0,0.0,0.0,0.0,0.0,0.2847,v18_0134,1,H,new_mid_w1_p1,0.0927120098026429,0
0.0,0.0,0.0,0.4,0.0,0.0,0.0,0.0,v18_2460,1,L,corpus_expansion_5000,0.19000580961738978,0
0.0,0.0,0.0,0.2,0.0,0.0,0.6667,0.0,v18_1954,1,M,corpus_expansion_5000,0.1908272123370029,0
0.5,0.0,0.0,0.2,0.0,0.0,0.0,0.0,v18_2463,1,L,corpus_expansion_5000,0.8100399885948115,1
0.0,0.0,0.0,0.7,0.0,0.0,0.0,0.8302,v18_0184,1,L,new_mid_w0_p0,0.28791146036830473,0
0.0,0.0,0.0,0.0,0.0,0.0,0.0,0.0,v18_1392,1,M,corpus_expansion_5000,0.0945363922261271,0
0.0,0.0,0.0,0.35,0.0,0.0,0.0,0.0,v18_2276,1,M,corpus_expansion_5000,0.17491898592996105,0
0.0,0.0,0.0,0.7,0.5582,1.0,0.0,0.0,v18_0511,0,H,new_mid_w1_p0,0.8782590066250116,1
0.0,0.0,0.0,0.2,0.4405,0.0,0.0,0.2023,v18_4729,0,M,corpus_expansion_5000,0.1990297668189826,0
0.0,0.0,0.0,0.1,0.0,0.0,0.0,0.2119,v18_4054,0,M,corpus_expansion_5000,0.11173979481070355,0
0.0,0.0,0.0,0.0,0.3556,0.0,0.0,0.3706,v18_3137,0,H,corpus_expansion_5000,0.12989594516986747,0
0.0,0.0,0.0,0.1,0.0,0.3333,0.0,0.0,v18_2669,1,M,corpus_expansion_5000,0.21093841116397974,0
0.0,0.0,0.0,0.0,0.0,0.0,0.0,0.1239,v18_4773,0,M,corpus_expansion_5000,0.09373851118096348,0
0.0,0.0,0.0,0.3,0.0,0.0,0.0,0.0,v18_4861,0,L,corpus_expansion_5000,0.16079228470839807,0
0.3,0.0,0.0,0.7,0.1843,0.3333,0.0,0.0,v18_2117,1,L,corpus_expansion_5000,0.8887248381748036,1
0.0,0.0,0.0,0.4,0.42,0.0,0.0,0.0,v18_0251,1,H,new_mid_w1_p1,0.270009350368497,0
0.0,0.0,0.0,0.1,0.1769,0.0,0.0,0.8636,v18_3526,0,H,corpus_expansion_5000,0.1266955564262477,0
0.0,0.0,0.0,0.0,0.1109,0.0,0.0,0.2443,v18_3559,0,H,corpus_expansion_5000,0.1036171786769625,0
0.0,0.0,0.0,0.2,0.5478,0.0,0.0,0.0,v18_4011,0,M,corpus_expansion_5000,0.22084495816699282,0
0.0,0.0,0.0,0.35,0.0,0.6667,1.0,0.0,v18_1507,1,M,corpus_expansion_5000,0.631757745620824,1
0.0,0.0,0.0,0.7,0.0,0.3333,0.0,0.9821,v18_0122,0,H,v17_reused,0.4553173504787681,1
0.0,0.0,0.0,0.4,0.0,0.3333,0.75,0.3244,v18_4259,0,M,corpus_expansion_5000,0.4315943431759306,1
0.0,0.0,0.0,0.5,0.0,0.0,0.0,0.0,v18_3333,0,H,corpus_expansion_5000,0.22311587068072297,0
0.0,0.0,0.4394,0.3,0.0,0.0,0.0,0.8972,v18_1871,1,M,corpus_expansion_5000,0.17594674126384174,0
0.0,0.0,0.0,0.0,0.4031,0.0,0.0,0.334,v18_3692,0,M,corpus_expansion_5000,0.13615352954146867,0
0.0,0.0,0.0,0.3,0.0,0.0,0.0,0.0,v18_0567,1,M,v17_reused,0.16079228470839807,0
0.0,0.0,0.0,0.25,0.0,0.0,0.0,0.0,v18_1371,1,M,corpus_expansion_5000,0.1476023763660605,0
0.0,0.0,0.0,0.2,0.0,0.0,0.0,0.0,v18_3185,0,H,corpus_expansion_5000,0.1353199798207458,0
0.0,0.0,0.0,0.5,0.0,0.0,0.0,0.8138,v18_3955,0,M,corpus_expansion_5000,0.21264490699173857,0
0.0,0.0,0.0,0.55,0.0,0.0,0.0,0.0,v18_1056,1,M,corpus_expansion_5000,0.2411447352040636,0
0.0,0.0,0.0,0.0,0.0,0.0,0.0,0.5232,v18_0856,1,M,corpus_expansion_5000,0.09120807790699394,0
0.0,0.0,0.0,0.0,0.0,0.0,0.0,0.0,v18_3838,0,M,corpus_expansion_5000,0.0945363922261271,0
0.0,0.0,0.0,1.0,0.0,0.9167,0.6667,0.3988,v18_2860,1,M,corpus_expansion_5000,0.897842408637177,1
0.0,0.0,0.0,0.9,0.0,0.0,0.0,0.0,v18_4769,0,L,corpus_expansion_5000,0.3921913672632442,0
0.3,0.2,0.0,0.3,0.0,0.0,1.0,0.0,v18_0776,1,L,new_mid_w0_p0,0.7649193227277702,1
0.0,0.0,0.4533,1.0,0.0,1.0,0.0,0.0,v18_0720,1,H,new_high_w1_pany,0.8965561809244665,1
0.0,0.0,0.0,0.0,0.0,0.0,0.0,0.0,v18_2710,1,M,corpus_expansion_5000,0.0945363922261271,0
0.0,0.0,0.0,0.85,0.0,0.0,1.0,0.4866,v18_2654,1,M,corpus_expansion_5000,0.5097577912073377,1
0.0,0.0,0.0,0.9,0.0,0.0,0.0,0.0,v18_4877,0,M,corpus_expansion_5000,0.3921913672632442,0
0.0,0.0,0.8932,0.8,0.0,0.0,0.0,0.9872,v18_0602,0,H,new_low_w0_pany,0.4116438573363401,0
0.0,0.0,0.0,0.95,0.0,0.0,0.0,0.0,v18_3822,0,M,corpus_expansion_5000,0.4165568777450921,0
0.0,0.0,0.0,0.1,0.627,0.3333,0.0,0.0,v18_1244,1,H,corpus_expansion_5000,0.34537425188976095,0
0.0,0.0,0.0,0.8,0.0,0.0,0.0,0.0,v18_4845,0,M,corpus_expansion_5000,0.3451374483123983,0
0.0,0.0,0.0,0.0,0.0,0.0,0.0,0.5853,v18_4841,0,M,corpus_expansion_5000,0.09082010513508995,0
0.3,0.0,0.0,0.5,0.6733,0.0,0.0,0.0,v18_0318,0,H,new_mid_w1_p0,0.8123629428396816,1
0.5,0.0,0.0,0.0,0.1265,0.0,0.0,0.924,v18_0828,1,H,corpus_expansion_5000,0.7526710030730511,1
0.0,0.0,0.0,0.5,0.0,0.0,0.0,0.0,v18_3263,0,H,corpus_expansion_5000,0.22311587068072297,0
0.0,0.0,0.8111,1.0,0.0,0.0,0.8,0.0,v18_0274,0,H,v17_reused,0.6413644965951828,1
0.0,0.0,0.0,0.9,0.0,0.3333,0.0,0.8096,v18_2664,1,M,corpus_expansion_5000,0.559359466094484,1
0.0,0.0,0.0,0.4,0.0,0.0,0.0,0.7802,v18_0549,1,H,new_mid_w1_p1,0.18110324165972577,0
0.0,0.0,0.0,0.4,0.406,0.0,0.0,0.0572,v18_3641,0,M,corpus_expansion_5000,0.2661831994777075,0
0.0,0.0,0.0,0.0,0.422,0.0,0.0,0.3442,v18_4053,0,H,corpus_expansion_5000,0.13848990858280025,0
0.0,0.0,0.0,0.35,0.5654,0.0,0.0,0.4866,v18_4892,0,M,corpus_expansion_5000,0.2739141137316825,0
0.0,0.0,0.0,0.3,0.0,0.0,0.0,0.0,v18_2934,0,H,corpus_expansion_5000,0.16079228470839807,0
0.0,0.0,0.0,0.4,0.0,0.0,0.0,0.0,v18_0605,1,H,new_high_w1_pany,0.19000580961738978,0
0.0,0.0,0.0,0.2,0.0,1.0,0.8,0.5922,v18_0896,1,M,corpus_expansion_5000,0.6913164325274302,1
0.0,0.0,0.0,0.6,0.0,0.0,0.0,0.9568,v18_0527,1,H,new_mid_w1_p1,0.24647861770907475,0
0.0,0.0,0.0,0.0,0.0695,0.0,0.0,0.1581,v18_4607,0,L,corpus_expansion_5000,0.1001062981444105,0
0.0,0.0,0.0,0.95,0.0,0.0,0.8,0.4866,v18_2347,1,M,corpus_expansion_5000,0.5295636643669325,1
0.0,0.0,0.0,0.75,0.0,0.0,0.0,0.0,v18_3439,0,H,corpus_expansion_5000,0.32263931900913917,0
0.0,0.0,0.0,0.0,0.2681,0.0,0.0,0.0,v18_4998,0,M,corpus_expansion_5000,0.12252138994908926,0
0.0,0.0,0.0,0.2,0.0,0.0,0.0,0.2959,v18_4826,0,H,corpus_expansion_5000,0.13272661183132686,0
0.0,0.0,0.0,0.3,0.0,0.0,0.0,0.0,v18_3922,0,M,corpus_expansion_5000,0.16079228470839807,0
0.0,0.0,0.0,0.6,0.856,0.0,0.0,0.0,v18_0298,0,H,new_low_w0_pany,0.4707622737809433,1
0.0,0.0,0.0,0.5,0.0,0.3333,0.0,0.3607,v18_2119,1,M,corpus_expansion_5000,0.3688793681406799,0
0.0,0.0,0.0,0.15,0.0,0.0,0.0,0.4798,v18_2536,1,M,corpus_expansion_5000,0.12003100565406706,0
0.0,0.0,0.0,0.0,0.2733,1.0,0.0,0.1186,v18_4203,0,M,corpus_expansion_5000,0.5601007973448976,1
0.0,0.0,0.0,0.2,0.5328,0.0,0.0,0.0,v18_3254,0,H,corpus_expansion_5000,0.2180590492009996,0
0.0,0.0,0.0,0.6,0.1265,0.0,0.0,0.0,v18_3725,0,M,corpus_expansion_5000,0.28739571514967194,0
0.0,0.0,0.0,0.8,0.0,0.0,0.0,0.0,v18_1260,1,H,corpus_expansion_5000,0.3451374483123983,0
0.3,0.0,0.0,0.0,0.0,0.0,0.0,0.3768,v18_1558,1,M,corpus_expansion_5000,0.4243540681014998,1
0.0,0.0,0.0,0.7,0.7608,0.0,0.0,0.0,v18_3269,0,H,corpus_expansion_5000,0.49551626628550255,1
0.0,0.0,0.0,0.4,0.1765,0.0,0.0,0.1424,v18_4046,0,M,corpus_expansion_5000,0.21936841312073682,0
0.0,0.0,0.3911,0.3,0.0,0.3333,0.0,0.0,v18_0756,1,H,new_high_w1_pany,0.3191154688733861,0
0.0,0.0,0.0,0.7,0.4462,0.0,0.6667,0.0,v18_1010,1,M,corpus_expansion_5000,0.5127531203289604,1
0.0,0.0,0.0,0.5,0.2598,1.0,0.6667,0.0,v18_2794,1,M,corpus_expansion_5000,0.8399458396436508,1
0.0,0.0,0.0,0.2,0.3738,0.0,0.0,0.0,v18_2905,0,H,corpus_expansion_5000,0.1900918089953352,0
0.0,0.0,0.0,0.1,0.0,0.0,0.0,0.2908,v18_1870,1,M,corpus_expansion_5000,0.11114977752989803,0
0.0,0.0,0.0,0.0,0.259,0.6667,0.0,0.4474,v18_2229,1,M,corpus_expansion_5000,0.36898453975431067,0
0.3,0.0,0.0,0.65,0.0,0.3333,0.0,0.0,v18_1173,1,M,corpus_expansion_5000,0.8552966653621286,1
0.3,0.0,0.0,1.0,0.0,0.0,0.0,0.0,v18_1832,1,M,corpus_expansion_5000,0.8516062024164845,1
0.0,0.0,0.0,0.8,0.0,1.0,0.0,0.0,v18_0376,1,H,new_high_w1_pany,0.8282355492157261,1
0.0,0.0,0.0,0.5,0.0,0.0,0.0,0.0,v18_3853,0,H,corpus_expansion_5000,0.22311587068072297,0
0.0,0.0,0.3213,0.2,0.0,0.0,0.0,0.456,v18_3616,0,M,corpus_expansion_5000,0.14673715033279403,0
0.0,0.0,0.0,1.0,0.0,0.0,0.0,0.0,v18_0798,1,M,corpus_expansion_5000,0.4413369854724032,1
0.0,0.0,0.0,0.8,0.0,0.0,0.0,0.3391,v18_0378,0,H,v17_reused,0.3393728111437927,0
0.0,0.0,0.0,0.0,0.3084,0.0,0.0,0.0,v18_1158,1,M,corpus_expansion_5000,0.127297206046095,0
0.0,0.0,0.0,0.1,0.0,0.0,0.0,0.0,v18_3819,0,H,corpus_expansion_5000,0.1133379569328199,0
0.0,0.0,0.0,0.0,0.0,0.0,0.0,0.1686,v18_2792,1,M,corpus_expansion_5000,0.09345214088369544,0
0.0,0.0,0.4759,0.8,0.4759,0.0,0.0,0.9483,v18_2240,1,M,corpus_expansion_5000,0.4986454219465896,1
0.0,0.0,0.0,0.5,0.4707,0.0,0.0,0.9437,v18_4035,0,M,corpus_expansion_5000,0.3082112784635874,0
0.0,0.0,0.0,0.55,0.0,0.0,0.0,0.0,v18_2662,1,M,corpus_expansion_5000,0.2411447352040636,0
0.0,0.0,0.0,0.25,0.0,0.0,0.0,0.7364,v18_4012,0,M,corpus_expansion_5000,0.14074188085942457,0
0.0,0.0,0.0,0.6,0.8132,0.0,0.0,0.0,v18_2957,0,H,corpus_expansion_5000,0.4592178922204229,1
0.5,0.0,0.0,0.6,0.0,0.0,0.0,0.5436,v18_3927,0,M,corpus_expansion_5000,0.9019170330102421,1
0.0,0.0,0.0,0.95,0.0,0.0,1.0,0.0,v18_1038,1,M,corpus_expansion_5000,0.5690938689597135,1
0.0,0.0,0.0,0.0,0.0,0.0,0.6667,0.4134,v18_3259,0,H,corpus_expansion_5000,0.13231908616066826,0
0.0,0.0,0.0,0.0,0.0,0.0,0.0,0.0,v18_1344,1,H,corpus_expansion_5000,0.0945363922261271,0
0.0,0.0,0.6925,0.2,0.0,0.0,0.0,0.7041,v18_2505,1,M,corpus_expansion_5000,0.16377011395146804,0
0.0,0.0,0.0,0.4,0.2364,0.0,0.0,0.3469,v18_1721,1,M,corpus_expansion_5000,0.227963616271505,0
0.0,0.0,0.0,0.75,0.0,0.0,0.0,0.0,v18_4663,0,L,corpus_expansion_5000,0.32263931900913917,0
0.0,0.0,0.9499,0.7,0.0,0.0,0.0,0.8511,v18_0175,1,H,new_mid_w1_p1,0.37132150058833363,0
0.0,0.0,0.0,0.8,0.0,0.6667,0.0,0.1958,v18_4893,0,M,corpus_expansion_5000,0.6943585338747226,1
0.0,0.0,0.0,0.0,0.0,0.0,0.0,0.3357,v18_1909,1,M,corpus_expansion_5000,0.09238855429688224,0
0.0,0.0,0.0,0.65,0.0,0.0,0.0,0.0,v18_0045,0,H,new_low_w0_pany,0.28008474130873345,0
0.0,0.0,0.0,0.95,0.0,0.0,0.0,0.0,v18_3409,0,H,corpus_expansion_5000,0.4165568777450921,0
0.0,0.0,0.0,0.9,0.0,0.6667,0.0,0.0,v18_4674,0,M,corpus_expansion_5000,0.7384126165357974,1
0.0,0.0,0.0,0.2,0.3327,0.0,0.0,0.0,v18_1075,1,M,corpus_expansion_5000,0.18332545979262563,0
0.0,0.0,0.0,0.5,0.5377,1.0,0.0,0.0,v18_2829,1,M,corpus_expansion_5000,0.8247798241919257,1
0.0,0.0,0.0,0.5,0.0,0.6667,0.0,0.0,v18_1504,1,M,corpus_expansion_5000,0.5568147099660213,1
0.0,0.0,0.0,0.0,0.5444,0.0,0.0,0.0,v18_2309,1,L,corpus_expansion_5000,0.15853345779062764,0
0.0,0.0,0.0,0.1,0.4284,0.3333,0.8,0.9687,v18_1436,1,M,corpus_expansion_5000,0.3927271854371199,0
0.0,0.0,0.0,0.4,0.0,0.0,0.8,0.3478,v18_2418,1,M,corpus_expansion_5000,0.2720643639066476,0
0.0,0.0,0.0,0.0,0.2647,0.0,0.6667,0.0,v18_3986,0,M,corpus_expansion_5000,0.17330535732924368,0
0.0,0.0,0.0,0.8,0.7099,0.0,0.0,0.0,v18_3098,0,H,corpus_expansion_5000,0.5322668994455882,1
0.0,0.0,0.0,0.65,0.0,0.0,0.0,0.0,v18_4588,0,M,corpus_expansion_5000,0.28008474130873345,0
0.0,0.0,0.0,0.0,0.0,0.0,0.8,0.893,v18_0283,1,H,new_high_w1_pany,0.1376632225812086,0
0.0,0.0,0.4003,0.1,0.0,0.0,0.0,0.6959,v18_4918,0,M,corpus_expansion_5000,0.12463379690311131,0
0.0,0.0,0.0,0.55,0.0,0.0,0.0,0.0,v18_0842,1,M,corpus_expansion_5000,0.2411447352040636,0
0.3,0.0,0.0,0.3,0.0,0.0,0.0,0.2112,v18_1513,1,M,corpus_expansion_5000,0.5780316606905712,1
0.0,0.0,0.1404,0.0,0.0,0.0,0.0,0.3012,v18_1168,1,M,corpus_expansion_5000,0.09744364620977584,0
0.0,0.0,0.0,0.1,0.0,0.0,0.0,0.0,v18_1592,1,M,corpus_expansion_5000,0.1133379569328199,0
0.0,0.0,0.1378,0.0,0.3591,0.0,0.6667,0.1107,v18_3460,0,H,corpus_expansion_5000,0.19573380419737688,0
0.0,0.0,0.4949,0.2,0.0,0.0,0.6667,0.4036,v18_3165,0,H,corpus_expansion_5000,0.21808828163078725,0
0.0,0.0,0.0,0.0,0.2844,0.0,0.0,0.7253,v18_2284,1,M,corpus_expansion_5000,0.11858844106921634,0
0.0,0.0,0.0,0.4,0.7355,0.0,0.0,0.2883,v18_3575,0,H,corpus_expansion_5000,0.33754438072065696,0
0.0,0.0,0.0,0.75,0.0,0.0,0.0,0.0,v18_4870,0,M,corpus_expansion_5000,0.32263931900913917,0
0.0,0.0,0.0,1.0,0.0,0.0,0.0,0.0,v18_2305,1,M,corpus_expansion_5000,0.4413369854724032,1
0.0,0.0,0.0,0.0,0.3674,0.3333,0.0,0.4167,v18_0952,1,H,corpus_expansion_5000,0.2396217554773635,0
0.0,0.0,0.0,0.5,0.0,0.0,0.0,0.0,v18_4942,0,M,corpus_expansion_5000,0.22311587068072297,0
0.0,0.0,0.1684,0.6,0.1684,0.0,0.0,0.0,v18_3053,0,H,corpus_expansion_5000,0.3110605656241452,0
0.0,0.0,0.0,0.5,0.0,0.0,0.0,0.2709,v18_4559,0,L,corpus_expansion_5000,0.21958995395437764,0
0.0,0.0,0.0,0.3,0.0,0.3333,0.0,0.2966,v18_2685,1,L,corpus_expansion_5000,0.28152056024905125,0
0.0,0.0,0.0,0.1,0.0,0.0,0.0,0.9138,v18_1489,1,M,corpus_expansion_5000,0.10658607074520558,0
0.0,0.0,0.0,0.3,0.0,0.0,0.0,0.7634,v18_0927,1,M,corpus_expansion_5000,0.1531644268793873,0
0.3,0.0,0.0953,0.2,0.5512,0.0,0.0,0.3785,v18_1209,1,M,corpus_expansion_5000,0.6760172754569401,1
0.0,0.0,0.0,0.6,0.0,1.0,0.0,0.0,v18_3973,0,M,corpus_expansion_5000,0.7628608656713506,1
0.0,0.0,0.0,0.0,0.0,0.0,0.0,0.0,v18_3545,0,H,corpus_expansion_5000,0.0945363922261271,0
0.0,0.0,0.5394,0.1,0.3213,0.0,0.0,0.6563,v18_4361,0,M,corpus_expansion_5000,0.17622106900317108,0
0.0,0.0,0.0,0.3,0.0,0.0,0.0,0.0,v18_1921,1,M,corpus_expansion_5000,0.16079228470839807,0
0.5,0.0,0.3911,0.1,0.0,0.0,0.0,0.8511,v18_0351,1,H,new_high_w1_pany,0.7925423395600202,1
0.0,0.0,0.0,0.0,0.0,0.0,0.0,0.2262,v18_4898,0,M,corpus_expansion_5000,0.09308428396933952,0
0.0,0.0,0.0,0.8,0.0,0.0,0.0,0.0,v18_3393,0,H,corpus_expansion_5000,0.3451374483123983,0
0.0,0.0,0.0,0.9,0.3078,0.0,0.0,0.0,v18_2721,1,M,corpus_expansion_5000,0.47393140328115213,1
0.3,0.2,0.0,0.0,0.3091,1.0,0.0,0.6917,v18_4981,0,M,corpus_expansion_5000,0.9208692842873418,1
0.0,0.0,0.0,0.85,0.0,0.3333,0.0,0.8647,v18_0718,0,H,new_mid_w1_p0,0.5332547558128448,1
0.0,0.0,0.0,0.0,0.0,0.0,0.0,0.0,v18_2702,1,L,corpus_expansion_5000,0.0945363922261271,0
0.0,0.0,0.0,0.3,0.0,0.0,0.0,0.4668,v18_2722,1,M,corpus_expansion_5000,0.15609222625999986,0
0.0,0.0,0.3238,0.9,0.0,0.0,0.0,0.0,v18_4561,0,M,corpus_expansion_5000,0.4235101483747512,1
0.0,0.0,0.5654,1.0,0.0,0.0,0.0,0.0,v18_0308,0,H,v17_reused,0.4976972215206792,1
0.0,0.0,0.0,0.35,0.0,0.0,0.0,0.0,v18_1675,1,M,corpus_expansion_5000,0.17491898592996105,0
0.0,0.0,0.4079,0.0,0.0,0.0,0.0,0.0,v18_0833,1,M,corpus_expansion_5000,0.10948252504348162,0
0.0,0.0,0.0,0.25,0.0,0.0,0.0,0.4866,v18_0366,0,H,v17_reused,0.14303868621675692,0
0.0,0.0,0.0,0.85,0.0,0.0,0.0,0.0,v18_4506,0,H,corpus_expansion_5000,0.36835127139997426,0
0.0,0.0,0.0,0.6,0.0,0.0,0.0,0.0,v18_2078,1,M,corpus_expansion_5000,0.2601425988962303,0
0.0,0.0,0.0,1.0,0.0,0.0,0.0,0.0,v18_4038,0,M,corpus_expansion_5000,0.4413369854724032,1
0.0,0.0,0.0,0.3,0.4893,0.0,0.0,0.0,v18_4846,0,M,corpus_expansion_5000,0.24567625151580966,0
0.0,0.0,0.0,0.3,0.5248,0.0,0.0,0.0,v18_4479,0,M,corpus_expansion_5000,0.25287917411975597,0
0.0,0.0,0.3984,0.6,0.0,0.0,0.0,0.0,v18_1746,1,M,corpus_expansion_5000,0.29201675595757043,0
0.0,0.0,0.3789,0.1,0.0,0.0,0.0,0.8398,v18_0019,0,H,new_mid_w1_p0,0.12252823691761389,0
0.0,0.0,0.0,0.0,0.0,0.0,0.0,0.2645,v18_1322,1,H,corpus_expansion_5000,0.092840404417389,0
0.0,0.0,0.0,0.0,0.0,0.0,0.0,0.1766,v18_3567,0,H,corpus_expansion_5000,0.09340097178488237,0
0.0,0.0,0.0,0.9,0.0,0.0,0.0,0.0,v18_2521,1,M,corpus_expansion_5000,0.3921913672632442,0
0.0,0.0,0.0,0.3,0.0,0.0,0.0,0.3244,v18_0218,0,H,v17_reused,0.15751401678324867,0
0.0,0.0,0.1254,0.0,0.0,0.6667,0.0,0.9433,v18_1487,1,M,corpus_expansion_5000,0.3090399381405155,0
0.0,0.0,0.0,0.0,0.0,0.0,0.0,0.0,v18_0438,0,H,v17_reused,0.0945363922261271,0
0.0,0.0,0.0,0.2,0.0,0.3333,0.0,0.0,v18_4174,0,M,corpus_expansion_5000,0.24658569031706137,0
0.0,0.0,0.4149,0.0,0.2351,0.0,0.0,0.9198,v18_2750,1,M,corpus_expansion_5000,0.12923049925506874,0
0.0,0.0,0.0,0.2,0.0,0.0,0.0,0.3213,v18_3288,0,H,corpus_expansion_5000,0.13250597082700874,0
0.0,0.0,0.0,0.1,0.4618,0.0,0.0,0.3842,v18_3433,0,H,corpus_expansion_5000,0.17003443688738976,0
0.0,0.0,0.0,0.2,0.0,0.0,0.0,0.0,v18_2525,1,M,corpus_expansion_5000,0.1353199798207458,0
0.0,0.0,0.0,0.0,0.0,0.0,0.0,0.8996,v18_4650,0,L,corpus_expansion_5000,0.08887920582476057,0
0.0,0.0,0.0,0.0,0.0,0.0,0.0,0.4497,v18_3688,0,M,corpus_expansion_5000,0.09166919898354914,0
0.0,0.0,0.0,0.0,0.0,0.0,0.0,0.0,v18_2763,1,M,corpus_expansion_5000,0.0945363922261271,0
0.0,0.0,0.0,0.0,0.2574,0.3333,0.0,0.7275,v18_0802,1,H,corpus_expansion_5000,0.2145867838114902,0
0.0,0.0,0.2461,0.0,0.0,0.0,0.0,0.1987,v18_2997,0,H,corpus_expansion_5000,0.1019385886310648,0
0.3,0.0,0.1664,0.0,0.7202,0.6667,0.0,0.0,v18_2228,1,M,corpus_expansion_5000,0.8856381136234749,1
0.0,0.0,0.0,0.0,0.2256,0.0,0.6667,0.4525,v18_4785,0,L,corpus_expansion_5000,0.16260839235845012,0
0.0,0.0,0.0,0.65,0.0,0.0,1.0,0.9305,v18_2077,1,M,corpus_expansion_5000,0.4014971739057278,0
0.0,0.0,0.0,0.9,0.0,0.0,0.75,0.0,v18_0582,0,H,new_mid_w0_p0,0.5057995213474987,1
0.0,0.0,0.0,0.1,0.0,0.0,0.0,0.0,v18_0203,1,H,new_high_w1_pany,0.1133379569328199,0
0.0,0.0,0.0,0.7,0.0,0.0,0.0,0.0,v18_4346,0,M,corpus_expansion_5000,0.30093381222399707,0
0.0,0.0,0.0,0.5,0.6059,0.0,0.0,0.0,v18_3478,0,H,corpus_expansion_5000,0.35648912968706037,0
0.0,0.0,0.0,0.3,0.0,0.0,0.0,0.0,v18_2929,0,H,corpus_expansion_5000,0.16079228470839807,0
0.0,0.0,0.0,0.0,0.0,0.3333,0.0,0.0,v18_3085,0,H,corpus_expansion_5000,0.17921858498670093,0
0.0,0.0,0.0,0.6,0.0,0.0,0.0,0.2635,v18_1018,1,M,corpus_expansion_5000,0.256331041900298,0
0.0,0.0,0.0,0.2,0.0,0.3333,0.0,0.3875,v18_1583,1,M,corpus_expansion_5000,0.24118960934263958,0
0.0,0.0,0.0,0.9,0.0,0.0,0.0,0.0,v18_1032,1,H,corpus_expansion_5000,0.3921913672632442,0
0.0,0.0,0.0,0.3,0.0,0.0,0.0,0.7628,v18_1718,1,M,corpus_expansion_5000,0.15317030393141737,0
0.0,0.0,0.0,0.0,0.0,0.3333,0.0,0.9317,v18_1281,1,H,corpus_expansion_5000,0.16910132416987506,0
0.0,0.0,0.0,0.25,0.0,0.0,0.0,0.9946,v18_2498,1,M,corpus_expansion_5000,0.1384003364158388,0
0.0,0.0,0.0,0.35,0.0,0.3333,0.0,0.0,v18_3350,0,H,corpus_expansion_5000,0.30717771780997927,0
0.0,0.0,0.0,0.0,0.0,0.0,0.0,0.0,v18_0517,0,H,new_mid_w1_p0,0.0945363922261271,0
0.3,0.0,0.0,0.1,0.0,0.0,0.0,0.5631,v18_1747,1,M,corpus_expansion_5000,0.4708777597412107,1
0.0,0.0,0.0,0.2,0.0,0.0,0.0,0.0,v18_4652,0,M,corpus_expansion_5000,0.1353199798207458,0
0.0,0.0,0.0,0.65,0.0,0.0,0.75,0.0,v18_3732,0,M,corpus_expansion_5000,0.3816072118018177,0
0.0,0.0,0.0,0.2,0.0,0.0,0.0,0.7955,v18_0668,0,H,v17_reused,0.1284435575360204,0
0.0,0.0,0.0,0.3,0.0,0.3333,0.0,0.2999,v18_4059,0,M,corpus_expansion_5000,0.28147015692111366,0
0.0,0.0,0.0,0.3,0.0,0.0,0.0,0.3095,v18_3026,0,H,corpus_expansion_5000,0.15766339248712483,0
0.0,0.0,0.0,0.8,0.0,0.6667,0.0,0.3153,v18_4932,0,L,corpus_expansion_5000,0.6924400071252398,1
0.0,0.0,0.0,0.45,0.0,0.0,0.6667,0.0,v18_3286,0,H,corpus_expansion_5000,0.2811603874862428,0
0.0,0.0,0.0,0.1,0.2324,0.0,0.0,0.1886,v18_2650,1,M,corpus_expansion_5000,0.1395123938491532,0
0.0,0.0,0.0,0.0,0.3463,0.0,0.0,0.1265,v18_4453,0,M,corpus_expansion_5000,0.13084259476394489,0
0.0,0.0,0.3238,0.2,0.0,0.0,0.0,0.4545,v18_3192,0,H,corpus_expansion_5000,0.14687679629681868,0
0.0,0.0,0.0,0.9,0.0,0.0,0.0,0.0,v18_2124,1,M,corpus_expansion_5000,0.3921913672632442,0
0.0,0.0,0.0,0.4,0.6011,0.0,0.0,0.0,v18_3375,0,H,corpus_expansion_5000,0.31040808473842585,0
0.0,0.0,0.0,0.0,0.0,0.3333,0.0,0.3514,v18_3392,0,H,corpus_expansion_5000,0.17534823506544606,0
0.0,0.0,0.0,0.0,0.0,0.0,0.0,0.0,v18_3485,0,H,corpus_expansion_5000,0.0945363922261271,0
0.0,0.0,0.0,0.9,0.7883,0.3333,0.6667,0.0,v18_0759,0,H,new_mid_w1_p0,0.8269998396402619,1
0.0,0.0,0.0,0.0,0.0,0.0,0.0,0.0,v18_3379,0,H,corpus_expansion_5000,0.0945363922261271,0
0.0,0.0,0.0,0.25,0.2631,0.3333,0.0,0.0,v18_4440,0,H,corpus_expansion_5000,0.3250969449030547,0
0.0,0.0,0.0,0.0,0.0,0.0,0.0,0.0,v18_2526,1,M,corpus_expansion_5000,0.0945363922261271,0
0.0,0.0,0.0,0.25,0.0,0.3333,0.8333,0.0,v18_4858,0,L,corpus_expansion_5000,0.3767950318890987,0
0.3,0.0,0.0,1.0,0.0,0.0,0.0,0.0,v18_0907,1,M,corpus_expansion_5000,0.8516062024164845,1
0.0,0.0,0.0,0.4,0.0,0.0,0.0,0.5312,v18_2683,1,M,corpus_expansion_5000,0.18390866476300863,0
0.0,0.0,0.6227,0.4,0.0,0.0,0.0,0.0,v18_0214,0,H,v17_reused,0.23138828634415198,0
0.0,0.0,0.0,0.5,0.0,0.0,0.0,0.0,v18_3331,0,H,corpus_expansion_5000,0.22311587068072297,0
0.0,0.0,0.0,0.1,0.0,0.0,0.0,0.0,v18_4458,0,L,corpus_expansion_5000,0.1133379569328199,0
0.0,0.0,0.0,0.3,0.0,0.3333,0.0,0.0,v18_0693,0,H,v17_reused,0.2860730847351194,0
0.3,0.15,0.0,0.9,0.3045,0.0,0.0,0.1338,v18_1503,1,M,corpus_expansion_5000,0.8849869545165577,1
0.3,0.0,0.0,0.2,0.0,0.3333,0.0,0.2443,v18_2414,1,M,corpus_expansion_5000,0.7000714023610185,1
0.0,0.0,0.0,0.3,0.0,0.0,0.0,0.0,v18_2118,1,M,corpus_expansion_5000,0.16079228470839807,0
0.0,0.0,0.0,0.5,0.0,0.0,0.0,0.4,v18_3858,0,M,corpus_expansion_5000,0.2179237930490512,0
0.0,0.0,0.0,0.4,0.0,0.0,0.0,0.6303,v18_2462,1,M,corpus_expansion_5000,0.18278811559228655,0
0.0,0.0,0.0,0.0,0.3056,0.0,0.0,0.0,v18_3635,0,H,corpus_expansion_5000,0.12696031229635465,0
0.0,0.0,0.0,0.75,0.0,0.0,0.0,0.0,v18_4105,0,M,corpus_expansion_5000,0.32263931900913917,0
0.0,0.0,0.0,0.9,0.0,0.3333,1.0,0.0,v18_4478,0,L,corpus_expansion_5000,0.7139774023952976,1
0.0,0.0,0.3394,0.8,0.3394,0.0,0.8333,0.7242,v18_0196,0,H,new_low_w0_pany,0.5796551237496729,1
0.0,0.0,0.0,0.1,0.4149,0.0,0.0,0.9469,v18_4667,0,M,corpus_expansion_5000,0.15726380251086222,0
0.0,0.0,0.0,0.25,0.0,0.0,0.0,0.8647,v18_1543,1,M,corpus_expansion_5000,0.13957424974302188,0
0.0,0.0,0.1046,0.4,0.0,0.0,0.0,0.6808,v18_1330,1,M,corpus_expansion_5000,0.18854739780300583,0
0.0,0.0,0.3611,0.2,0.0,0.3333,0.0,0.9965,v18_0879,1,M,corpus_expansion_5000,0.25970848315275524,0
0.0,0.0,0.0,0.3,0.0,0.0,0.0,0.0,v18_4502,0,L,corpus_expansion_5000,0.16079228470839807,0
0.0,0.0,0.0,0.3,0.0,0.0,0.0,0.0,v18_3501,0,H,corpus_expansion_5000,0.16079228470839807,0
0.0,0.0,0.305,0.4,0.305,0.0,0.0,0.2498,v18_3894,0,H,corpus_expansion_5000,0.2658202322195692,0
0.0,0.0,0.0,0.65,0.0,0.0,0.0,0.0,v18_4990,0,M,corpus_expansion_5000,0.28008474130873345,0
0.0,0.0,0.2315,0.0,0.2315,0.3333,0.0,0.4055,v18_0887,1,M,corpus_expansion_5000,0.22996443824481475,0
0.0,0.0,0.0,0.8,0.2806,1.0,0.0,0.784,v18_1345,1,H,corpus_expansion_5000,0.8603520433712121,1
0.3,0.0,0.0,0.1,0.0,0.0,0.0,0.3109,v18_0068,0,H,new_mid_w0_p0,0.475625440898493,1
0.0,0.0,0.0,0.35,0.0,0.0,0.7143,0.4866,v18_4210,0,M,corpus_expansion_5000,0.24075326040039874,0
0.0,0.0,0.0,0.0,0.3738,0.0,0.0,0.0,v18_1815,1,M,corpus_expansion_5000,0.13538536467280635,0
0.0,0.0,0.0,0.9,0.0,0.0,0.0,0.0,v18_0568,0,H,new_mid_w0_p0,0.3921913672632442,0
0.0,0.0,0.0,0.3,0.0,0.0,0.0,0.4236,v18_2167,1,L,corpus_expansion_5000,0.1565224472613618,0
0.0,0.0,0.0,0.55,0.0,0.0,0.0,0.4866,v18_0096,1,H,new_high_w1_pany,0.2344844413536289,0
0.0,0.0,0.0,0.5,0.0,0.3333,0.0,0.5095,v18_4181,0,M,corpus_expansion_5000,0.36626720586661443,0
0.5,0.0,0.3875,0.0,0.0,0.0,0.0,0.8511,v18_3353,0,H,corpus_expansion_5000,0.7570371679004028,1
0.0,0.0,0.0,1.0,0.9643,0.0,0.0,0.0,v18_0139,1,H,new_mid_w1_p1,0.6920738657088753,1
0.0,0.0,0.0,0.45,0.0,0.0,0.0,0.0,v18_4954,0,M,corpus_expansion_5000,0.2060688837501653,0
0.0,0.0,0.0,0.05,0.5654,0.0,0.0,0.0,v18_2602,1,M,corpus_expansion_5000,0.17577706886254474,0
0.0,0.0,0.0,0.2,0.0,0.0,0.0,0.0,v18_4023,0,M,corpus_expansion_5000,0.1353199798207458,0
0.0,0.0,0.2528,0.9,0.767,0.0,0.0,0.0,v18_4772,0,L,corpus_expansion_5000,0.6212402787211939,1
0.8,0.6667,0.0,1.0,0.3201,0.6667,0.0,0.0,v18_1606,1,M,corpus_expansion_5000,0.999526831971809,1
0.0,0.0,0.0,0.0,0.0,0.0,0.0,0.7848,v18_1629,1,M,corpus_expansion_5000,0.08958375351262997,0
0.3,0.0,0.0,0.2,0.3492,0.0,0.0,0.0,v18_1539,1,M,corpus_expansion_5000,0.6240807500853555,1
0.0,0.0,0.0,0.0,0.0773,0.3333,0.0,0.5637,v18_1694,1,M,corpus_expansion_5000,0.1853662927697712,0
0.0,0.0,0.0,0.45,0.0,0.0,0.8333,0.4866,v18_2059,1,M,corpus_expansion_5000,0.29463307552696333,0
0.0,0.0,0.0,0.7,0.0,0.0,0.0,0.0,v18_0463,0,H,v17_reused,0.30093381222399707,0
0.0,0.0,0.0,0.35,0.0,0.0,0.0,0.0,v18_2330,1,M,corpus_expansion_5000,0.17491898592996105,0
0.0,0.0,0.0,0.3,0.4992,0.0,0.0,0.0,v18_3043,0,H,corpus_expansion_5000,0.24767096429543195,0
0.3,0.0,0.0,0.4,0.0,0.5833,0.0,0.6272,v18_4734,0,L,corpus_expansion_5000,0.8553113535814503,1
0.3,0.2,0.0,0.8,0.0,0.0,0.0,0.0,v18_0594,0,H,v17_reused,0.828725972464913,1
0.3,0.2,0.0,0.0,0.3577,0.3333,0.0,0.9341,v18_3814,0,M,corpus_expansion_5000,0.7335605413829477,1
0.0,0.0,0.0,0.2,0.0,0.0,1.0,0.5436,v18_0625,0,H,new_high_w1_pany,0.2174329183771929,0
0.0,0.0,0.0,0.7,0.5938,0.0,0.0,0.9926,v18_0450,0,H,new_mid_w0_p0,0.431933173223743,1
0.0,0.0,0.0,0.0,0.2157,0.3333,0.0,0.8777,v18_1499,1,M,corpus_expansion_5000,0.20520857548482635,0
0.0,0.0,0.0,0.0,0.0,0.0,0.0,0.8823,v18_2456,1,M,corpus_expansion_5000,0.08898505803892827,0
0.3,0.0,0.1283,0.2,0.1283,0.6667,0.0,0.1026,v18_4722,0,M,corpus_expansion_5000,0.8565452898312056,1
0.0,0.0,0.0,0.6,0.0,0.0,0.0,0.0,v18_2984,0,H,corpus_expansion_5000,0.2601425988962303,0
0.0,0.0,0.0,0.1,0.0,0.0,0.0,0.8404,v18_1569,1,M,corpus_expansion_5000,0.10711505246201655,0
0.0,0.0,0.0,0.9,0.0,0.0,0.0,0.0,v18_1034,1,M,corpus_expansion_5000,0.3921913672632442,0
0.0,0.0,0.0,0.25,0.0,0.0,0.0,0.0,v18_3518,0,H,corpus_expansion_5000,0.1476023763660605,0
0.0,0.0,0.0,0.3,0.0,0.0,0.0,0.0,v18_1557,1,M,corpus_expansion_5000,0.16079228470839807,0
0.0,0.0,0.0,0.8,0.0,0.3333,0.0,0.0,v18_3624,0,M,corpus_expansion_5000,0.5243130518360242,1
0.0,0.0,0.0,0.5,0.0,0.3333,0.0,0.0,v18_4664,0,L,corpus_expansion_5000,0.3752431354790696,0
0.0,0.0,0.0,0.4,0.0,0.0,0.0,0.2883,v18_0150,0,H,new_mid_w0_p0,0.186677684723329,0
0.0,0.0,0.0,0.75,0.0,0.0,0.0,0.7364,v18_1420,1,M,corpus_expansion_5000,0.3106077524538265,0
0.3,0.0,0.0,0.7,0.0,0.0,0.0,0.0,v18_2011,1,M,corpus_expansion_5000,0.7577048528648269,1
0.0,0.0,0.0,0.7,0.0,0.0,0.0,0.0,v18_2686,1,M,corpus_expansion_5000,0.30093381222399707,0
0.0,0.0,0.3722,0.4,0.0,0.0,0.75,0.7671,v18_1786,1,M,corpus_expansion_5000,0.2895705106934872,0
0.0,0.0,0.0,1.0,0.6733,0.0,0.0,0.0,v18_0088,0,H,new_mid_w0_p0,0.6211206420662264,1
0.0,0.0,0.0,0.1,0.0,0.0,1.0,0.6628,v18_0457,0,H,new_mid_w0_p0,0.18361223420384012,0
0.0,0.0,0.0,0.2,0.0,0.0,0.0,0.0,v18_1305,1,M,corpus_expansion_5000,0.1353199798207458,0
0.5,0.0,0.0,0.25,0.0,0.0,0.0,0.0,v18_2925,0,H,corpus_expansion_5000,0.8251239609220575,1
0.0,0.0,0.4079,0.8,0.0,0.3333,0.0,0.0,v18_3270,0,H,corpus_expansion_5000,0.5648214880749929,1
0.0,0.0,0.0,0.0,0.505,0.0,0.0,0.0,v18_3227,0,H,corpus_expansion_5000,0.15291728462565163,0
0.0,0.0,0.0,0.1,0.0,0.0,0.0,0.5988,v18_1988,1,L,corpus_expansion_5000,0.10887256954965677,0
0.0,0.0,0.0,0.3,0.2883,0.0,0.0,0.0,v18_3754,0,H,corpus_expansion_5000,0.20755164041364976,0
0.0,0.0,0.0,1.0,0.0,0.0,0.6667,0.0,v18_3646,0,M,corpus_expansion_5000,0.5434738198858534,1
0.0,0.0,0.0,0.3,0.0,0.0,0.0,0.9042,v18_0831,1,M,corpus_expansion_5000,0.1517903805359531,0
0.0,0.0,0.0,0.9,0.0,0.0,0.0,0.0,v18_0239,0,H,new_mid_w1_p0,0.3921913672632442,0
0.0,0.0,0.0,0.3,0.0,0.0,0.0,0.0,v18_4681,0,L,corpus_expansion_5000,0.16079228470839807,0
0.0,0.0,0.0,0.9,0.0,0.0,0.0,0.0,v18_3022,0,H,corpus_expansion_5000,0.3921913672632442,0
0.0,0.0,0.0,0.7,0.0,0.0,0.0,0.0,v18_3148,0,H,corpus_expansion_5000,0.30093381222399707,0
0.0,0.0,0.0,0.3,0.0,0.0,0.0,0.0,v18_1946,1,M,corpus_expansion_5000,0.16079228470839807,0
0.0,0.0,0.5654,0.45,0.0,0.3333,0.0,0.4866,v18_2775,1,M,corpus_expansion_5000,0.39623092801523313,0
0.0,0.0,0.0,0.3,0.0,0.0,0.0,0.7113,v18_0192,0,H,v17_reused,0.15367543954699134,0
0.0,0.0,0.0,0.4,0.5227,0.0,0.8,0.0,v18_4849,0,M,corpus_expansion_5000,0.4034389532222642,0
0.0,0.15,0.0,1.0,0.0,0.0,0.0,0.2293,v18_4939,0,L,corpus_expansion_5000,0.4806427980857302,1
0.0,0.0,0.0,0.1,0.0,0.0,0.0,0.7157,v18_0944,1,M,corpus_expansion_5000,0.10801904213810284,0
0.0,0.0,0.369,0.2,0.0,0.0,0.0,0.9603,v18_1268,1,M,corpus_expansion_5000,0.14437760475291772,0
0.0,0.0,0.0,0.0,0.1851,0.0,0.0,0.0,v18_4231,0,M,corpus_expansion_5000,0.11317000625789762,0
0.0,0.0,0.3018,0.0,0.0,0.0,0.0,0.5684,v18_2307,1,M,corpus_expansion_5000,0.10142683793419635,0
0.0,0.0,0.0,0.3,0.0,0.0,0.0,0.8694,v18_4424,0,L,corpus_expansion_5000,0.15212904411586817,0
0.0,0.0,0.0,0.7,0.0,1.0,0.0,0.0,v18_4711,0,L,corpus_expansion_5000,0.797509549022906,1
0.0,0.0,0.0,0.2,0.0,0.0,0.0,0.827,v18_2313,1,L,corpus_expansion_5000,0.12817749791593616,0
0.0,0.0,0.0,0.0,0.0,0.3333,0.0,0.0,v18_3214,0,H,corpus_expansion_5000,0.17921858498670093,0
0.0,0.0,0.0,0.2,0.0,0.0,0.0,0.9414,v18_2732,1,M,corpus_expansion_5000,0.1272151882761766,0
0.0,0.0,0.0,0.85,0.0,0.0,0.6667,0.0,v18_1926,1,M,corpus_expansion_5000,0.4677390838333056,1
0.0,0.0,0.0,1.0,0.7449,0.0,0.0,0.0,v18_4227,0,M,corpus_expansion_5000,0.6392111355973198,1
0.0,0.0,0.0,0.65,0.0,0.0,0.0,0.0,v18_4676,0,L,corpus_expansion_5000,0.28008474130873345,0
0.5,0.0,0.0,0.8,0.0,1.0,0.0,0.0,v18_0800,1,M,corpus_expansion_5000,0.9924464910716374,1
0.0,0.0,0.472,0.8,0.2733,0.0,0.0,0.0,v18_3671,0,M,corpus_expansion_5000,0.4613166826765943,1
0.0,0.0,0.0,1.0,0.0,0.6667,0.6667,0.0,v18_4193,0,M,corpus_expansion_5000,0.8389153829857209,1
0.0,0.0,0.0,0.0,0.0,0.6667,0.0,0.0,v18_2968,0,H,corpus_expansion_5000,0.31354072118734344,0
0.5,0.0,0.0,0.65,0.0,0.0,0.75,0.8647,v18_4793,0,M,corpus_expansion_5000,0.9403049901400887,1
0.0,0.0,0.0,0.1,0.0,0.3333,0.0,0.1855,v18_4368,0,M,corpus_expansion_5000,0.20861624743262033,0
0.3,0.0,0.0,0.9,0.0,0.3333,1.0,0.0,v18_2776,1,M,corpus_expansion_5000,0.9477362338437526,1
0.0,0.0,0.0,0.1,0.2097,0.0,0.0,0.7245,v18_2970,0,H,corpus_expansion_5000,0.13188104082806887,0
0.0,0.0,0.0,0.0,0.0,0.0,0.0,0.0,v18_3867,0,H,corpus_expansion_5000,0.0945363922261271,0
0.0,0.0,0.0,0.5,0.384,0.0,0.0,0.8495,v18_1743,1,M,corpus_expansion_5000,0.2899991054454769,0
0.0,0.0,0.0,0.95,0.0,0.0,0.0,0.0,v18_3948,0,M,corpus_expansion_5000,0.4165568777450921,0
0.0,0.0,0.0,0.2,0.0,0.0,0.0,0.6541,v18_3802,0,H,corpus_expansion_5000,0.1296436758523923,0
0.0,0.0,0.0,0.2,0.0,0.0,0.0,0.0,v18_2024,1,M,corpus_expansion_5000,0.1353199798207458,0
0.0,0.0,0.0,0.35,0.0,0.0,0.8,0.0,v18_2274,1,L,corpus_expansion_5000,0.2574823647141369,0
0.0,0.0,0.3738,1.0,0.0,0.3333,0.0,0.0,v18_0099,1,H,new_high_w1_pany,0.6574241273716266,1
0.0,0.0,0.0,0.0,0.3722,0.0,0.0,0.0,v18_4921,0,M,corpus_expansion_5000,0.13518241857686253,0
0.0,0.0,0.0,0.45,0.0,0.0,0.0,0.0,v18_3407,0,H,corpus_expansion_5000,0.2060688837501653,0
0.0,0.0,0.0,0.45,0.8111,0.0,0.0,0.0,v18_4245,0,M,corpus_expansion_5000,0.38477547706397086,0
0.0,0.0,0.0,0.55,0.0,0.0,0.8,0.0,v18_4619,0,M,corpus_expansion_5000,0.34200983460079226,0
0.3,0.0,0.0,0.1,0.338,0.3333,0.0,0.2698,v18_4916,0,M,corpus_expansion_5000,0.7329861260080995,1
0.0,0.0,0.0,0.5,0.0,0.3333,0.0,0.9243,v18_0191,0,H,new_mid_w0_p0,0.35902723938990144,0
0.0,0.0,0.0,0.5,0.0,0.0,0.0,0.0,v18_4696,0,L,corpus_expansion_5000,0.22311587068072297,0
0.0,0.0,0.0,0.4,0.0,0.0,0.0,0.0,v18_1784,1,M,corpus_expansion_5000,0.19000580961738978,0
0.0,0.0,0.0,0.35,0.0,0.0,0.0,0.0,v18_1532,1,M,corpus_expansion_5000,0.17491898592996105,0
0.0,0.0,0.2447,0.0,0.0,0.0,0.75,0.4843,v18_2834,1,M,corpus_expansion_5000,0.14973421894816857,0
0.0,0.0,0.0,0.0,0.0,0.0,0.0,0.1037,v18_4444,0,M,corpus_expansion_5000,0.09386818029598121,0
0.0,0.0,0.0,0.2,0.0,0.0,0.0,0.0,v18_4915,0,M,corpus_expansion_5000,0.1353199798207458,0
0.0,0.0,0.0,0.0,0.0,1.0,0.0,0.7941,v18_1598,1,M,corpus_expansion_5000,0.4735811076403684,1
0.0,0.0,0.0,0.0,0.0,0.0,0.0,0.0,v18_1779,1,M,corpus_expansion_5000,0.0945363922261271,0
0.0,0.0,0.0,0.7,0.0,0.6667,0.0,0.0,v18_4900,0,L,corpus_expansion_5000,0.653167008581208,1
0.3,0.0,0.0,0.2,0.0,1.0,0.0,0.0,v18_2574,1,M,corpus_expansion_5000,0.9122907395731579,1
0.0,0.0,0.0,0.7,0.4462,0.0,0.0,0.0,v18_3398,0,H,corpus_expansion_5000,0.4111896330138989,0
0.0,0.0,0.0,0.8,0.0,0.0,0.0,0.0,v18_3975,0,M,corpus_expansion_5000,0.3451374483123983,0
0.0,0.0,0.0,1.0,0.0,0.0,0.0,0.0,v18_3770,0,H,corpus_expansion_5000,0.4413369854724032,1
0.0,0.0,0.0,0.2,0.6314,0.3333,0.0,0.856,v18_0166,0,H,v17_reused,0.37826138688823246,0
0.0,0.0,0.0,0.1,0.3463,0.0,0.0,0.0,v18_1751,1,M,corpus_expansion_5000,0.156883207513163,0
0.0,0.0,0.0,0.65,0.0,0.0,0.0,0.4866,v18_1479,1,M,corpus_expansion_5000,0.27273548435752637,0
0.3,0.2,0.0,0.0,0.1868,0.3333,0.0,0.1511,v18_1024,1,M,corpus_expansion_5000,0.708185871044357,1
0.0,0.0,0.0,0.2,0.0,0.3333,0.0,0.0,v18_1788,1,M,corpus_expansion_5000,0.24658569031706137,0
0.0,0.0,0.0,0.35,0.0,0.0,0.75,0.0,v18_2264,1,M,corpus_expansion_5000,0.25164664892226296,0
0.0,0.0,0.0,0.4,0.0,0.0,0.0,0.955,v18_2473,1,M,corpus_expansion_5000,0.1791537982491679,0
0.3,0.0,0.0,0.6,0.2226,0.0,0.0,0.0,v18_1822,1,M,corpus_expansion_5000,0.7647905207928839,1
0.0,0.0,0.6018,0.0,0.0,0.0,0.0,0.5117,v18_1220,1,M,corpus_expansion_5000,0.11334757216895708,0
0.3,0.0,0.0,0.0,0.0,0.0,0.0,0.6728,v18_1666,1,M,corpus_expansion_5000,0.41890316840323083,1
0.0,0.0,0.0,0.0,0.2538,0.3333,0.0,0.0,v18_2960,0,H,corpus_expansion_5000,0.22331343612620913,0
0.0,0.0,0.0,0.0,0.0,0.0,0.0,0.5521,v18_0152,0,H,new_mid_w0_p0,0.09102733860529963,0
0.3,0.0,0.0,0.8,0.0,0.3333,0.75,0.0,v18_2534,1,M,corpus_expansion_5000,0.9270092408458263,1
0.0,0.0,0.0,0.5,0.0,0.0,0.0,0.0,v18_4688,0,M,corpus_expansion_5000,0.22311587068072297,0
0.0,0.0,0.0,0.4,0.0,0.0,0.0,0.4371,v18_1978,1,M,corpus_expansion_5000,0.18497759610769157,0
0.0,0.0,0.0,0.3,0.0,0.0,0.0,0.3532,v18_1469,1,M,corpus_expansion_5000,0.15722561675919342,0
0.0,0.0,0.0,1.0,0.0,0.0,0.0,0.0,v18_2807,1,M,corpus_expansion_5000,0.4413369854724032,1
0.0,0.0,0.0,0.35,0.0,0.0,0.0,0.4866,v18_2512,1,M,corpus_expansion_5000,0.16967882471207463,0
0.0,0.0,0.4334,0.0,0.0,0.0,0.0,0.6919,v18_2943,0,H,corpus_expansion_5000,0.10545117587554753,0
0.0,0.0,0.0,0.2,0.3288,0.0,0.0,0.0,v18_2980,0,H,corpus_expansion_5000,0.18269319975931203,0
0.0,0.0,0.0,0.2,0.3028,0.3333,0.0,0.0,v18_4822,0,M,corpus_expansion_5000,0.31247237046248827,0
0.5,0.0,0.0,0.4,0.0,0.0,0.0,0.3124,v18_3017,0,H,corpus_expansion_5000,0.8619312109579542,1
0.0,0.0,0.0,0.75,0.0,0.0,0.6667,0.0,v18_1566,1,M,corpus_expansion_5000,0.4178524313426963,1
0.0,0.0,0.0,0.35,0.0,0.0,0.0,0.0,v18_0031,0,H,v17_reused,0.17491898592996105,0
0.0,0.0,0.0,0.0,0.882,0.0,0.0,0.9393,v18_0937,1,M,corpus_expansion_5000,0.20196452531445702,0
0.0,0.0,0.0,0.2,0.0,0.0,0.0,0.0,v18_1215,1,M,corpus_expansion_5000,0.1353199798207458,0
0.0,0.0,0.4305,0.0,0.0,0.0,0.0,0.0,v18_1937,1,M,corpus_expansion_5000,0.11036844485109495,0
0.0,0.0,0.0,0.2,0.0,0.0,0.0,0.2112,v18_1129,1,H,corpus_expansion_5000,0.13346462115782765,0
0.0,0.0,0.0,0.7,0.7373,0.0,0.0,0.9781,v18_0309,0,H,v17_reused,0.4707137827014917,1
0.0,0.0,0.0,1.0,0.0,0.0,0.0,0.0,v18_4901,0,M,corpus_expansion_5000,0.4413369854724032,1
0.0,0.0,0.0,0.85,0.0,0.0,0.0,0.0,v18_2168,1,M,corpus_expansion_5000,0.36835127139997426,0
0.0,0.0,0.0,0.2,0.0,0.0,0.0,0.0,v18_3113,0,H,corpus_expansion_5000,0.1353199798207458,0
0.0,0.0,0.9435,0.0,0.5125,0.0,0.0,0.0,v18_0495,0,H,new_mid_w0_p0,0.2098620032400554,0
0.0,0.0,0.0,0.4,0.0,0.0,0.0,0.3012,v18_0205,0,H,v17_reused,0.18652982268526705,0
0.0,0.0,0.0,0.0,0.0,0.0,0.0,0.0,v18_2673,1,M,corpus_expansion_5000,0.0945363922261271,0
0.0,0.0,0.0,0.5,0.0,0.0,0.0,0.0,v18_3357,0,H,corpus_expansion_5000,0.22311587068072297,0
0.0,0.0,0.0,0.9,0.0,1.0,1.0,0.4385,v18_3830,0,M,corpus_expansion_5000,0.9135293827389105,1
0.0,0.0,0.0,1.0,0.0,0.6667,0.8,0.0,v18_0305,1,H,new_mid_w1_p1,0.8496897880192583,1
0.0,0.0,0.0,0.8,0.3658,0.0,0.0,0.8782,v18_3793,0,M,corpus_expansion_5000,0.4230726918536915,1
0.0,0.0,0.0,0.55,0.0,0.0,0.0,0.0,v18_2201,1,M,corpus_expansion_5000,0.2411447352040636,0
0.0,0.0,0.0,0.2,0.0,0.3333,0.0,0.2333,v18_1061,1,H,corpus_expansion_5000,0.24332721018927692,0
0.3,0.0,0.5614,0.0,0.3377,0.0,0.0,0.1511,v18_0843,1,H,corpus_expansion_5000,0.575225731708319,1
0.0,0.0,0.0,0.7,0.0,0.0,0.0,0.0,v18_3872,0,H,corpus_expansion_5000,0.30093381222399707,0
0.0,0.0,0.0,0.0,0.3149,0.0,0.0,0.095,v18_2251,1,M,corpus_expansion_5000,0.12728317623043375,0
0.0,0.0,0.9636,0.2,0.0,0.3333,0.0,0.3095,v18_0211,0,H,v17_reused,0.3199038909280351,0
0.0,0.0,0.0,0.0,0.2844,0.0,0.0,0.0,v18_3997,0,M,corpus_expansion_5000,0.12443420472344577,0
0.0,0.0,0.0,0.8,0.0,0.0,0.0,0.7488,v18_0679,0,H,v17_reused,0.33247110482375264,0
0.0,0.0,0.0,0.3,0.0,0.0,0.0,0.4732,v18_0565,0,H,new_mid_w1_p0,0.15602857184885005,0
0.0,0.0,0.0,0.7,0.0,0.0,0.0,0.0,v18_3290,0,H,corpus_expansion_5000,0.30093381222399707,0
0.0,0.0,0.0,0.4,0.3642,0.3333,0.75,0.508,v18_4354,0,M,corpus_expansion_5000,0.5263955317736001,1
0.0,0.0,0.0,0.0,0.0,0.0,0.0,0.9749,v18_0680,0,H,v17_reused,0.08841979600162797,0
0.0,0.0,0.0,0.85,0.0,0.0,0.0,0.9643,v18_0180,0,H,new_mid_w1_p0,0.3515763410552523,0
0.0,0.0,0.0,0.65,0.0,0.0,0.0,0.0,v18_4279,0,M,corpus_expansion_5000,0.28008474130873345,0
0.0,0.0,0.0,1.0,0.0,0.0,1.0,0.0,v18_2495,1,L,corpus_expansion_5000,0.5937142332754775,1
0.0,0.0,0.0,0.95,0.0,0.0,0.0,0.8647,v18_2316,1,L,corpus_expansion_5000,0.4007782457918172,0
0.0,0.0,0.0,0.7,0.4949,0.6667,0.8,0.4084,v18_4273,0,M,corpus_expansion_5000,0.8362821348238718,1
0.0,0.0,0.0,0.0,0.0,0.0,0.0,0.9405,v18_0278,1,H,new_mid_w1_p1,0.08862940583044417,0
0.0,0.0,0.0,0.15,0.479,0.3333,0.7143,0.0,v18_3683,0,M,corpus_expansion_5000,0.43551828726142805,1
0.0,0.0,0.0,0.1,0.0,0.0,0.0,0.9366,v18_4762,0,M,corpus_expansion_5000,0.10642222382299953,0
0.0,0.0,0.0,0.6,0.0,0.0,0.0,0.0,v18_0432,0,H,new_mid_w0_p0,0.2601425988962303,0
0.0,0.0,0.0,0.8,0.0,0.6667,0.0,0.0,v18_0289,0,H,new_mid_w1_p0,0.6974874866511146,1
0.0,0.0,0.0,0.05,0.0,0.0,0.8,0.0,v18_1027,1,M,corpus_expansion_5000,0.15892977267212405,0
0.0,0.0,0.0,0.0,0.0,0.3333,0.0,0.3229,v18_0535,1,H,new_high_w1_pany,0.17565966811603864,0
0.0,0.0,0.0,0.6,0.0,0.0,0.0,0.0,v18_3631,0,M,corpus_expansion_5000,0.2601425988962303,0
0.0,0.0,0.0,0.6,0.0,0.0,0.0,0.3053,v18_0188,0,H,v17_reused,0.2557297749704314,0
0.0,0.0,0.2505,0.3,0.0,0.5833,0.0,0.8683,v18_2174,1,M,corpus_expansion_5000,0.4191342940228083,1
0.0,0.0,0.0,0.5,0.0,0.3333,0.0,0.0,v18_3915,0,M,corpus_expansion_5000,0.3752431354790696,0
0.3,0.0,0.0,0.2,0.0,0.0,0.0,0.4159,v18_1862,1,M,corpus_expansion_5000,0.5241979785534703,1
0.0,0.0,0.0,0.2,0.3857,0.0,0.0,0.0,v18_0270,0,H,v17_reused,0.19208625077447028,0
0.0,0.0,0.0,0.0,0.5899,1.0,0.8,0.0,v18_1728,1,M,corpus_expansion_5000,0.7476038848753772,1
0.0,0.0,0.0,1.0,0.0,0.0,0.6667,0.4637,v18_4075,0,M,corpus_expansion_5000,0.534773342741746,1
0.0,0.0,0.0,0.2,0.0,0.6667,0.6667,0.7364,v18_2157,1,M,corpus_expansion_5000,0.49389774590418206,1
0.0,0.0,0.0,0.35,0.0,0.0,0.0,0.0,v18_3931,0,M,corpus_expansion_5000,0.17491898592996105,0
0.0,0.0,0.3596,0.9,0.0,0.3333,0.0,0.0,v18_0111,1,H,new_mid_w1_p1,0.6091580614464711,1
0.0,0.0,0.0,0.0,0.0,0.0,0.0,0.4854,v18_2384,1,L,corpus_expansion_5000,0.09144496467522605,0
0.0,0.0,0.0,0.75,0.0,0.0,0.0,0.0,v18_0220,0,H,new_mid_w1_p0,0.32263931900913917,0
0.0,0.0,0.0,0.6,0.0,0.0,0.0,0.0,v18_0627,0,M,v17_reused,0.2601425988962303,0
0.0,0.0,0.0,0.1,0.0,0.0,0.0,0.0,v18_1181,1,M,corpus_expansion_5000,0.1133379569328199,0
0.0,0.0,0.0,0.3,0.2051,0.0,0.0,0.0,v18_3381,0,H,corpus_expansion_5000,0.19310504161520556,0
0.3,0.0,0.0,0.2,0.0,0.3333,0.0,0.8795,v18_2422,1,M,corpus_expansion_5000,0.6899037851811244,1
0.0,0.0,0.0,0.4,0.0,0.0,0.0,0.5963,v18_0790,1,H,new_high_w1_pany,0.18317196389676713,0
0.0,0.0,0.313,0.0,0.0,0.0,0.0,0.8869,v18_4275,0,M,corpus_expansion_5000,0.09965755841903032,0
0.0,0.0,0.0,0.25,0.0,0.0,0.8,0.0,v18_0461,0,H,v17_reused,0.22072131531565672,0
0.0,0.0,0.3576,0.0,0.2555,0.0,0.0,0.0,v18_4402,0,L,corpus_expansion_5000,0.1371510188943469,0
0.0,0.0,0.0,0.2,0.0,0.0,0.0,0.0,v18_0551,0,H,v17_reused,0.1353199798207458,0
0.0,0.0,0.0,0.4,0.0,0.0,0.0,0.0,v18_3129,0,H,corpus_expansion_5000,0.19000580961738978,0
0.0,0.0,0.0,0.0,0.0,0.0,0.0,0.3168,v18_1444,1,M,corpus_expansion_5000,0.0925083047199343,0
0.0,0.0,0.0,0.6,0.0,0.0,0.0,0.508,v18_0198,1,H,new_mid_w1_p1,0.2528272173465735,0
0.0,0.0,0.422,0.0,0.167,0.0,0.0,0.8662,v18_2589,1,L,corpus_expansion_5000,0.12188208912015465,0
0.0,0.0,0.0,0.75,0.0,0.0,0.0,0.7364,v18_0402,0,H,new_mid_w1_p0,0.3106077524538265,0
0.0,0.0,0.0,0.6,0.0,0.0,0.0,0.0,v18_3959,0,M,corpus_expansion_5000,0.2601425988962303,0
0.0,0.0,0.4978,0.2,0.0,0.0,0.0,0.6558,v18_4189,0,M,corpus_expansion_5000,0.1538395770366817,0
0.0,0.0,0.0,0.8,0.5998,0.3333,0.0,0.0,v18_4763,0,M,corpus_expansion_5000,0.6786729007039516,1
0.0,0.0,0.0,0.1,0.0,0.0,0.0,0.47,v18_2095,1,L,corpus_expansion_5000,0.1098198324314836,0
0.0,0.0,0.0,0.1,0.0,0.3333,0.0,0.0,v18_2900,0,H,corpus_expansion_5000,0.21093841116397974,0
0.0,0.0,0.0,0.45,0.0,0.0,0.0,0.0,v18_4462,0,L,corpus_expansion_5000,0.2060688837501653,0
0.0,0.0,0.0,0.1,0.0,0.0,0.0,0.5312,v18_0650,0,H,v17_reused,0.1093688378200317,0
0.0,0.0,0.0,0.7,0.3706,0.0,0.0,0.0,v18_0708,0,H,new_mid_w0_p0,0.3914976684002542,0
0.0,0.0,0.2574,0.0,0.0,0.0,0.0,0.609,v18_1480,1,H,corpus_expansion_5000,0.09954188206301182,0
0.0,0.0,0.0,0.4,0.0,0.0,0.0,0.0,v18_4414,0,L,corpus_expansion_5000,0.19000580961738978,0
0.0,0.0,0.0,0.7,0.3238,0.0,0.0,0.0,v18_3065,0,H,corpus_expansion_5000,0.37947776013135415,0
0.0,0.0,0.0,0.5,0.0,1.0,0.0,0.4262,v18_2395,1,M,corpus_expansion_5000,0.7178599377734799,1
0.0,0.0,0.0,0.2,0.4668,0.0,0.0,0.0,v18_1769,1,M,corpus_expansion_5000,0.20610331440171456,0
0.0,0.0,0.6142,0.0,0.0,0.0,0.0,0.0,v18_0314,0,H,v17_reused,0.11780483083565961,0
0.0,0.0,0.0,0.2,0.2844,0.0,0.0,0.4084,v18_3761,0,M,corpus_expansion_5000,0.17119389624323653,0
0.0,0.0,0.0,0.2,0.0,0.3333,0.0,0.8947,v18_4909,0,L,corpus_expansion_5000,0.23424929676914494,0
0.0,0.0,0.0,0.8,0.6079,1.0,0.0,0.0,v18_0113,0,H,v17_reused,0.9031133989024074,1
0.0,0.0,0.7322,0.0,0.2806,0.0,0.0,0.9974,v18_0960,1,M,corpus_expansion_5000,0.14967156023518408,0
0.0,0.0,0.0,0.8,0.0,0.0,0.0,0.0,v18_2910,0,H,corpus_expansion_5000,0.3451374483123983,0
0.0,0.0,0.0,0.9,0.0,0.6667,0.0,0.0,v18_3405,0,H,corpus_expansion_5000,0.7384126165357974,1
0.3,0.0,0.0,0.7,0.9397,1.0,0.0,0.0,v18_1623,1,M,corpus_expansion_5000,0.9875399658825671,1
0.0,0.0,0.0,0.0,0.4707,0.0,0.0,0.0,v18_3322,0,H,corpus_expansion_5000,0.14816176329557498,0
0.0,0.0,0.0,0.95,0.0,0.0,0.6667,0.0,v18_4999,0,M,corpus_expansion_5000,0.5182791658573175,1
0.0,0.0,0.0,0.0,0.4839,0.3333,0.8,0.6386,v18_1818,1,M,corpus_expansion_5000,0.36513858716764985,0
0.0,0.0,0.0,0.5,0.0,0.0,0.0,0.0,v18_3194,0,H,corpus_expansion_5000,0.22311587068072297,0
0.0,0.0,0.469,0.3,0.0,1.0,0.0,0.1532,v18_3007,0,H,corpus_expansion_5000,0.6764809178252855,1
0.0,0.0,0.0,0.0,0.0,0.0,0.0,0.0,v18_3414,0,H,corpus_expansion_5000,0.0945363922261271,0
0.0,0.0,0.0,0.85,0.8111,0.0,0.0,0.9969,v18_4528,0,M,corpus_expansion_5000,0.5658354384456563,1
0.3,0.0,0.0,0.0,0.0,0.3333,0.0,0.3505,v18_1897,1,M,corpus_expansion_5000,0.6070367164490782,1
0.0,0.0,0.0,0.0,0.0,0.0,0.0,0.0,v18_1918,1,M,corpus_expansion_5000,0.0945363922261271,0
0.0,0.0,0.0,0.8,0.0,0.3333,0.0,0.0,v18_1270,1,H,corpus_expansion_5000,0.5243130518360242,1
0.0,0.0,0.0,0.6,0.0,0.0,0.0,0.4765,v18_4176,0,M,corpus_expansion_5000,0.25327684716135557,0
0.0,0.0,0.0,0.6,0.0,0.0,0.0,0.0,v18_4962,0,M,corpus_expansion_5000,0.2601425988962303,0
0.0,0.0,0.0,0.0,0.0,0.0,0.0,0.0,v18_4883,0,M,corpus_expansion_5000,0.0945363922261271,0
0.0,0.0,0.0,0.95,0.0,0.3333,0.0,0.0,v18_4094,0,M,corpus_expansion_5000,0.598900906658088,1
0.0,0.0,0.0,0.0,0.0,0.0,0.0,0.0,v18_3159,0,H,corpus_expansion_5000,0.0945363922261271,0
0.0,0.0,0.4785,0.0,0.0,0.0,0.0,0.3942,v18_1813,1,M,corpus_expansion_5000,0.10933802084493563,0
0.3,0.0,0.0,0.6,0.2262,0.3333,0.75,0.0,v18_2426,1,M,corpus_expansion_5000,0.9154559664255073,1
0.0,0.0,0.0,0.6,0.0,0.0,0.6667,0.8836,v18_3950,0,M,corpus_expansion_5000,0.3313952984543241,0
0.0,0.0,0.1647,0.0,0.1647,0.0,0.0,0.9103,v18_4428,0,M,corpus_expansion_5000,0.1106973481577134,0
0.0,0.0,0.0,0.8,0.5186,0.3333,0.0,0.0,v18_2142,1,M,corpus_expansion_5000,0.6591786595763865,1
0.0,0.0,0.0,0.0,0.0,0.0,0.0,0.3908,v18_1626,1,M,corpus_expansion_5000,0.09204023494960747,0
0.0,0.0,0.0,0.4,0.0,0.0,0.0,0.5436,v18_0789,0,H,v17_reused,0.18376816404616345,0
0.0,0.0,0.0,0.0,0.0,0.3333,0.0,0.3789,v18_3786,0,H,corpus_expansion_5000,0.17504814177908173,0
0.0,0.0,0.0,0.0,0.0,0.0,0.0,0.0,v18_1864,1,M,corpus_expansion_5000,0.0945363922261271,0
0.0,0.0,0.0,0.0,0.0,0.0,0.0,0.0,v18_2865,1,M,corpus_expansion_5000,0.0945363922261271,0
0.0,0.0,0.0,0.4,0.0,0.3333,0.0,0.8538,v18_0871,1,M,corpus_expansion_5000,0.3150450978523394,0
0.0,0.0,0.2087,0.0,0.0,0.0,0.0,0.0,v18_3271,0,H,corpus_expansion_5000,0.10194050855530264,0
0.0,0.0,0.0,0.0,0.0,0.5833,0.0,0.4658,v18_3833,0,M,corpus_expansion_5000,0.2682710354318056,0
0.3,0.2,0.0,0.0,0.3947,0.0,0.75,0.0,v18_0073,1,M,v17_reused,0.699920541260577,1
0.0,0.0,0.0,0.2,0.0,0.0,0.0,0.8072,v18_1752,1,M,corpus_expansion_5000,0.12834468046721156,0
0.3,0.0,0.0,0.9,0.7541,0.0,0.0,0.862,v18_1421,1,M,corpus_expansion_5000,0.9086649326352848,1
0.0,0.0,0.0,0.4,0.2733,0.0,0.0,0.9808,v18_4221,0,M,corpus_expansion_5000,0.22658319363516422,0
0.0,0.0,0.0,0.5,0.0,0.0,0.0,0.0,v18_4693,0,M,corpus_expansion_5000,0.22311587068072297,0
0.0,0.0,0.0,0.3,0.3712,0.6667,0.6667,0.0712,v18_4369,0,M,corpus_expansion_5000,0.6526437611512376,1
0.0,0.0,0.0,0.3,0.0,0.6667,0.0,0.7765,v18_4575,0,M,corpus_expansion_5000,0.4414845567443966,1
0.0,0.0,0.0,0.95,0.0,0.0,0.0,0.4866,v18_3809,0,H,corpus_expansion_5000,0.4076543965940803,0
0.0,0.0,0.0,0.4,0.0,0.0,0.0,0.0,v18_2244,1,L,corpus_expansion_5000,0.19000580961738978,0
0.0,0.0,0.0,0.3,0.0,0.0,0.0,0.0,v18_3047,0,H,corpus_expansion_5000,0.16079228470839807,0
0.0,0.0,0.0,0.5,0.0,0.0,0.0,0.0,v18_2445,1,L,corpus_expansion_5000,0.22311587068072297,0
0.0,0.0,0.0,0.2,0.0,0.0,0.0,0.0,v18_0494,0,H,v17_reused,0.1353199798207458,0
0.0,0.0,0.0,0.4,0.0,0.0,0.0,0.2671,v18_3130,0,H,corpus_expansion_5000,0.18692087892884576,0
0.0,0.0,0.0,0.0,0.0,0.0,0.0,0.0,v18_4321,0,M,corpus_expansion_5000,0.0945363922261271,0
0.0,0.0,0.0,0.3,0.0,0.3333,0.0,0.0,v18_4397,0,L,corpus_expansion_5000,0.2860730847351194,0
0.0,0.0,0.0,1.0,0.0,0.0,0.0,0.0,v18_1164,1,M,corpus_expansion_5000,0.4413369854724032,1
0.0,0.0,0.4305,0.0,0.0,0.0,0.0,0.0,v18_3734,0,M,corpus_expansion_5000,0.11036844485109495,0
0.3,0.0,0.0,1.0,0.0,0.0,0.6667,0.0,v18_1730,1,M,corpus_expansion_5000,0.8963515588503678,1
0.0,0.0,0.0,0.9,0.0,0.9167,0.0,0.0,v18_4812,0,L,corpus_expansion_5000,0.8307776161953655,1
0.0,0.0,0.2751,0.4,0.0,0.0,0.0,0.3942,v18_2402,1,M,corpus_expansion_5000,0.20269694651052209,0
0.0,0.0,0.0,0.35,0.0,0.0,0.0,0.0,v18_3403,0,H,corpus_expansion_5000,0.17491898592996105,0
0.0,0.0,0.0,0.0,0.0,0.0,0.0,0.2959,v18_0618,0,H,new_low_w0_pany,0.09264088942868803,0
0.0,0.0,0.0,0.9,0.0,1.0,0.0,0.0,v18_1697,1,M,corpus_expansion_5000,0.8551460124766889,1
0.0,0.0,0.2113,0.0,0.0,0.3333,0.0,0.3109,v18_3593,0,H,corpus_expansion_5000,0.18839516624329813,0
0.0,0.0,0.0,0.45,0.0,0.0,0.0,0.0,v18_1957,1,M,corpus_expansion_5000,0.2060688837501653,0
0.0,0.0,0.0,0.3,0.0,0.0,0.0,0.6317,v18_1221,1,M,corpus_expansion_5000,0.15445887402942632,0
0.0,0.0,0.0,0.85,0.0,0.0,0.0,0.0,v18_2073,1,M,corpus_expansion_5000,0.36835127139997426,0
0.0,0.0,0.0,0.1,0.0,0.0,0.0,0.2239,v18_3410,0,H,corpus_expansion_5000,0.11164988212464767,0
0.3,0.6667,0.0,0.3,0.2185,1.0,0.0,0.0,v18_0869,1,M,corpus_expansion_5000,0.9723916673269005,1
0.0,0.0,0.4533,0.1,0.0,0.0,0.0,0.0,v18_2718,1,M,corpus_expansion_5000,0.1329093862093684,0
0.0,0.0,0.0,0.0,0.0,0.0,0.0,0.5654,v18_1042,1,M,corpus_expansion_5000,0.0909442693393218,0
0.0,0.0,0.0,0.0,0.0,0.0,0.0,0.8755,v18_1361,1,M,corpus_expansion_5000,0.08902669582418761,0
0.0,0.0,0.5186,0.4,0.0,0.3333,0.0,0.0,v18_0356,0,H,v17_reused,0.3765108221437137,0
0.0,0.0,0.0,0.8,0.8495,0.3333,0.0,0.0,v18_1162,1,M,corpus_expansion_5000,0.7346655394027533,1
0.0,0.0,0.0,1.0,0.0,0.0,0.3,0.0,v18_2765,1,M,corpus_expansion_5000,0.48719929544414753,1
0.0,0.0,0.0,0.1,0.0,0.0,0.0,0.0,v18_3252,0,H,corpus_expansion_5000,0.1133379569328199,0
0.0,0.0,0.0,0.8,0.4371,1.0,0.0,0.0,v18_1438,1,M,corpus_expansion_5000,0.8856554763315495,1
0.0,0.0,0.0,0.8,0.4759,0.0,0.0,0.0,v18_3603,0,M,corpus_expansion_5000,0.46892158437854076,1
0.0,0.0,0.5155,0.0,0.0,0.3333,0.0,0.8876,v18_4940,0,L,corpus_expansion_5000,0.20066468091734307,0
0.0,0.0,0.0,0.4,0.0,0.3333,0.0,0.8488,v18_4593,0,M,corpus_expansion_5000,0.31512658319403974,0
0.0,0.0,0.0,0.3,0.0,0.0,0.0,0.4371,v18_3639,0,M,corpus_expansion_5000,0.15638789955549356,0
0.0,0.0,0.0,0.9,0.0,0.0,0.0,0.9107,v18_1253,1,M,corpus_expansion_5000,0.37592439660454763,0
0.0,0.0,0.2357,0.5,0.0,0.0,0.0,0.0,v18_3365,0,H,corpus_expansion_5000,0.23991106181214988,0
0.5,0.0,0.0,0.3,0.3658,0.0,0.0,0.8822,v18_0332,0,H,new_high_w1_pany,0.8789634531931602,1
0.0,0.0,0.0,0.15,0.0,0.0,0.0,0.0,v18_3694,0,M,corpus_expansion_5000,0.1239110617250224,0
0.0,0.0,0.0,0.5,0.5636,0.0,0.0,0.0,v18_3568,0,H,corpus_expansion_5000,0.34603810535845686,0
0.0,0.0,0.0,0.8,0.0,0.0,0.0,0.0,v18_2728,1,L,corpus_expansion_5000,0.3451374483123983,0
0.0,0.0,0.0,0.3,0.0,0.0,0.0,0.0,v18_3667,0,H,corpus_expansion_5000,0.16079228470839807,0
0.0,0.0,0.0,0.35,0.0,0.0,0.0,0.0,v18_1630,1,M,corpus_expansion_5000,0.17491898592996105,0
0.0,0.0,0.0,0.1,0.5802,0.0,0.8,0.2871,v18_1116,1,H,corpus_expansion_5000,0.27735724806940515,0
0.3,0.0,0.0,1.0,0.0,0.0,0.75,0.3853,v18_1849,1,M,corpus_expansion_5000,0.8983904554935364,1
0.0,0.0,0.0,1.0,0.4305,0.0,0.0,0.0,v18_3554,0,H,corpus_expansion_5000,0.5575055387629987,1
0.0,0.0,0.0,0.7,0.0,0.0,0.0,0.0,v18_3153,0,H,corpus_expansion_5000,0.30093381222399707,0
0.0,0.0,0.0,0.2,0.8868,0.0,0.0,0.3425,v18_3265,0,H,corpus_expansion_5000,0.2851529236123448,0
0.0,0.0,0.0,0.85,0.0,0.0,0.0,0.0,v18_1665,1,M,corpus_expansion_5000,0.36835127139997426,0
0.0,0.0,0.0,0.6,0.0,0.0,0.0,0.7157,v18_0445,1,H,new_high_w1_pany,0.24987576005539225,0
0.0,0.0,0.0,0.0,0.0,0.0,0.0,0.0,v18_2245,1,M,corpus_expansion_5000,0.0945363922261271,0
0.0,0.0,0.0,0.85,0.0,0.0,0.0,0.0,v18_0452,0,H,new_low_w0_pany,0.36835127139997426,0
0.3,0.0,0.0,0.35,0.0,0.0,0.0,0.0,v18_1551,1,M,corpus_expansion_5000,0.6063114688700569,1
0.3,0.2,0.0,1.0,0.9138,1.0,0.0,0.0,v18_4434,0,M,corpus_expansion_5000,0.9944358990399882,1
0.0,0.0,0.0,0.65,0.0,0.0,0.0,0.4866,v18_2954,0,H,corpus_expansion_5000,0.27273548435752637,0
0.0,0.0,0.0,0.15,0.0,0.0,0.75,0.9817,v18_0014,0,H,new_mid_w0_p0,0.1723976248148546,0
0.0,0.0,0.0,0.2,0.0,0.0,0.0,0.3789,v18_3628,0,M,corpus_expansion_5000,0.13200677088471446,0
0.0,0.0,0.0,0.6,0.4921,1.0,1.0,0.0,v18_0945,1,M,corpus_expansion_5000,0.9102818780870372,1
0.0,0.0,0.0,0.2,0.0,0.0,0.0,0.0,v18_0247,1,H,new_high_w1_pany,0.1353199798207458,0
0.0,0.0,0.0,0.85,0.0,0.3333,0.8,0.0,v18_4697,0,M,corpus_expansion_5000,0.6660955940315115,1
0.0,0.0,0.0,0.4,0.0,0.3333,0.75,0.9115,v18_0360,0,H,v17_reused,0.420752462934253,1
0.0,0.0,0.0,0.3,0.3789,1.0,0.0,0.0,v18_4656,0,M,corpus_expansion_5000,0.7255467745590829,1
0.0,0.0,0.0,0.3,0.0,0.0,0.0,0.4184,v18_1614,1,M,corpus_expansion_5000,0.15657429818955218,0
0.0,0.0,0.7225,0.7,0.0,0.0,0.0,0.0,v18_2303,1,M,corpus_expansion_5000,0.365079031514132,0
0.0,0.0,0.0,0.3,0.0,0.0,0.6667,0.0,v18_4141,0,M,corpus_expansion_5000,0.22404081870056092,0
0.0,0.0,0.0,0.0,0.0,0.0,0.0,0.0,v18_3168,0,H,corpus_expansion_5000,0.0945363922261271,0
0.0,0.0,0.0,0.55,0.0,0.5833,0.0,0.0,v18_2478,1,L,corpus_expansion_5000,0.5361398372178342,1
0.0,0.0,0.0,0.4,0.0,0.0,0.0,0.5292,v18_4214,0,M,corpus_expansion_5000,0.18393133396037895,0
0.0,0.0,0.0,1.0,0.0,0.0,0.0,0.0,v18_4180,0,M,corpus_expansion_5000,0.4413369854724032,1
0.0,0.0,0.0,0.3,0.0,0.0,0.0,0.7214,v18_4884,0,M,corpus_expansion_5000,0.15357626676081645,0
0.0,0.0,0.0,0.1,0.4189,0.0,0.0,0.0,v18_3163,0,H,corpus_expansion_5000,0.16757875590542037,0
0.0,0.0,0.0,0.65,0.0,0.3333,1.0,0.0,v18_0490,0,H,new_mid_w1_p0,0.6008119471731185,1
0.0,0.0,0.3506,0.0,0.0,0.0,0.0,0.2859,v18_0862,1,M,corpus_expansion_5000,0.10521428139929538,0
0.3,0.0,0.0,0.5,0.9758,0.3333,0.0,0.0,v18_1740,1,M,corpus_expansion_5000,0.9263033028842014,1
0.0,0.0,0.0,0.8,0.0,0.0,0.0,0.0,v18_4099,0,M,corpus_expansion_5000,0.3451374483123983,0
0.0,0.0,0.0,0.5,0.0,0.0,0.0,0.0,v18_4385,0,M,corpus_expansion_5000,0.22311587068072297,0
0.0,0.0,0.6908,0.3,0.0,0.0,0.75,0.0,v18_2447,1,M,corpus_expansion_5000,0.2861273246074394,0
0.0,0.0,0.0,0.3,0.2256,0.0,0.0,0.4535,v18_4230,0,M,corpus_expansion_5000,0.19123916708851182,0
0.0,0.0,0.0,0.65,0.0,0.0,0.0,0.0,v18_0506,1,H,new_high_w1_pany,0.28008474130873345,0
0.0,0.0,0.3536,0.2,0.0,0.3333,0.7143,0.0,v18_2677,1,L,corpus_expansion_5000,0.369145237405112,0
0.0,0.0,0.0,0.3,0.0,0.0,0.0,0.0,v18_2995,0,H,corpus_expansion_5000,0.16079228470839807,0
0.0,0.0,0.0,0.4,0.0,0.0,0.0,0.0,v18_1942,1,M,corpus_expansion_5000,0.19000580961738978,0
0.0,0.0,0.0,0.0,0.2026,0.0,0.0,0.981,v18_1222,1,H,corpus_expansion_5000,0.1077560818240046,0
0.0,0.0,0.0,0.0,0.2351,0.0,0.0,0.8484,v18_1113,1,M,corpus_expansion_5000,0.1121847353446863,0
0.0,0.0,0.0,0.15,0.0,0.0,0.0,0.0,v18_1905,1,M,corpus_expansion_5000,0.1239110617250224,0
0.0,0.0,0.0,0.6,0.0,0.0,0.0,0.0,v18_3423,0,H,corpus_expansion_5000,0.2601425988962303,0
0.3,0.0,0.2913,0.8,0.0,0.6667,0.0,0.0,v18_1877,1,M,corpus_expansion_5000,0.9495527666463192,1
0.0,0.0,0.0,0.9,0.0,0.0,0.6667,0.0,v18_4672,0,L,corpus_expansion_5000,0.49299121880686847,1
0.0,0.0,0.0,0.5,0.0,0.0,0.0,0.8876,v18_0433,0,H,new_high_w1_pany,0.21171330508618413,0
0.0,0.0,0.0,0.65,0.0,0.0,0.0,0.8647,v18_2364,1,M,corpus_expansion_5000,0.26710887454810794,0
0.0,0.0,0.0,0.8,0.0,0.0,0.0,0.0,v18_3154,0,H,corpus_expansion_5000,0.3451374483123983,0
0.0,0.0,0.0,0.3,0.0,0.0,0.75,0.0,v18_2835,1,M,corpus_expansion_5000,0.233073776285876,0
0.0,0.0,0.0,0.35,0.0,0.0,0.0,0.0,v18_2092,1,L,corpus_expansion_5000,0.17491898592996105,0
0.0,0.0,0.7135,0.0,0.3408,0.0,0.0,0.0,v18_3010,0,H,corpus_expansion_5000,0.1674125295622808,0
0.0,0.0,0.0,0.0,0.0,0.3333,0.0,0.0,v18_3162,0,H,corpus_expansion_5000,0.17921858498670093,0
0.0,0.0,0.0648,0.0,0.331,0.3333,0.0,0.0,v18_2945,0,H,corpus_expansion_5000,0.24290980751118654,0
0.0,0.0,0.422,0.5,0.0,0.0,0.0,0.0,v18_3916,0,M,corpus_expansion_5000,0.25378498461257154,0
0.0,0.0,0.0,0.0,0.0,0.0,0.0,0.0,v18_2916,0,H,corpus_expansion_5000,0.0945363922261271,0
0.0,0.0,0.0,0.75,0.0,0.0,0.6667,0.0,v18_1102,1,M,corpus_expansion_5000,0.4178524313426963,1
0.0,0.0,0.0,0.3,0.4631,0.0,0.75,0.0,v18_1448,1,H,corpus_expansion_5000,0.3342765183733665,0
0.3,0.0,0.0,0.9,0.4606,0.6667,0.0,0.0,v18_1720,1,M,corpus_expansion_5000,0.9712555754331965,1
0.0,0.0,0.0,0.3,0.0,0.0,0.0,0.0,v18_4518,0,M,corpus_expansion_5000,0.16079228470839807,0
0.0,0.0,0.0,0.6,0.2742,0.0,0.0,0.3148,v18_3842,0,M,corpus_expansion_5000,0.3161134461202552,0
0.0,0.0,0.0,0.3,0.0,0.0,0.7273,0.8884,v18_0156,1,H,new_mid_w1_p1,0.21890018013334694,0
0.0,0.0,0.0,0.3,0.3118,0.3333,0.0,0.5825,v18_2978,0,H,corpus_expansion_5000,0.3496805616860888,0
0.0,0.0,0.2432,0.6,0.5666,0.0,0.0,0.9097,v18_1773,1,M,corpus_expansion_5000,0.40079949115292984,0
0.0,0.0,0.0,0.8,0.7244,0.0,0.0,0.0,v18_0615,0,H,new_mid_w1_p0,0.5361789775333201,1
0.3,0.0,0.0,0.4,0.8923,0.0,0.0,0.0,v18_0643,0,H,new_low_w0_pany,0.81765237349289,1
0.0,0.0,0.0,0.0,0.0,0.3333,0.0,0.8151,v18_1935,1,M,corpus_expansion_5000,0.17034212621144737,0
0.0,0.0,0.0,0.0,0.0,0.0,0.0,0.4843,v18_4277,0,M,corpus_expansion_5000,0.09145186648392009,0
0.0,0.0,0.0,0.0,0.0,0.0,0.0,0.519,v18_1068,1,M,corpus_expansion_5000,0.09123437137177078,0
0.0,0.0,0.4921,0.0,0.0,0.0,0.0,0.3313,v18_4454,0,L,corpus_expansion_5000,0.11033518038844338,0
0.0,0.0,0.0,0.1,0.0,0.0,0.0,0.0,v18_4154,0,M,corpus_expansion_5000,0.1133379569328199,0
0.0,0.0,0.0,0.0,0.2551,0.0,0.75,0.0,v18_4239,0,M,corpus_expansion_5000,0.1792329055055442,0
0.0,0.0,0.0,0.1,0.0,0.0,0.0,0.0,v18_4868,0,L,corpus_expansion_5000,0.1133379569328199,0
0.0,0.0,0.0,0.3,0.0,0.3333,0.0,0.7897,v18_0330,1,H,new_mid_w1_p1,0.27405030927462887,0
0.0,0.0,0.0,0.3,0.0,0.0,0.0,0.7955,v18_2057,1,M,corpus_expansion_5000,0.15285027381875094,0
0.0,0.0,0.0,0.0,0.0,0.0,0.0,0.4399,v18_2646,1,M,corpus_expansion_5000,0.0917308399231837,0
0.0,0.0,0.0,0.4,0.0,0.0,0.0,0.3831,v18_2191,1,M,corpus_expansion_5000,0.1855931761920299,0
0.0,0.0,0.0,0.3,0.0,0.0,0.0,0.9252,v18_0622,0,H,new_low_w0_pany,0.15158631420875962,0
0.0,0.0,0.0,0.25,0.0,0.0,0.0,0.0,v18_1595,1,M,corpus_expansion_5000,0.1476023763660605,0
0.0,0.0,0.0,0.3,0.0,0.0,0.0,0.0,v18_2915,0,H,corpus_expansion_5000,0.16079228470839807,0
0.0,0.0,0.0,0.9,0.0,0.3333,0.0,0.3425,v18_4821,0,M,corpus_expansion_5000,0.5680346049150274,1
0.0,0.0,0.0,0.1,0.709,0.0,0.0,0.5168,v18_3898,0,M,corpus_expansion_5000,0.20959590087226618,0
0.0,0.0,0.2975,0.4,0.0,0.0,0.0,0.0,v18_1919,1,M,corpus_expansion_5000,0.2090304468815064,0
0.0,0.0,0.0,0.2,0.0,0.0,0.0,0.0,v18_4173,0,M,corpus_expansion_5000,0.1353199798207458,0
0.0,0.0,0.0,0.55,0.0,0.0,0.0,0.9305,v18_4477,0,L,corpus_expansion_5000,0.22852083505405357,0
0.0,0.0,0.0,0.7,0.0,1.0,0.0,0.0,v18_0755,0,H,v17_reused,0.797509549022906,1
0.0,0.0,0.0,0.3,0.0,0.0,0.0,0.2847,v18_0518,0,H,v17_reused,0.15791227310930403,0
0.0,0.0,0.0,0.1,0.0,0.0,0.6667,0.0,v18_3803,0,H,corpus_expansion_5000,0.16151257862235233,0
0.0,0.0,0.0,0.6,0.0,0.0,0.0,0.0,v18_0032,0,H,new_mid_w1_p0,0.2601425988962303,0
0.0,0.0,0.6121,0.0,0.0,0.0,0.0,0.392,v18_2937,0,H,corpus_expansion_5000,0.11467751065225915,0
0.0,0.0,0.9806,0.0,0.0,0.0,0.0,0.825,v18_1157,1,H,corpus_expansion_5000,0.1268737151485299,0
0.0,0.0,0.0,0.1,0.0,0.0,0.0,0.0,v18_0744,0,H,v17_reused,0.1133379569328199,0
0.3,0.0,0.0,0.9,0.6205,1.0,0.0,0.2239,v18_1497,1,M,corpus_expansion_5000,0.988043190081958,1
0.0,0.0,0.3917,0.0,0.1527,0.0,0.0,0.0,v18_3459,0,H,corpus_expansion_5000,0.1259823406114045,0
0.0,0.0,0.0,0.4,0.2034,0.0,0.0,0.0,v18_3755,0,M,corpus_expansion_5000,0.22628120035438795,0
0.0,0.0,0.0,0.3,0.0,0.0,0.0,0.9808,v18_2591,1,M,corpus_expansion_5000,0.15104711231943269,0
0.0,0.0,0.0,1.0,0.3478,0.3333,0.0,0.0,v18_0783,1,H,new_mid_w1_p1,0.7066535519540424,1
0.0,0.0,0.0,0.55,0.0,0.0,0.0,0.4866,v18_3493,0,H,corpus_expansion_5000,0.2344844413536289,0
0.0,0.0,0.0,0.6,0.7487,0.0,0.0,0.0,v18_2949,0,H,corpus_expansion_5000,0.44190663466108115,1
0.0,0.0,0.0,0.9,0.3911,0.0,0.0,0.0,v18_0229,0,H,v17_reused,0.4964879174661108,1
0.0,0.0,0.0,0.7,0.0,0.0,0.6667,0.7628,v18_0857,1,M,corpus_expansion_5000,0.3798025951628195,0
0.0,0.0,0.0,0.2,0.0,0.0,0.0,0.47,v18_2266,1,M,corpus_expansion_5000,0.13122049386913642,0
0.0,0.0,0.0,0.75,0.0,0.0,0.0,0.0,v18_4274,0,M,corpus_expansion_5000,0.32263931900913917,0
0.0,0.0,0.0,0.8,0.384,0.0,0.0,0.5272,v18_0408,0,H,v17_reused,0.43439739941127803,1
0.0,0.0,0.0,0.85,0.0,0.0,0.75,0.0,v18_0170,1,H,new_high_w1_pany,0.4805131009053714,1
0.0,0.0,0.0,0.95,0.0,0.0,0.75,0.0,v18_0540,0,H,v17_reused,0.531056306716739,1
0.0,0.0,0.0,0.3,0.0,0.0,0.0,0.651,v18_2210,1,M,corpus_expansion_5000,0.1542686214183095,0
0.0,0.0,0.8625,0.1,0.0,0.0,0.0,0.0,v18_2304,1,M,corpus_expansion_5000,0.1529652941558766,0
0.0,0.0,0.0,0.0,0.214,0.0,0.75,0.0,v18_2567,1,M,corpus_expansion_5000,0.17277062687873362,0
0.0,0.0,0.0,0.8,0.6163,0.0,0.0,0.0,v18_0613,0,H,new_low_w0_pany,0.5069392243935124,1
0.0,0.0,0.0,0.45,0.0,0.0,0.0,0.0,v18_2101,1,L,corpus_expansion_5000,0.2060688837501653,0
0.0,0.0,0.0,0.3,0.0,0.0,0.0,0.0,v18_1808,1,M,corpus_expansion_5000,0.16079228470839807,0
0.0,0.0,0.0,0.95,0.5654,0.0,0.0,0.0,v18_3438,0,H,corpus_expansion_5000,0.5685965839687225,1
0.0,0.0,0.0,0.0,0.2816,0.3333,0.0,0.5394,v18_1161,1,M,corpus_expansion_5000,0.22148188982645078,0
0.0,0.0,0.0,0.4,0.0,0.0,0.0,0.2776,v18_4225,0,M,corpus_expansion_5000,0.18680039848555832,0
0.0,0.0,0.0,0.7,0.0,0.0,0.0,0.1952,v18_3119,0,H,corpus_expansion_5000,0.29784185712897054,0
0.0,0.0,0.0,0.6,0.0,0.0,0.0,0.0,v18_3652,0,M,corpus_expansion_5000,0.2601425988962303,0
0.0,0.0,0.0,0.7,0.0,0.6667,0.0,0.7981,v18_1610,1,M,corpus_expansion_5000,0.6393904256880911,1
0.0,0.0,0.4866,0.0,0.2835,0.3333,0.0,0.5422,v18_1932,1,M,corpus_expansion_5000,0.25726220205450184,0
0.0,0.0,0.0,0.0,0.3327,0.0,0.6667,0.1474,v18_3027,0,H,corpus_expansion_5000,0.18245826509097013,0
0.0,0.0,0.0,0.65,0.0,0.0,0.0,0.0,v18_0564,0,H,new_low_w0_pany,0.28008474130873345,0
0.0,0.0,0.0,0.5,0.0,0.0,0.0,0.0,v18_3571,0,H,corpus_expansion_5000,0.22311587068072297,0
0.0,0.0,0.0,1.0,0.0,0.6667,0.7143,0.0,v18_4247,0,M,corpus_expansion_5000,0.8428327231849831,1
0.0,0.0,0.0,0.35,0.0,0.0,0.0,0.7294,v18_2388,1,M,corpus_expansion_5000,0.16711119502662014,0
0.0,0.0,0.0,0.0,0.3354,0.3333,0.0,0.9426,v18_1471,1,M,corpus_expansion_5000,0.22632749156733564,0
0.0,0.0,0.0,0.25,0.0,0.0,0.0,0.9305,v18_2630,1,M,corpus_expansion_5000,0.13897857244239925,0
0.3,0.0,0.0,0.2,0.0,0.3333,0.0,0.7543,v18_1835,1,M,corpus_expansion_5000,0.6919228556553942,1
0.0,0.0,0.0,0.6,0.0,0.0,0.0,0.0,v18_4928,0,M,corpus_expansion_5000,0.2601425988962303,0
0.0,0.0,0.0,0.0,0.0,0.0,0.0,0.64,v18_3475,0,H,corpus_expansion_5000,0.09047959538492313,0
0.0,0.0,0.1733,0.1,0.3165,0.3333,0.0,0.2599,v18_1533,1,M,corpus_expansion_5000,0.28367631350830563,0
0.0,0.0,0.0,0.45,0.5654,0.0,0.0,0.9305,v18_4327,0,M,corpus_expansion_5000,0.3087428362589052,0
0.0,0.0,0.0,0.8,0.0,0.0,0.0,0.4109,v18_2484,1,M,corpus_expansion_5000,0.33815823919146865,0
0.0,0.0,0.0,0.9,0.0,0.0,0.0,0.0,v18_4207,0,M,corpus_expansion_5000,0.3921913672632442,0
0.0,0.0,0.0,0.8,0.0,0.0,0.0,0.0,v18_1172,1,H,corpus_expansion_5000,0.3451374483123983,0
0.3,0.0,0.6887,0.2,0.2082,0.6667,0.0,0.0,v18_1427,1,H,corpus_expansion_5000,0.8914649618890343,1
0.0,0.0,0.0,0.9,0.0,0.0,0.0,0.0,v18_0325,0,H,new_mid_w0_p0,0.3921913672632442,0
0.0,0.0,0.3658,0.6,0.0,0.0,0.0,0.8822,v18_1051,1,M,corpus_expansion_5000,0.27582001357253605,0
0.0,0.0,0.0,0.45,0.0,0.0,0.0,0.0,v18_3319,0,H,corpus_expansion_5000,0.2060688837501653,0
0.0,0.0,0.0,0.1,0.0,0.3333,0.0,0.2066,v18_4721,0,L,corpus_expansion_5000,0.20835330511533443,0
0.0,0.0,0.0,0.6,0.0,0.0,0.0,0.0,v18_3864,0,M,corpus_expansion_5000,0.2601425988962303,0
0.0,0.0,0.0,0.1,0.0,0.3333,0.0,0.2224,v18_2603,1,M,corpus_expansion_5000,0.20815656986227296,0
0.0,0.0,0.0,0.0,0.0,0.0,0.0,0.6769,v18_1738,1,M,corpus_expansion_5000,0.09025054115195531,0
0.0,0.0,0.0,0.0,0.0,0.0,0.0,0.7057,v18_1196,1,M,corpus_expansion_5000,0.0900721301875036,0
0.0,0.0,0.0,0.0,0.0,0.0,0.0,0.0,v18_0620,0,H,new_mid_w0_p0,0.0945363922261271,0
0.0,0.0,0.0,0.2,0.0,0.0,0.6667,0.9746,v18_1374,1,H,corpus_expansion_5000,0.17972040307692053,0
0.0,0.0,0.0,0.65,0.0,0.0,0.0,0.0,v18_2879,1,M,corpus_expansion_5000,0.28008474130873345,0
0.0,0.0,0.9813,0.2,0.0,0.0,0.0,0.3088,v18_1189,1,M,corpus_expansion_5000,0.18469133856549524,0
0.0,0.0,0.7603,0.2,0.6142,0.0,0.0,0.6628,v18_0328,1,H,new_high_w1_pany,0.2820748753547635,0
0.0,0.0,0.0,0.0,0.0,0.0,0.6667,0.0,v18_0648,0,H,v17_reused,0.13594465100785882,0
0.0,0.0,0.0,0.4,0.0,0.3333,0.0,0.609,v18_0897,1,M,corpus_expansion_5000,0.31904791396040755,0
0.0,0.0,0.4129,0.0,0.2337,0.3333,0.0,0.3391,v18_3882,0,M,corpus_expansion_5000,0.24445009190560865,0
0.0,0.0,0.0,0.4,0.0,0.0,1.0,0.3666,v18_1123,1,M,corpus_expansion_5000,0.2968010371940543,0
0.0,0.0,0.0,0.0,0.3596,0.0,0.0,0.0,v18_1891,1,M,corpus_expansion_5000,0.13359317485734432,0
0.0,0.0,0.0,0.2,0.2146,0.0,0.6667,0.3168,v18_4643,0,L,corpus_expansion_5000,0.22515367583164478,0
0.0,0.0,0.0,0.2,0.0,0.3333,0.6667,0.0,v18_4791,0,M,corpus_expansion_5000,0.3302991176393585,0
0.0,0.0,0.0,0.9,0.0,0.3333,0.0,0.0,v18_4529,0,M,corpus_expansion_5000,0.5743695239102369,1
0.0,0.0,0.0,0.6,0.4715,0.0,0.6667,0.2841,v18_4234,0,M,corpus_expansion_5000,0.46372111632747315,1
0.0,0.0,0.0,0.7,0.0,0.3333,0.0,0.3646,v18_1593,1,M,corpus_expansion_5000,0.46690422116013536,1
0.0,0.0,0.2716,0.6,0.2716,0.0,0.0,0.0,v18_3312,0,H,corpus_expansion_5000,0.34481237868609527,0
0.0,0.0,0.0,0.0,0.0,0.0,0.0,0.0,v18_2547,1,M,corpus_expansion_5000,0.0945363922261271,0
0.0,0.0,0.0,0.0,0.0,1.0,0.0,0.3316,v18_1545,1,M,corpus_expansion_5000,0.4822955331476324,1
0.0,0.0,0.0,1.0,0.0,0.3333,0.8,0.0,v18_4336,0,M,corpus_expansion_5000,0.7299043073166129,1
0.0,0.0,0.0,0.55,0.0,0.0,0.6667,0.4866,v18_1023,1,M,corpus_expansion_5000,0.31581168703472284,0
0.0,0.0,0.3866,0.9,0.3866,0.0,0.6667,0.8784,v18_1971,1,L,corpus_expansion_5000,0.6176774913018968,1
0.0,0.0,0.0,0.0,0.0,0.0,0.0,0.3579,v18_4988,0,L,corpus_expansion_5000,0.09224807290848518,0
0.0,0.0,0.0,0.35,0.5654,0.0,1.0,0.4866,v18_1714,1,M,corpus_expansion_5000,0.4110141230542197,0
0.0,0.0,0.0,0.1,0.0,0.0,0.0,0.6021,v18_1717,1,M,corpus_expansion_5000,0.10884839411169411,0
0.3,0.0,0.0,0.3,0.5636,0.0,0.0,0.0,v18_1477,1,H,corpus_expansion_5000,0.7194524749599174,1
0.0,0.0,0.0,0.0,0.5344,0.0,0.0,0.3299,v18_0809,1,M,corpus_expansion_5000,0.1538216384581662,0
0.0,0.0,0.0,0.1,0.166,0.0,0.0,0.0,v18_2850,1,M,corpus_expansion_5000,0.1327223959709792,0
0.0,0.0,0.0,0.0,0.384,0.0,0.0,0.5292,v18_0978,1,H,corpus_expansion_5000,0.13203749777961146,0
0.0,0.0,0.0,0.0,0.186,0.3333,0.0,0.9361,v18_4687,0,L,corpus_expansion_5000,0.19930143874827191,0
0.0,0.0,0.8111,0.6,0.0,0.0,0.0,0.4668,v18_4895,0,M,corpus_expansion_5000,0.31962123424527733,0
0.0,0.0,0.0,0.3,0.0,0.3333,0.0,0.1809,v18_1684,1,M,corpus_expansion_5000,0.2832911964429434,0
0.0,0.0,0.0,0.4,0.4439,0.0,0.6667,0.0,v18_4660,0,L,corpus_expansion_5000,0.36387431513977786,0
0.0,0.0,0.0,0.2,0.2056,0.0,0.0,0.0,v18_1514,1,M,corpus_expansion_5000,0.16358536398587953,0
0.0,0.0,0.0,0.0,0.0,0.3333,0.0,0.4684,v18_2404,1,M,corpus_expansion_5000,0.17407427585771418,0
0.0,0.0,0.0,0.55,0.0,0.0,0.0,0.0,v18_2021,1,M,corpus_expansion_5000,0.2411447352040636,0
0.5,0.0,0.0,1.0,0.0,0.0,0.0,0.7364,v18_4553,0,M,corpus_expansion_5000,0.9531864991391099,1
0.0,0.0,0.0,0.2,0.0,0.0,0.8571,0.8297,v18_1767,1,M,corpus_expansion_5000,0.19937751164651546,0
0.3,0.0,0.0,0.8,0.3551,0.0,0.75,0.0,v18_0174,0,H,v17_reused,0.8992434562838653,1
0.0,0.0,0.0,0.7,0.0,0.0,0.0,0.4866,v18_1554,1,M,corpus_expansion_5000,0.2932603380592846,0
0.0,0.0,0.0,0.4,0.4371,0.0,0.0,0.4912,v18_4215,0,M,corpus_expansion_5000,0.2663681644335821,0
0.0,0.0,0.0,0.2,0.0,0.0,0.0,0.0,v18_1482,1,M,corpus_expansion_5000,0.1353199798207458,0
0.3,0.2,0.7594,0.8,0.0,0.3333,0.0,0.0,v18_4461,0,H,corpus_expansion_5000,0.932054710281517,1
0.0,0.0,0.7478,0.2,0.0,0.3333,0.0,0.0,v18_0217,0,H,v17_reused,0.3063368991795243,0
0.0,0.0,0.0,0.8,0.6277,0.3333,0.0,0.0,v18_3914,0,M,corpus_expansion_5000,0.6852340389886598,1
0.0,0.0,0.0,0.2,0.6079,0.0,0.0,0.0,v18_3720,0,M,corpus_expansion_5000,0.23226173676668999,0
0.0,0.0,0.0,0.9,0.0,0.6667,0.0,0.0,v18_0690,0,H,new_mid_w1_p0,0.7384126165357974,1
0.0,0.0,0.0,0.75,0.0,0.0,1.0,0.0,v18_2577,1,M,corpus_expansion_5000,0.4683947501272958,1
0.0,0.0,0.0,0.45,0.0,0.0,0.0,0.8647,v18_2233,1,M,corpus_expansion_5000,0.19559043216514294,0
0.0,0.0,0.0,0.0,0.0,0.0,0.0,0.4988,v18_2238,1,M,corpus_expansion_5000,0.09136092570117273,0
0.0,0.0,0.0,0.3,0.0,0.0,0.0,0.9795,v18_1106,1,M,corpus_expansion_5000,0.15105970153597403,0
0.0,0.0,0.0,0.75,0.0,0.0,0.0,0.0,v18_1789,1,M,corpus_expansion_5000,0.32263931900913917,0
0.0,0.0,0.0,0.1,0.3314,0.0,0.0,0.547,v18_3188,0,H,corpus_expansion_5000,0.14943143091873304,0
0.0,0.0,0.0,0.1,0.0,0.0,0.0,0.0978,v18_2436,1,M,corpus_expansion_5000,0.11259788082099481,0
0.3,0.0,0.0,1.0,0.0,0.0,0.0,0.0,v18_0611,0,H,new_mid_w1_p0,0.8516062024164845,1
0.0,0.0,0.7888,0.0,0.0,0.0,0.0,0.913,v18_3660,0,M,corpus_expansion_5000,0.11790944398810918,0
0.0,0.0,0.0,0.5,0.0,0.0,0.0,0.0,v18_3711,0,M,corpus_expansion_5000,0.22311587068072297,0
0.0,0.0,0.0,0.65,0.0,0.0,0.0,0.0,v18_0576,0,H,v17_reused,0.28008474130873345,0
0.0,0.0,0.0,0.55,0.0,0.0,0.0,0.4866,v18_2063,1,L,corpus_expansion_5000,0.2344844413536289,0
0.0,0.0,0.0,0.2,0.0,0.0,0.0,0.0,v18_4435,0,M,corpus_expansion_5000,0.1353199798207458,0
0.0,0.0,0.0,0.1,0.2614,0.6667,0.0,0.0,v18_1180,1,M,corpus_expansion_5000,0.4260918056805786,1
0.0,0.0,0.6227,0.4,0.0,1.0,0.0,0.0,v18_0888,1,M,corpus_expansion_5000,0.7336395631440011,1
0.0,0.0,0.0,0.7,0.0,0.0,0.0,0.0,v18_3128,0,H,corpus_expansion_5000,0.30093381222399707,0
0.0,0.0,0.12,0.0,0.12,0.3333,0.0,0.8813,v18_1732,1,M,corpus_expansion_5000,0.1962320993835876,0
0.0,0.0,0.0,0.0,0.0,0.0,0.0,0.1834,v18_2663,1,L,corpus_expansion_5000,0.09335749781150632,0
0.0,0.0,0.0,0.6,0.3327,0.0,0.0,0.0,v18_0817,1,H,corpus_expansion_5000,0.3352604054046999,0
0.0,0.0,0.0,0.85,0.0,0.0,0.0,0.0,v18_3277,0,H,corpus_expansion_5000,0.36835127139997426,0
0.0,0.0,0.0,0.1,0.0,0.3333,0.0,0.7294,v18_1859,1,M,corpus_expansion_5000,0.20191629714008552,0
0.0,0.0,0.3596,0.8,0.0,0.0,0.0,0.2921,v18_0208,1,H,new_mid_w1_p1,0.37321053606326904,0
0.0,0.0,0.0,0.9,0.0,0.0,1.0,0.0,v18_0293,1,H,new_mid_w1_p1,0.5441271193800749,1
0.0,0.0,0.0,0.2,0.0,0.0,0.0,0.0,v18_1119,1,M,corpus_expansion_5000,0.1353199798207458,0
0.0,0.0,0.0,0.55,0.0,0.0,0.0,0.0,v18_2213,1,L,corpus_expansion_5000,0.2411447352040636,0
0.3,0.15,0.0,0.95,0.0,1.0,0.0,0.0,v18_1609,1,M,corpus_expansion_5000,0.9826269750367824,1
0.0,0.0,0.0,0.0,0.0,0.0,0.0,0.0,v18_1264,1,M,corpus_expansion_5000,0.0945363922261271,0
0.0,0.0,0.0,0.3,0.0,0.0,0.0,0.421,v18_0990,1,M,corpus_expansion_5000,0.15654837097718127,0
0.0,0.0,0.0,0.45,0.0,0.0,1.0,0.4866,v18_4197,0,M,corpus_expansion_5000,0.31638097535592824,0
0.3,0.0,0.0,0.1,0.0,0.0,0.0,0.5092,v18_1616,1,M,corpus_expansion_5000,0.4718920174114958,1
0.0,0.0,0.0,0.75,0.0,0.3333,0.0,0.7364,v18_0353,0,H,v17_reused,0.4851373944539194,1
0.0,0.0,0.0,0.0,0.0,0.3333,0.0,0.0,v18_4557,0,M,corpus_expansion_5000,0.17921858498670093,0
0.0,0.0,0.0,0.8,0.0,1.0,0.0,0.0,v18_2022,1,M,corpus_expansion_5000,0.8282355492157261,1
0.0,0.0,0.0,0.8,0.0,0.0,0.7143,0.2461,v18_3690,0,M,corpus_expansion_5000,0.44529082277997717,1
0.0,0.0,0.1079,0.1,0.2041,0.0,0.0,0.4709,v18_2555,1,M,corpus_expansion_5000,0.13846246373721924,0
0.0,0.0,0.0,0.5,0.0,0.0,0.0,0.0,v18_3048,0,H,corpus_expansion_5000,0.22311587068072297,0
0.0,0.0,0.0,0.9,0.2108,0.0,0.0,0.0,v18_1228,1,M,corpus_expansion_5000,0.4478048176476679,1
0.0,0.0,0.0,1.0,0.0,0.0,0.6667,0.0,v18_0259,0,H,new_mid_w0_p0,0.5434738198858534,1
0.0,0.0,0.0,0.0,0.4598,0.0,0.0,0.0,v18_1519,1,M,corpus_expansion_5000,0.14667632805399833,0
0.3,0.0,0.0,0.0,0.196,0.0,0.0,0.5755,v18_1777,1,M,corpus_expansion_5000,0.4731730172805892,1
0.0,0.0,0.0,0.85,0.0,0.0,0.0,0.0,v18_4739,0,M,corpus_expansion_5000,0.36835127139997426,0
0.0,0.0,0.0,0.2,0.222,0.0,0.0,0.8305,v18_1770,1,M,corpus_expansion_5000,0.1575297318399097,0
0.0,0.0,0.1066,0.1,0.0,0.0,0.0,0.8709,v18_4353,0,M,corpus_expansion_5000,0.1110413192570302,0
0.0,0.0,0.3706,0.9,0.0,0.0,0.0,0.0,v18_0052,0,H,new_low_w0_pany,0.4280944715771255,1
0.0,0.0,0.0,0.5,0.0,0.0,0.8,0.0,v18_3473,0,H,corpus_expansion_5000,0.319616076694664,0
0.0,0.0,0.8129,0.0,0.213,0.3333,0.0,0.8725,v18_4683,0,L,corpus_expansion_5000,0.262909526876935,0
0.0,0.0,0.0,0.4,0.2007,0.0,0.0,0.9409,v18_4411,0,L,corpus_expansion_5000,0.21359143045764487,0
0.0,0.0,0.1216,0.4,0.1216,0.3333,0.0,0.0972,v18_2409,1,L,corpus_expansion_5000,0.3684356227588703,0
0.0,0.0,0.0,0.0,0.0,0.0,0.0,0.1433,v18_2787,1,M,corpus_expansion_5000,0.09361412868220226,0
0.0,0.0,0.5512,0.0,0.0,0.0,0.0,0.0,v18_2344,1,M,corpus_expansion_5000,0.11520683008361449,0
0.0,0.0,0.0,0.55,0.0,0.0,0.0,0.0,v18_1033,1,M,corpus_expansion_5000,0.2411447352040636,0
0.0,0.0,0.0,1.0,0.0,0.0,0.0,0.0,v18_1097,1,M,corpus_expansion_5000,0.4413369854724032,1
0.0,0.0,0.0,0.15,0.0,0.0,0.0,0.0,v18_0543,0,H,new_low_w0_pany,0.1239110617250224,0
0.0,0.0,0.3039,0.0,0.0,0.0,0.0,0.0,v18_1046,1,M,corpus_expansion_5000,0.10548572720423018,0
0.3,0.0,0.0,0.7,0.0,0.0,0.75,0.4428,v18_1894,1,M,corpus_expansion_5000,0.8274994095971943,1
0.0,0.15,0.0,0.0,0.0,0.3333,0.0,0.0,v18_4376,0,M,corpus_expansion_5000,0.20651454197540436,0
0.0,0.0,0.0,0.9,0.0,0.3333,0.0,0.0,v18_0030,0,H,v17_reused,0.5743695239102369,1
0.0,0.0,0.0,0.8,0.0,0.0,0.0,0.5292,v18_0725,0,H,v17_reused,0.33616172228937596,0
0.0,0.0,0.0,0.7,0.5654,0.0,1.0,0.0,v18_4961,0,L,corpus_expansion_5000,0.5951448547618906,1
0.0,0.0,0.0,0.5,0.3288,0.0,0.0,0.4621,v18_4718,0,L,corpus_expansion_5000,0.28373991141511246,0
0.0,0.0,0.0,0.5,0.0,0.0,0.0,0.6959,v18_3903,0,H,corpus_expansion_5000,0.21413939886338956,0
0.0,0.0,0.0,0.0,0.2864,0.0,0.0,0.8795,v18_1426,1,M,corpus_expansion_5000,0.1176015182321855,0
0.0,0.0,0.0,0.2,0.0,0.6667,0.0,0.0,v18_2497,1,M,corpus_expansion_5000,0.40639880133444034,0
0.0,0.0,0.0,0.3,0.0,0.0,0.0,0.0,v18_0436,0,H,v17_reused,0.16079228470839807,0
0.0,0.0,0.6448,0.2,0.0,0.0,0.0,0.8013,v18_2470,1,M,corpus_expansion_5000,0.16017978071038813,0
0.0,0.0,0.0,0.0,0.0,1.0,0.0,0.5761,v18_0912,1,M,corpus_expansion_5000,0.47768698431742457,1
0.0,0.0,0.0,0.2,0.3136,0.0,0.0,0.2564,v18_4222,0,M,corpus_expansion_5000,0.17740191043593975,0
0.0,0.0,0.0,0.75,0.0,0.0,0.0,0.0,v18_4352,0,M,corpus_expansion_5000,0.32263931900913917,0
0.0,0.0,0.0,0.5,0.0,0.0,0.0,0.8217,v18_4512,0,M,corpus_expansion_5000,0.21254503982788164,0
0.0,0.0,0.0,0.7,0.0,0.3333,0.0,0.456,v18_4443,0,M,corpus_expansion_5000,0.46518661821579077,1
0.0,0.0,0.0,0.2,0.0,0.0,0.0,0.0,v18_2287,1,M,corpus_expansion_5000,0.1353199798207458,0
0.0,0.0,0.0,0.0,0.0,0.0,0.0,0.6927,v18_4597,0,L,corpus_expansion_5000,0.09015262353436052,0
0.0,0.0,0.3078,0.5,0.0,0.0,0.0,0.6855,v18_1238,1,M,corpus_expansion_5000,0.23576364643348727,0
0.0,0.0,0.0,0.4,0.0,1.0,0.0,0.5565,v18_0903,1,M,corpus_expansion_5000,0.6729721358265106,1
0.0,0.0,0.0,0.5,0.0,0.0,0.0,0.3942,v18_3620,0,M,corpus_expansion_5000,0.21799845164639509,0
0.0,0.0,0.0,0.0,0.0,0.0,0.0,0.9347,v18_3231,0,H,corpus_expansion_5000,0.0886647911849631,0
0.0,0.0,0.0,0.0,0.0,0.3333,0.0,0.7707,v18_2859,1,M,corpus_expansion_5000,0.1708165084559884,0
0.0,0.0,0.0,0.0,0.0,0.0,0.0,0.0,v18_0507,0,H,v17_reused,0.0945363922261271,0
0.0,0.0,0.0,0.8,0.0,0.0,0.0,0.0,v18_3221,0,H,corpus_expansion_5000,0.3451374483123983,0
0.0,0.0,0.0,0.3,0.0,0.0,0.0,0.0,v18_0183,0,H,v17_reused,0.16079228470839807,0
0.0,0.0,0.0,0.0,0.0,0.6667,0.0,0.3958,v18_1564,1,M,corpus_expansion_5000,0.30714362119347216,0
0.0,0.0,0.0,0.1,0.0,0.0,0.8,0.7248,v18_2704,1,M,corpus_expansion_5000,0.16523780619680206,0
0.0,0.0,0.0,0.1,0.0,0.0,0.75,0.0,v18_0321,0,H,new_low_w0_pany,0.16857217928819485,0
0.0,0.0,0.0,0.0,0.0,0.0,0.0,0.0,v18_3563,0,H,corpus_expansion_5000,0.0945363922261271,0
0.0,0.0,0.0,1.0,0.0,0.0,0.0,0.7364,v18_1538,1,M,corpus_expansion_5000,0.4276737845877746,1
0.0,0.0,0.0,0.45,0.0,0.0,0.0,0.0,v18_1837,1,M,corpus_expansion_5000,0.2060688837501653,0
0.0,0.0,0.6518,0.0,0.0,0.0,0.0,0.3374,v18_2380,1,M,corpus_expansion_5000,0.11672672935972446,0
0.3,0.0,0.0,0.1,0.0,0.0,0.0,0.7417,v18_1912,1,M,corpus_expansion_5000,0.46751873675145345,1
0.0,0.0,0.0,0.5,0.0,0.0,0.0,0.6879,v18_1840,1,M,corpus_expansion_5000,0.21424108260875446,0
0.0,0.0,0.0,0.0,0.2614,0.0,0.0,0.2125,v18_2115,1,M,corpus_expansion_5000,0.1200370904773588,0
0.0,0.0,0.0,0.8,0.5217,0.3333,0.0,0.0,v18_4437,0,M,corpus_expansion_5000,0.6599334042431618,1
0.0,0.0,0.0,0.0,0.0,0.0,0.0,0.8417,v18_1146,1,M,corpus_expansion_5000,0.0892339210586568,0
0.3,0.0,0.0,0.2,0.7576,0.0,0.0,0.5877,v18_2486,1,M,corpus_expansion_5000,0.712046404937207,1
0.0,0.0,0.0,0.5,0.0,0.0,0.0,0.0,v18_0044,0,H,new_mid_w1_p0,0.22311587068072297,0
0.0,0.0,0.0,0.0,0.0,0.0,0.0,0.0852,v18_2154,1,L,corpus_expansion_5000,0.09398707770203919,0
0.0,0.0,0.2331,0.0,0.2331,0.3333,0.0,0.1886,v18_1526,1,M,corpus_expansion_5000,0.2333024872938042,0
0.0,0.0,0.0,0.5,0.0,0.3333,0.0,0.4428,v18_4855,0,M,corpus_expansion_5000,0.3674371529851944,0
0.0,0.0,0.0,0.0,0.0,1.0,0.0,0.7081,v18_1378,1,M,corpus_expansion_5000,0.47520046141673195,1
0.3,0.0,0.0,0.4,0.0,0.0,0.0,0.406,v18_1765,1,M,corpus_expansion_5000,0.6230138039576425,1
0.5,0.0,0.174,0.0,0.0911,0.0,0.0,0.0,v18_3012,0,H,corpus_expansion_5000,0.771008723587791,1
0.0,0.0,0.0,0.2,0.0,0.0,0.0,0.0,v18_0413,1,H,new_high_w1_pany,0.1353199798207458,0
0.0,0.0,0.0,0.9,0.0,0.0,0.0,0.709,v18_4284,0,M,corpus_expansion_5000,0.37950454645693227,0
0.0,0.0,0.0,1.0,0.0,0.0,0.0,0.0,v18_1407,1,H,corpus_expansion_5000,0.4413369854724032,1
0.0,0.0,0.0,0.3,0.0,0.0,0.0,0.6248,v18_1658,1,M,corpus_expansion_5000,0.15452693832278955,0
0.3,0.0,0.0,0.0,0.7653,0.0,0.0,0.5761,v18_0801,1,H,corpus_expansion_5000,0.6247651669135604,1
0.0,0.0,0.0,0.0,0.174,0.0,0.0,0.7787,v18_1288,1,H,corpus_expansion_5000,0.10625271628973408,0
0.0,0.0,0.0,0.7,0.0,0.0,0.0,0.0,v18_2182,1,L,corpus_expansion_5000,0.30093381222399707,0
0.0,0.0,0.8776,0.6,0.0,0.0,0.0,0.7981,v18_2588,1,M,corpus_expansion_5000,0.3199745736655743,0
0.0,0.0,0.0,0.1,0.0,0.3333,0.0,0.8258,v18_2615,1,M,corpus_expansion_5000,0.20074572550911543,0
0.0,0.0,0.2418,0.1,0.0,1.0,0.0,0.5793,v18_2318,1,M,corpus_expansion_5000,0.5522327831803602,1
0.0,0.0,0.0,0.65,0.0,0.0,0.0,0.0,v18_0256,0,H,v17_reused,0.28008474130873345,0
0.0,0.0,0.0,0.5,0.6541,0.0,0.0,0.0,v18_4541,0,L,corpus_expansion_5000,0.36856616568882944,0
0.3,0.0,0.0,0.0,0.0,0.0,0.0,0.0,v18_1729,1,M,corpus_expansion_5000,0.43131946097737195,1
0.3,0.0,0.0,0.0,0.3263,0.3333,0.0,0.0,v18_1151,1,M,corpus_expansion_5000,0.693204173381689,1
0.0,0.0,0.0,1.0,0.0,1.0,0.0,0.0,v18_4144,0,M,corpus_expansion_5000,0.8784590901281101,1
0.0,0.0,0.7822,0.2,0.3984,0.3333,0.0,0.6938,v18_0647,0,H,v17_reused,0.39557542218627145,0
0.0,0.0,0.0,0.95,0.5654,0.0,0.0,0.0,v18_2908,0,H,corpus_expansion_5000,0.5685965839687225,1
0.3,0.0,0.0,0.3,0.0,0.6667,0.0,0.0,v18_1702,1,M,corpus_expansion_5000,0.8589373779514321,1
0.0,0.0,0.0,0.4,0.0,0.0,0.0,0.0,v18_1881,1,M,corpus_expansion_5000,0.19000580961738978,0
0.3,0.2,0.1311,0.4,0.0,1.0,0.0,0.737,v18_3768,0,M,corpus_expansion_5000,0.9515546210845804,1
0.0,0.0,0.0,0.0,0.3722,0.0,0.0,0.3081,v18_1315,1,M,corpus_expansion_5000,0.13248535824733307,0
0.0,0.0,0.0,1.0,0.0,0.0,1.0,0.4798,v18_2269,1,M,corpus_expansion_5000,0.5849453704511827,1
0.3,0.0,0.0,0.7,0.0,1.0,1.0,0.0,v18_1966,1,M,corpus_expansion_5000,0.9814556664151832,1
0.0,0.0,0.0,0.1,0.0,0.3333,0.0,0.8988,v18_2465,1,M,corpus_expansion_5000,0.19986268297437312,0
0.0,0.0,0.5547,0.2,0.0,0.0,0.0,0.3469,v18_3855,0,M,corpus_expansion_5000,0.1599400044827701,0
0.0,0.0,0.0,0.35,0.0,0.0,0.75,0.0,v18_1350,1,H,corpus_expansion_5000,0.25164664892226296,0
0.0,0.0,0.0,0.6,0.0,0.0,0.0,0.3183,v18_3296,0,H,corpus_expansion_5000,0.2555429669224655,0
0.0,0.0,0.0,0.0,0.0,0.0,0.0,0.0,v18_0112,0,H,v17_reused,0.0945363922261271,0
0.0,0.0,0.0,0.7,0.0,0.3333,0.0,0.0,v18_3133,0,H,corpus_expansion_5000,0.4737632500619631,1
0.0,0.0,0.0,0.7,0.0,0.0,1.0,0.0,v18_0263,0,H,new_mid_w0_p0,0.44330092545846445,1
0.0,0.0,0.0,0.2,0.0,0.0,0.0,0.0,v18_1393,1,M,corpus_expansion_5000,0.1353199798207458,0
0.0,0.0,0.0,0.5,0.0,0.0,0.0,0.7388,v18_1878,1,M,corpus_expansion_5000,0.21359471883364314,0
0.0,0.0,0.6807,0.4,0.0,0.6667,0.6667,0.9305,v18_1186,1,M,corpus_expansion_5000,0.6543912664816429,1
0.0,0.0,0.0,0.0,0.0,0.3333,0.0,0.586,v18_3071,0,H,corpus_expansion_5000,0.17280115603007046,0
0.0,0.0,0.0,0.1,0.0,0.0,0.6667,0.0,v18_0056,0,H,new_mid_w0_p0,0.16151257862235233,0
0.0,0.0,0.0,0.0,0.0,0.0,0.0,0.0,v18_1309,1,M,corpus_expansion_5000,0.0945363922261271,0
0.0,0.0,0.0,0.45,0.0,0.0,0.0,0.4866,v18_0695,0,H,new_low_w0_pany,0.2001218854158135,0
0.0,0.0,0.3572,0.1,0.162,0.6667,0.0,0.1309,v18_2952,0,H,corpus_expansion_5000,0.43232644434414774,1
0.0,0.0,0.0,0.6,0.2072,0.3333,0.0,0.0,v18_1726,1,M,corpus_expansion_5000,0.47932348132601066,1
0.0,0.0,0.0,0.75,0.0,0.0,0.0,0.0,v18_2091,1,M,corpus_expansion_5000,0.32263931900913917,0
0.0,0.0,0.2606,0.0,0.0,0.0,0.0,0.0,v18_3869,0,M,corpus_expansion_5000,0.10385995702325378,0
0.0,0.0,0.0,0.4,0.0,0.0,0.0,0.0,v18_0319,0,H,new_mid_w1_p0,0.19000580961738978,0
0.0,0.0,0.0,0.0,0.0,0.6667,0.0,0.5805,v18_4320,0,M,corpus_expansion_5000,0.3041834121218657,0
0.0,0.0,0.0,0.0,0.0,0.0,0.0,0.0,v18_0682,1,H,new_high_w1_pany,0.0945363922261271,0
0.0,0.0,0.0,0.35,0.5654,0.0,0.0,0.0,v18_3841,0,M,corpus_expansion_5000,0.2812828468573762,0
0.0,0.0,0.0,0.2,0.0,0.0,0.0,0.0,v18_3213,0,H,corpus_expansion_5000,0.1353199798207458,0
0.3,0.0,0.0,1.0,0.0,1.0,0.0,0.0,v18_2002,1,M,corpus_expansion_5000,0.981310202613338,1
0.0,0.0,0.2724,0.2,0.0,0.0,0.0,0.2202,v18_4782,0,M,corpus_expansion_5000,0.14651382407652588,0
0.0,0.0,0.0,1.0,0.6933,0.0,0.0,0.0,v18_4150,0,M,corpus_expansion_5000,0.6262103383846348,1
0.0,0.0,0.0,0.0,0.0,0.0,0.6667,0.0,v18_0286,0,H,new_mid_w0_p0,0.13594465100785882,0
0.0,0.0,0.0,0.1,0.0,0.0,0.0,0.8471,v18_1888,1,M,corpus_expansion_5000,0.10706667100602997,0
0.0,0.0,0.0,0.95,0.0,0.0,0.0,0.8647,v18_2337,1,M,corpus_expansion_5000,0.4007782457918172,0
0.0,0.0,0.0,0.2,0.5654,0.0,0.0,0.0,v18_2520,1,M,corpus_expansion_5000,0.2241461571565322,0
0.0,0.0,0.0,0.2,0.0,0.0,0.0,0.5841,v18_2277,1,L,corpus_expansion_5000,0.13024131768998384,0
0.0,0.0,0.0,0.15,0.0,0.0,0.75,0.4866,v18_2127,1,M,corpus_expansion_5000,0.17779759666589454,0
0.0,0.0,0.0,0.9,0.0,0.0,0.0,0.2232,v18_3499,0,H,corpus_expansion_5000,0.3881808091536623,0
0.0,0.0,0.0,0.45,0.0,0.0,0.75,0.0,v18_4211,0,M,corpus_expansion_5000,0.2916307820044533,0
0.0,0.0,0.0,0.5,0.0,0.0,0.0,0.4944,v18_2083,1,L,corpus_expansion_5000,0.21671125351369372,0
0.0,0.0,0.0,0.8,0.0,0.0,0.0,0.0,v18_0736,0,H,new_mid_w0_p0,0.3451374483123983,0
0.0,0.0,0.0,0.0,0.2305,0.5833,0.7143,0.0,v18_4801,0,L,corpus_expansion_5000,0.4307089526714278,1
0.0,0.0,0.0,0.4,0.0,0.0,0.0,0.0,v18_0336,0,H,v17_reused,0.19000580961738978,0
0.0,0.0,0.0,0.3,0.0,0.0,0.0,0.3324,v18_2596,1,L,corpus_expansion_5000,0.15743386254859923,0
0.0,0.0,0.0,0.55,0.0,0.0,0.75,0.4866,v18_2771,1,L,corpus_expansion_5000,0.3269855114692258,0
0.0,0.0,0.0,1.0,0.0,0.0,0.0,0.0,v18_3704,0,M,corpus_expansion_5000,0.4413369854724032,1
0.0,0.0,0.0,0.6,0.0,0.0,0.0,0.9449,v18_4404,0,M,corpus_expansion_5000,0.24664555954094816,0
0.0,0.0,0.0,0.0,0.4152,0.3333,0.0,0.132,v18_1071,1,M,corpus_expansion_5000,0.25323623287549807,0
0.0,0.0,0.0,1.0,0.0,0.0,0.0,0.7364,v18_2290,1,M,corpus_expansion_5000,0.4276737845877746,1
0.0,0.2,0.0,0.6,0.0,1.0,0.0,0.0,v18_1672,1,M,corpus_expansion_5000,0.8025872124839457,1
0.0,0.0,0.0,0.35,0.0,0.0,0.8333,0.0,v18_4083,0,M,corpus_expansion_5000,0.2614176554912833,0
0.0,0.0,0.0,0.0,0.3217,0.3333,0.0,0.8067,v18_4250,0,M,corpus_expansion_5000,0.22552444992214768,0
0.3,0.2,0.143,0.3,0.4606,0.0,0.0,0.9708,v18_4113,0,M,corpus_expansion_5000,0.7404218750058619,1
0.0,0.0,0.0,0.45,0.0,0.5833,0.6667,0.0,v18_4408,0,M,corpus_expansion_5000,0.5872267582459403,1
0.0,0.0,0.0,0.85,0.0,0.0,0.0,0.726,v18_3366,0,H,corpus_expansion_5000,0.3556897017009146,0
0.0,0.0,0.4812,0.1,0.0,0.3333,0.0,0.0,v18_1488,1,H,corpus_expansion_5000,0.24481014102044318,0
0.0,0.0,0.0,0.2,0.0,0.0,0.0,0.0,v18_0498,0,H,new_mid_w1_p0,0.1353199798207458,0
0.0,0.0,0.0,0.8,0.0,0.5833,0.8,0.3039,v18_4382,0,M,corpus_expansion_5000,0.7539621283993077,1
0.0,0.0,0.0,0.75,0.0,0.6667,0.0,0.0,v18_3479,0,H,corpus_expansion_5000,0.6757209327399362,1
0.0,0.0,0.0,0.2,0.0,0.3333,0.0,0.1699,v18_2581,1,M,corpus_expansion_5000,0.24420981381425297,0
0.0,0.0,0.0,0.4,0.0,0.0,0.0,0.0,v18_3123,0,H,corpus_expansion_5000,0.19000580961738978,0
0.0,0.0,0.0,0.0,0.0,0.0,0.0,0.0,v18_2921,0,H,corpus_expansion_5000,0.0945363922261271,0
0.0,0.0,0.4963,0.7,0.0,0.5833,0.0,0.7378,v18_4377,0,L,corpus_expansion_5000,0.6437083020617936,1
0.0,0.0,0.0,0.0,0.1819,0.0,0.0,0.1461,v18_2644,1,M,corpus_expansion_5000,0.1117226214906263,0
0.0,0.0,0.0,0.95,0.0,0.0,0.8,0.0,v18_4286,0,M,corpus_expansion_5000,0.5387072227208463,1
0.0,0.0,0.0,0.3,0.2331,0.0,0.75,0.0,v18_4040,0,M,corpus_expansion_5000,0.28124586935303486,0
0.0,0.0,0.0,0.0,0.0,0.0,0.0,0.9589,v18_2034,1,L,corpus_expansion_5000,0.08851723320473097,0
0.0,0.0,0.0,0.6,0.0,0.0,0.0,0.0,v18_1022,1,M,corpus_expansion_5000,0.2601425988962303,0
0.0,0.0,0.0,0.35,0.0,0.0,0.8,0.9305,v18_2282,1,M,corpus_expansion_5000,0.24427850725790218,0
0.0,0.0,0.0,0.0,0.3288,0.3333,0.0,0.2635,v18_4886,0,L,corpus_expansion_5000,0.23414750233400794,0
0.0,0.0,0.0,0.7,0.325,0.0,0.0,0.0,v18_4219,0,M,corpus_expansion_5000,0.3797841921389016,0
0.0,0.0,0.0,0.95,0.0,0.0,0.0,0.0,v18_3063,0,H,corpus_expansion_5000,0.4165568777450921,0
0.0,0.0,0.0,0.5,0.7742,0.0,0.0,0.0,v18_4365,0,M,corpus_expansion_5000,0.3993555662143467,0
0.0,0.0,0.0,0.3,0.3806,0.0,0.0,0.3081,v18_0665,1,H,new_mid_w1_p1,0.22046906877967484,0
0.0,0.0,0.0,0.0,0.0,0.0,0.0,0.6844,v18_3932,0,M,corpus_expansion_5000,0.09020404933138913,0
0.0,0.0,0.0,0.3,0.0,0.0,0.8333,0.3897,v18_2638,1,M,corpus_expansion_5000,0.2369944760099797,0
0.0,0.0,0.0,0.0,0.3463,0.0,0.0,0.2776,v18_3176,0,H,corpus_expansion_5000,0.129550405078555,0
0.0,0.0,0.3408,0.3,0.0,0.0,0.0,0.726,v18_4265,0,M,corpus_expansion_5000,0.17212670706483954,0
0.0,0.0,0.0,0.0,0.4818,0.0,0.0,0.3223,v18_3121,0,H,corpus_expansion_5000,0.14661563844610087,0
0.0,0.0,0.0,0.85,0.0,0.3333,0.0,0.0,v18_1017,1,H,corpus_expansion_5000,0.5494664555230963,1
0.0,0.0,0.0,0.2,0.0,0.0,0.0,0.3408,v18_0557,0,H,new_low_w0_pany,0.13233679201490914,0
0.0,0.0,0.0,0.9,0.0,0.0,0.6667,0.4134,v18_2399,1,M,corpus_expansion_5000,0.4851904157066046,1
0.0,0.0,0.0,0.3,0.0,0.0,0.0,0.0,v18_1207,1,M,corpus_expansion_5000,0.16079228470839807,0
0.3,0.0,0.0,1.0,0.0,0.0,0.6667,0.0,v18_2005,1,M,corpus_expansion_5000,0.8963515588503678,1
0.0,0.0,0.1216,0.0,0.1216,0.0,0.0,0.3374,v18_2656,1,L,corpus_expansion_5000,0.10867237427173453,0
0.0,0.0,0.0,0.3,0.3772,0.0,0.0,0.0,v18_2135,1,M,corpus_expansion_5000,0.2238525849780599,0
0.3,0.0,0.0,0.1,0.3449,0.0,0.0,0.0,v18_1510,1,M,corpus_expansion_5000,0.5744108732842524,1
0.0,0.0,0.0,0.7,0.0,0.0,0.0,0.5422,v18_1736,1,M,corpus_expansion_5000,0.29239086809910597,0
0.0,0.0,0.0,0.65,0.0,0.0,0.0,0.0,v18_0245,1,H,new_mid_w1_p1,0.28008474130873345,0
0.0,0.0,0.0,0.0,0.0,0.0,0.0,0.0,v18_1163,1,H,corpus_expansion_5000,0.0945363922261271,0
0.0,0.0,0.0,0.0,0.0,0.6667,0.0,0.0,v18_3362,0,H,corpus_expansion_5000,0.31354072118734344,0
0.0,0.0,0.0,1.0,0.0,0.0,0.0,0.0,v18_0266,1,H,new_mid_w1_p1,0.4413369854724032,1
0.0,0.0,0.0,0.45,0.0,0.0,0.0,0.9902,v18_2366,1,M,corpus_expansion_5000,0.19410361133270068,0
0.0,0.0,0.1876,0.0,0.2927,0.0,0.0,0.9402,v18_1114,1,M,corpus_expansion_5000,0.1258751029826634,0
0.0,0.0,0.0,0.3,0.0,0.0,0.0,0.4399,v18_0063,1,H,new_mid_w1_p1,0.15636000516471185,0
0.0,0.0,0.0,0.8,0.3551,0.0,0.0,0.8714,v18_2592,1,M,corpus_expansion_5000,0.4203685762353713,1
0.0,0.0,0.0,0.8,0.8017,0.6667,0.0,0.0,v18_2788,1,M,corpus_expansion_5000,0.8461382923652667,1
0.0,0.0,0.0,0.3,0.0,0.3333,1.0,0.6529,v18_2757,1,M,corpus_expansion_5000,0.4136833391168398,0
0.0,0.0,0.0,0.6,0.0,0.0,0.0,0.0,v18_3011,0,H,corpus_expansion_5000,0.2601425988962303,0
0.0,0.0,0.0,0.65,0.0,0.0,0.0,0.0,v18_3076,0,H,corpus_expansion_5000,0.28008474130873345,0
0.0,0.0,0.0,0.6,0.0,0.0,0.6667,0.4223,v18_2998,0,H,corpus_expansion_5000,0.3391588038156509,0
0.0,0.0,0.0,0.5,0.4284,0.0,0.0,0.6612,v18_2815,1,M,corpus_expansion_5000,0.3030055026275252,0
0.0,0.0,0.0,0.3,0.0,0.0,0.0,0.0,v18_2259,1,M,corpus_expansion_5000,0.16079228470839807,0
0.0,0.0,0.0,0.0,0.5334,0.0,0.0,0.3291,v18_4958,0,M,corpus_expansion_5000,0.1536884187735781,0
0.0,0.0,0.0,0.8,0.0,0.0,0.0,0.0,v18_3204,0,H,corpus_expansion_5000,0.3451374483123983,0
0.0,0.0,0.0,0.9,0.4681,0.0,0.6667,0.8613,v18_1237,1,M,corpus_expansion_5000,0.6021595530648611,1
0.0,0.0,0.0,0.8,0.3875,0.6667,0.0,0.0,v18_0103,1,L,v17_reused,0.7782539617711284,1
0.0,0.0,0.0,0.25,0.0,0.0,0.0,0.0,v18_2643,1,M,corpus_expansion_5000,0.1476023763660605,0
0.0,0.0,0.0,0.75,0.0,0.0,0.0,0.0,v18_0272,0,H,v17_reused,0.32263931900913917,0
0.0,0.0,0.0,0.5,0.0,0.0,0.0,0.57,v18_0508,0,H,new_low_w0_pany,0.21574371869981235,0
0.0,0.0,0.4394,0.0,0.0,0.3333,0.0,0.897,v18_2226,1,M,corpus_expansion_5000,0.19570708215965552,0
0.0,0.0,0.4284,0.8,0.2439,0.0,0.0,0.5817,v18_4933,0,M,corpus_expansion_5000,0.43823768894419773,1
0.3,0.0,0.0,1.0,0.5478,0.0,0.0,0.0,v18_2441,1,M,corpus_expansion_5000,0.9122340406743517,1
0.3,0.0,0.4003,0.9,0.4003,0.0,0.0,0.0,v18_0865,1,M,corpus_expansion_5000,0.8946645420213137,1
0.0,0.0,0.0,0.5,0.252,0.0,0.0,0.2029,v18_3326,0,H,corpus_expansion_5000,0.2709744995010885,0
0.0,0.0,0.0,0.7,0.0,0.3333,0.0,0.0,v18_0908,1,M,corpus_expansion_5000,0.4737632500619631,1
0.0,0.0,0.6708,0.0,0.0,0.0,0.0,0.3541,v18_2114,1,M,corpus_expansion_5000,0.11738314232726066,0
0.0,0.0,0.0,0.0,0.1178,0.0,0.0,0.0946,v18_3896,0,M,corpus_expansion_5000,0.10537511220461654,0
0.0,0.0,0.0,0.1,0.0,0.0,0.0,0.4184,v18_1627,1,M,corpus_expansion_5000,0.11020134873817986,0
0.0,0.0,0.0,0.0,0.298,0.0,0.0,0.0,v18_2873,1,M,corpus_expansion_5000,0.12604972566167688,0
0.3,0.0,0.0,0.0,0.0923,0.3333,0.0,0.265,v18_1522,1,M,corpus_expansion_5000,0.6321400730344315,1
0.3,0.0,0.0,0.8,0.5227,0.3333,0.0,0.0,v18_0835,1,M,corpus_expansion_5000,0.9338304282855248,1
0.0,0.0,0.0,1.0,0.9369,0.0,1.0,0.0,v18_0358,0,H,new_mid_w1_p0,0.8014215076398002,1
0.0,0.0,0.9667,0.7,0.0,0.0,0.0,0.0,v18_0138,0,H,new_low_w0_pany,0.3880424062960514,0
0.0,0.0,0.0,0.7,0.0,0.0,0.0,0.0,v18_0299,0,H,v17_reused,0.30093381222399707,0
0.0,0.0,0.0,0.5,0.0,0.3333,0.0,0.0,v18_1556,1,M,corpus_expansion_5000,0.3752431354790696,0
0.0,0.0,0.0,0.5,0.0,0.0,0.0,0.0,v18_1003,1,M,corpus_expansion_5000,0.22311587068072297,0
0.3,0.0,0.0,0.9,0.5879,0.3333,0.0,0.0,v18_0382,0,H,new_low_w0_pany,0.9488331744656565,1
0.0,0.0,0.2551,0.0,0.0,0.0,0.8,0.0,v18_0941,1,M,corpus_expansion_5000,0.1590660520939585,0
0.0,0.0,0.0,0.9,0.0,0.0,0.0,0.0,v18_4446,0,M,corpus_expansion_5000,0.3921913672632442,0
0.0,0.0,0.0,0.35,0.0,0.0,0.0,0.0,v18_4854,0,L,corpus_expansion_5000,0.17491898592996105,0
0.0,0.0,0.0,0.65,0.0,0.0,0.0,0.0,v18_0761,1,H,new_mid_w1_p1,0.28008474130873345,0
0.0,0.0,0.0,0.65,0.5654,0.0,0.6667,0.7364,v18_1705,1,M,corpus_expansion_5000,0.5058679125072721,1
0.0,0.0,0.3674,0.0,0.3674,0.0,0.0,0.7625,v18_1873,1,M,corpus_expansion_5000,0.14535818545896814,0
0.0,0.0,0.0,0.1,0.508,0.0,0.0,0.0,v18_2550,1,L,corpus_expansion_5000,0.1814913593093756,0
0.3,0.0,0.0,0.3,0.8143,0.0,0.0,0.1987,v18_2086,1,M,corpus_expansion_5000,0.7682704612381456,1
0.0,0.0,0.0,0.1,0.0,0.0,0.6667,0.8572,v18_2197,1,M,corpus_expansion_5000,0.152936911172411,0
0.0,0.0,0.6807,0.0,0.0,0.3333,0.0,0.8755,v18_0898,1,M,corpus_expansion_5000,0.21164395524852953,0
0.0,0.0,0.0,0.5,0.5344,0.5833,0.0,0.0,v18_3999,0,M,corpus_expansion_5000,0.6509151995091049,1
0.0,0.0,0.0,0.0,0.0,0.0,0.0,0.5117,v18_3615,0,M,corpus_expansion_5000,0.09128008814383144,0
0.0,0.0,0.0,0.1,0.0,0.0,0.6667,0.0,v18_1402,1,M,corpus_expansion_5000,0.16151257862235233,0
0.0,0.0,0.0,0.0,0.3806,0.0,0.0,0.3081,v18_3873,0,H,corpus_expansion_5000,0.1335356701270649,0
0.0,0.0,0.0,0.8,0.0,0.3333,0.0,0.9449,v18_3785,0,M,corpus_expansion_5000,0.5064928846319345,1
0.0,0.0,0.0,0.1,0.2299,0.0,0.0,0.0,v18_4386,0,M,corpus_expansion_5000,0.14090253468721725,0
0.0,0.0,0.0,0.6,0.0,0.0,0.0,0.0,v18_2955,0,H,corpus_expansion_5000,0.2601425988962303,0
0.3,0.0,0.0,0.7,0.0,1.0,0.0,0.0,v18_1512,1,M,corpus_expansion_5000,0.9662288392003014,1
0.0,0.0,0.7802,0.3,0.0,0.0,0.0,0.4428,v18_1188,1,M,corpus_expansion_5000,0.20210365713614412,0
0.0,0.0,0.0,0.0,0.0,0.0,0.0,0.0,v18_2989,0,H,corpus_expansion_5000,0.0945363922261271,0
0.0,0.0,0.0,0.0,0.579,0.0,0.0,0.0,v18_2080,1,L,corpus_expansion_5000,0.16360246495745806,0
0.0,0.0,0.0,0.4,0.0,0.0,0.0,0.4457,v18_4983,0,L,corpus_expansion_5000,0.1848797051160577,0
0.0,0.0,0.0,0.55,0.0,0.0,0.6667,0.0,v18_3437,0,H,corpus_expansion_5000,0.3238048861829309,0
0.0,0.0,0.0,0.9,0.3823,0.0,0.7143,0.0,v18_0108,1,L,v17_reused,0.6024683945397232,1
0.0,0.0,0.0,0.9,0.0,0.5833,0.0,0.0,v18_4698,0,M,corpus_expansion_5000,0.7012202717686872,1
0.0,0.0,0.0,0.7,0.0,0.6667,0.0,0.0,v18_2827,1,L,corpus_expansion_5000,0.653167008581208,1
0.0,0.0,0.0,0.3,0.0,0.6667,0.0,0.0,v18_4747,0,L,corpus_expansion_5000,0.45598911548315474,1
0.0,0.0,0.5978,0.9,0.0,0.0,0.0,0.6529,v18_0058,0,H,v17_reused,0.43833856669825105,1
0.0,0.0,0.0,1.0,0.0,0.0,0.0,0.0,v18_0076,0,H,new_mid_w1_p0,0.4413369854724032,1
0.0,0.0,0.0,0.0,0.4987,0.0,0.0,0.7177,v18_0796,1,M,corpus_expansion_5000,0.14517824983206556,0
0.0,0.0,0.0,1.0,0.0,0.9167,1.0,0.0,v18_0368,0,H,v17_reused,0.9174807457985427,1
0.0,0.0,0.2268,0.4,0.0,1.0,0.0,0.3316,v18_4905,0,M,corpus_expansion_5000,0.6962511735884017,1
0.0,0.0,0.0,0.9,0.0,0.0,1.0,0.0,v18_0785,0,H,v17_reused,0.5441271193800749,1
0.0,0.0,0.0,0.5,0.6648,0.3333,0.0,0.1941,v18_2088,1,M,corpus_expansion_5000,0.5489384787658472,1
0.0,0.0,0.5654,1.0,0.0,0.0,0.0,0.0,v18_2314,1,M,corpus_expansion_5000,0.4976972215206792,1
0.0,0.0,0.2226,0.3,0.0,0.0,0.0,0.5446,v18_3384,0,H,corpus_expansion_5000,0.16738328679263786,0
0.0,0.0,0.0,0.9,0.0,0.0,0.0,0.0,v18_3605,0,M,corpus_expansion_5000,0.3921913672632442,0
0.0,0.0,0.0,0.6,0.0,0.0,0.0,0.4971,v18_4111,0,M,corpus_expansion_5000,0.2529827437637835,0
0.3,0.0,0.0,0.5,0.8884,0.0,0.0,0.0,v18_1902,1,M,corpus_expansion_5000,0.8453604440380661,1
0.0,0.0,0.0,0.0,0.0,0.3333,0.0,0.0,v18_1703,1,M,corpus_expansion_5000,0.17921858498670093,0
0.0,0.0,0.0,0.35,0.0,0.0,0.0,0.0,v18_0121,0,H,new_high_w1_pany,0.17491898592996105,0
0.0,0.0,0.0,0.3,0.0,0.0,0.0,0.0,v18_1844,1,M,corpus_expansion_5000,0.16079228470839807,0
0.0,0.0,0.0,0.4,0.0,0.0,0.0,0.0,v18_2369,1,M,corpus_expansion_5000,0.19000580961738978,0
0.0,0.0,0.0,0.9,0.6612,0.0,0.0,0.0,v18_3728,0,M,corpus_expansion_5000,0.569255747183441,1
0.0,0.0,0.2077,0.5,0.0,0.6667,0.6667,0.1686,v18_0910,1,M,corpus_expansion_5000,0.6701360153709581,1
0.0,0.0,0.0,0.5,0.0,0.0,0.0,0.7628,v18_0124,0,H,v17_reused,0.21329044322821522,0
0.0,0.0,0.0,0.0,0.0,0.0,0.0,0.6181,v18_2572,1,M,corpus_expansion_5000,0.09061578556838343,0
0.0,0.0,0.0,0.2,0.0,0.0,0.8,0.0,v18_1586,1,M,corpus_expansion_5000,0.2038092859216916,0
0.0,0.0,0.0,0.7,0.4759,0.9167,0.0,0.0,v18_1257,1,M,corpus_expansion_5000,0.845849496378495,1
0.0,0.0,0.0,0.1,0.2656,0.0,0.0,0.216,v18_3441,0,H,corpus_expansion_5000,0.14363554912878218,0
0.0,0.0,0.1754,0.7,0.1754,0.0,0.0,0.8118,v18_3480,0,H,corpus_expansion_5000,0.34440985093213017,0
0.0,0.0,0.0,0.55,0.0,0.0,0.0,0.0,v18_4108,0,M,corpus_expansion_5000,0.2411447352040636,0
0.0,0.0,0.0,0.0,0.0,0.5833,0.0,0.6656,v18_1178,1,H,corpus_expansion_5000,0.2653195547405834,0
0.0,0.0,0.0,0.65,0.0,0.0,0.0,0.4866,v18_3463,0,H,corpus_expansion_5000,0.27273548435752637,0
0.0,0.0,0.0,0.0,0.0,0.0,0.0,0.3244,v18_3469,0,H,corpus_expansion_5000,0.09246013436329381,0
0.0,0.0,0.0,0.2,0.0,0.0,0.0,0.0,v18_3467,0,H,corpus_expansion_5000,0.1353199798207458,0
0.0,0.0,0.3965,0.6,0.0,0.6667,0.0,0.0,v18_2103,1,M,corpus_expansion_5000,0.6432444674841988,1
0.0,0.0,0.0,0.3,0.0,0.0,0.0,0.0,v18_0442,0,H,new_low_w0_pany,0.16079228470839807,0
0.0,0.0,0.0,0.2,0.0,0.0,0.0,0.0,v18_2227,1,M,corpus_expansion_5000,0.1353199798207458,0
0.0,0.0,0.0,1.0,0.0,0.0,0.0,0.0,v18_4416,0,M,corpus_expansion_5000,0.4413369854724032,1
0.0,0.0,0.0,0.6,0.0,0.3333,0.0,0.8795,v18_0925,1,M,corpus_expansion_5000,0.40761513737957533,0
0.0,0.0,0.0,1.0,0.2614,0.6667,0.0,0.0,v18_4020,0,M,corpus_expansion_5000,0.8210587943102536,1
0.3,0.0,0.0,0.7,0.4759,1.0,0.0,0.0,v18_2145,1,M,corpus_expansion_5000,0.9795638492718384,1
0.0,0.0,0.0,0.0,0.0,0.3333,0.0,0.7435,v18_4770,0,M,corpus_expansion_5000,0.1711076387833799,0
0.0,0.0,0.0,0.1,0.0,0.0,0.0,0.2452,v18_1411,1,M,corpus_expansion_5000,0.11149044289188749,0
0.0,0.0,0.3536,0.4,0.0,0.0,0.0,0.8143,v18_3466,0,H,corpus_expansion_5000,0.20265270432985194,0
0.0,0.0,0.0,0.7,0.213,1.0,0.0,0.0,v18_2072,1,L,corpus_expansion_5000,0.8322631872883662,1
0.3,0.15,0.0,0.6,0.4349,0.3333,0.0,0.0,v18_1509,1,M,corpus_expansion_5000,0.9107409577071962,1
0.0,0.0,0.0,0.0,0.0,0.0,0.0,0.0,v18_1227,1,M,corpus_expansion_5000,0.0945363922261271,0
0.0,0.0,0.0,0.4,0.0,0.0,0.0,0.0,v18_4072,0,M,corpus_expansion_5000,0.19000580961738978,0
0.0,0.0,0.0,0.0,0.3141,0.0,0.0,0.2564,v18_2585,1,L,corpus_expansion_5000,0.12583994648298363,0
0.0,0.0,0.0,0.3,0.6741,0.0,0.6667,0.0,v18_4450,0,L,corpus_expansion_5000,0.3748749972964905,0
0.0,0.0,0.0,0.0,0.1667,0.0,0.0,0.1338,v18_2951,0,H,corpus_expansion_5000,0.11018850675773023,0
0.0,0.0,0.0,0.6,0.0,0.0,0.0,0.0,v18_3885,0,M,corpus_expansion_5000,0.2601425988962303,0
0.0,0.0,0.0,0.5,0.0,0.0,0.6667,0.0,v18_0324,0,H,v17_reused,0.3020559329753028,0
0.0,0.0,0.0,0.95,0.0,0.0,0.0,0.0,v18_3977,0,M,corpus_expansion_5000,0.4165568777450921,0
0.0,0.0,0.0,0.3,0.0,0.0,0.0,0.8766,v18_3576,0,H,corpus_expansion_5000,0.1520589249565257,0
0.0,0.0,0.0,0.3,0.0,0.0,0.75,0.6708,v18_2211,1,M,corpus_expansion_5000,0.22414154672966854,0
0.0,0.0,0.0,1.0,0.0,0.0,0.8,0.0,v18_3298,0,H,corpus_expansion_5000,0.5637328118069199,1
0.0,0.0,0.0,0.75,0.5654,0.0,0.75,0.0,v18_3035,0,H,corpus_expansion_5000,0.5824142246867856,1
0.0,0.0,0.0,0.1,0.0,0.3333,0.0,0.0,v18_1498,1,M,corpus_expansion_5000,0.21093841116397974,0
0.3,0.0,0.0,0.2,0.0,0.0,0.0,0.8657,v18_1502,1,M,corpus_expansion_5000,0.5157198332193368,1
0.0,0.0,0.0,0.0,0.5264,0.0,0.0,0.89,v18_1006,1,M,corpus_expansion_5000,0.14730361182892113,0
0.0,0.0,0.0,0.0,0.0,0.0,0.0,0.7435,v18_4179,0,M,corpus_expansion_5000,0.08983844807615327,0
0.0,0.0,0.0,0.1,0.0,0.0,0.0,0.0,v18_3013,0,H,corpus_expansion_5000,0.1133379569328199,0
0.0,0.0,0.0,0.1,0.6576,0.0,0.0,0.0,v18_3516,0,H,corpus_expansion_5000,0.20684191767148055,0
0.0,0.0,0.0,0.1,0.0,0.0,0.0,0.0,v18_1467,1,M,corpus_expansion_5000,0.1133379569328199,0
0.0,0.0,0.0,0.4,0.3421,0.0,0.0,0.9277,v18_1225,1,M,corpus_expansion_5000,0.2406539546133129,0
0.0,0.0,0.0,0.0,0.0,0.0,0.0,0.326,v18_3167,0,H,corpus_expansion_5000,0.09244999610653919,0
0.0,0.0,0.0,0.0,0.0,0.0,0.0,0.5016,v18_2267,1,M,corpus_expansion_5000,0.0913433740951066,0
0.0,0.0,0.0897,0.3,0.0,0.3333,0.0,0.0,v18_3808,0,M,corpus_expansion_5000,0.29346898805872257,0
0.0,0.0,0.0,0.0,0.0,0.3333,0.0,0.9615,v18_1216,1,M,corpus_expansion_5000,0.16878536400386598,0
0.0,0.0,0.0,0.2,0.2157,0.3333,0.0,0.0,v18_3976,0,M,corpus_expansion_5000,0.2925509671762741,0
0.0,0.0,0.0,0.0,0.0,0.0,0.0,0.5098,v18_4584,0,H,corpus_expansion_5000,0.09129199040900406,0
0.0,0.0,0.0,0.4,0.0,0.3333,0.0,0.3095,v18_0420,1,H,new_high_w1_pany,0.3239816535412985,0
0.0,0.0,0.0,0.9,0.4338,0.3333,0.0,0.0,v18_3422,0,H,corpus_expansion_5000,0.6835342536841612,1
0.0,0.0,0.0,0.8,0.0,0.0,0.0,0.0,v18_0006,0,H,new_mid_w0_p0,0.3451374483123983,0
0.0,0.0,0.0,0.2,0.0,0.0,0.0,0.5624,v18_0932,1,M,corpus_expansion_5000,0.13042706172662621,0
0.0,0.0,0.0,0.1,0.0,0.6667,0.0,0.0,v18_1691,1,M,corpus_expansion_5000,0.3586461204198161,0
0.0,0.0,0.0,0.35,0.0,0.0,0.8571,0.9305,v18_0439,0,H,new_mid_w0_p0,0.2508201550264552,0
0.0,0.0,0.0,0.8,0.0,0.0,0.0,0.0,v18_1313,1,M,corpus_expansion_5000,0.3451374483123983,0
0.0,0.0,0.0,0.9,0.0,1.0,0.0,0.0,v18_0678,0,H,v17_reused,0.8551460124766889,1
0.0,0.0,0.0,0.4,0.2733,0.0,0.0,0.9757,v18_1943,1,M,corpus_expansion_5000,0.22665069330697055,0
0.0,0.0,0.0,0.25,0.0,0.3333,0.0,0.4798,v18_4610,0,M,corpus_expansion_5000,0.25885033646710803,0
0.0,0.0,0.0,0.1,0.3772,0.0,0.0,0.0,v18_3303,0,H,corpus_expansion_5000,0.16136595467591944,0
0.3,0.0,0.0,0.8,0.0,0.0,0.0,0.2507,v18_2268,1,M,corpus_expansion_5000,0.7897763239833326,1
0.0,0.0,0.0,0.0,0.0,0.0,0.0,0.0,v18_4633,0,L,corpus_expansion_5000,0.0945363922261271,0
0.0,0.0,0.0,0.4,0.0,0.0,0.0,0.0,v18_4080,0,M,corpus_expansion_5000,0.19000580961738978,0
0.0,0.0,0.0,0.0,0.0,0.0,0.0,0.2914,v18_2518,1,M,corpus_expansion_5000,0.09266945868995898,0
0.3,0.6667,0.0,0.1,0.3018,1.0,0.0,0.0,v18_2439,1,M,corpus_expansion_5000,0.9625729662698999,1
0.0,0.0,0.0,0.7,0.0,0.5833,0.0,0.0,v18_4037,0,M,corpus_expansion_5000,0.6102517496321148,1
0.0,0.0,0.0,0.35,0.0,0.0,0.0,0.0,v18_1893,1,M,corpus_expansion_5000,0.17491898592996105,0
0.0,0.0,0.0,0.2,0.5065,0.0,0.0,0.0,v18_4244,0,M,corpus_expansion_5000,0.21323581866230484,0
0.0,0.0,0.5312,0.4,0.5312,0.3333,0.0,0.0,v18_4829,0,L,corpus_expansion_5000,0.5191488039855561,1
0.0,0.0,0.2214,0.1,0.0,0.6667,0.0,0.9804,v18_2640,1,M,corpus_expansion_5000,0.36202669267489407,0
0.0,0.0,0.0,0.0,0.0,0.0,0.0,0.0,v18_0194,0,H,new_mid_w0_p0,0.0945363922261271,0
0.0,0.0,0.0,0.2,0.0,0.0,0.0,0.0,v18_1474,1,H,corpus_expansion_5000,0.1353199798207458,0
0.0,0.0,0.0,0.4,0.0,0.0,0.0,0.4262,v18_4616,0,L,corpus_expansion_5000,0.18510172481662102,0
0.0,0.0,0.0,0.25,0.0,0.0,0.0,0.0,v18_1211,1,M,corpus_expansion_5000,0.1476023763660605,0
0.0,0.0,0.0,0.0,0.0,0.3333,0.0,0.0,v18_2438,1,M,corpus_expansion_5000,0.17921858498670093,0
0.0,0.0,0.0,0.65,0.0,0.0,0.0,0.0,v18_1657,1,M,corpus_expansion_5000,0.28008474130873345,0
0.0,0.0,0.0,0.0,0.0,0.3333,0.6667,0.0,v18_2700,1,M,corpus_expansion_5000,0.24757692835969164,0
0.0,0.0,0.0,0.4,0.3965,0.0,0.0,0.0,v18_3082,0,H,corpus_expansion_5000,0.26501655125611634,0
0.0,0.0,0.0,0.35,0.0,0.0,0.0,0.0,v18_2705,1,M,corpus_expansion_5000,0.17491898592996105,0
0.0,0.0,0.0,0.3,0.0,0.3333,0.0,0.0,v18_4226,0,M,corpus_expansion_5000,0.2860730847351194,0
0.0,0.0,0.0,0.2,0.0,0.0,0.0,0.0,v18_2842,1,M,corpus_expansion_5000,0.1353199798207458,0
0.3,0.0,0.0,1.0,0.0,1.0,0.0,0.0,v18_2302,1,M,corpus_expansion_5000,0.981310202613338,1
0.0,0.0,0.9346,0.0,0.0,0.0,0.0,0.0,v18_1130,1,H,corpus_expansion_5000,0.1318137510448018,0
0.0,0.0,0.0,0.0,0.0,0.3333,0.6667,0.9075,v18_1461,1,M,corpus_expansion_5000,0.2350325910781179,0
0.0,0.0,0.0,0.1,0.7924,0.0,0.0,0.0,v18_0276,0,H,new_mid_w1_p0,0.2318477792033082,0
0.3,0.0,0.0,0.0,0.6321,0.0,0.0,0.0,v18_2222,1,M,corpus_expansion_5000,0.6008248368306609,1
0.0,0.0,0.0,0.0,0.0,0.6667,0.0,0.0,v18_2331,1,M,corpus_expansion_5000,0.31354072118734344,0
0.0,0.0,0.0,0.95,0.0,0.0,1.0,0.0,v18_4322,0,M,corpus_expansion_5000,0.5690938689597135,1
0.0,0.0,0.7742,0.3,0.0,0.3333,0.0,0.9821,v18_1302,1,M,corpus_expansion_5000,0.33659247187029084,0
0.0,0.0,0.0,0.0,0.0,0.0,0.0,0.7603,v18_2517,1,L,corpus_expansion_5000,0.08973476485673722,0
0.0,0.0,0.0,0.6,0.0,0.0,0.0,0.6303,v18_0222,1,H,new_mid_w1_p1,0.2510865234118674,0
0.0,0.0,0.0,0.1,0.0,0.0,0.0,0.9393,v18_2036,1,L,corpus_expansion_5000,0.10640283559768407,0
0.0,0.0,0.0,0.0,0.0,0.0,0.0,0.5043,v18_1924,1,M,corpus_expansion_5000,0.09132645220455729,0
0.0,0.0,0.0,0.9,0.0,1.0,0.0,0.0,v18_0573,0,H,new_mid_w1_p0,0.8551460124766889,1
0.0,0.0,0.0,0.0,0.0,0.0,0.0,0.9316,v18_1236,1,H,corpus_expansion_5000,0.08868370927620692,0
0.0,0.0,0.0,0.7,0.0,0.0,0.0,0.5259,v18_3544,0,H,corpus_expansion_5000,0.29264560991415167,0
0.3,0.0,0.0,1.0,0.8111,0.0,0.0,0.0,v18_2133,1,M,corpus_expansion_5000,0.9325611580444546,1
0.0,0.0,0.1762,0.1,0.0,0.0,0.0,0.8824,v18_1334,1,M,corpus_expansion_5000,0.11373632256614757,0
0.3,0.2,0.3666,0.9,0.2041,0.3333,0.0,0.0,v18_2457,1,M,corpus_expansion_5000,0.9470993257718775,1
0.0,0.0,0.0,0.2,0.0,0.0,0.0,0.0,v18_0418,1,H,new_mid_w1_p1,0.1353199798207458,0
0.0,0.0,0.0,0.1,0.0,0.0,0.0,0.0,v18_4914,0,M,corpus_expansion_5000,0.1133379569328199,0
0.0,0.0,0.0,0.0,0.0,0.6667,0.0,0.4807,v18_1104,1,H,corpus_expansion_5000,0.30578092602028584,0
0.0,0.0,0.0,0.35,0.0,0.0,0.0,0.4866,v18_0257,0,H,new_mid_w1_p0,0.16967882471207463,0
0.0,0.0,0.0,0.85,0.0,0.0,0.0,0.0,v18_0295,0,H,v17_reused,0.36835127139997426,0
0.0,0.0,0.0,0.35,0.0,0.0,0.0,0.0,v18_2361,1,L,corpus_expansion_5000,0.17491898592996105,0
0.0,0.0,0.0,0.9,0.3596,0.0,0.0,0.2934,v18_0386,0,H,new_mid_w0_p0,0.4824172450921037,1
0.0,0.0,0.0,0.5,0.0,0.0,0.0,0.0,v18_3308,0,H,corpus_expansion_5000,0.22311587068072297,0
0.0,0.0,0.0,1.0,0.0,0.0,0.0,0.2614,v18_4013,0,M,corpus_expansion_5000,0.4364756726349634,1
0.0,0.0,0.0,0.4,0.6494,0.9167,0.0,0.9399,v18_2231,1,M,corpus_expansion_5000,0.7707301720848733,1
0.0,0.0,0.0,0.5,0.0,0.0,0.0,0.0,v18_2554,1,M,corpus_expansion_5000,0.22311587068072297,0
0.0,0.0,0.0,0.5,0.0,0.0,0.0,0.7157,v18_4335,0,M,corpus_expansion_5000,0.21388788260073127,0
0.0,0.0,0.0,0.7,0.4159,0.0,0.0,0.0,v18_3515,0,H,corpus_expansion_5000,0.4032591959677978,0
0.0,0.0,0.0,0.2,0.0,0.0,0.0,0.6739,v18_1839,1,M,corpus_expansion_5000,0.129475052562152,0
0.0,0.0,0.4557,0.6,0.0,0.0,0.0,0.0,v18_4384,0,L,corpus_expansion_5000,0.2967855450334942,0
0.0,0.0,0.0,0.0,0.2778,0.0,0.0,0.1208,v18_1563,1,M,corpus_expansion_5000,0.12267145181201149,0
0.0,0.0,0.0,0.2,0.0,0.0,0.75,0.0,v18_2015,1,M,corpus_expansion_5000,0.1988642435269017,0
0.0,0.0,0.0,0.3,0.0,0.3333,0.6667,0.2698,v18_1400,1,H,corpus_expansion_5000,0.371722455038948,0
0.0,0.0,0.0,0.0,0.406,0.0,0.0,0.3308,v18_0712,1,H,new_mid_w1_p1,0.13655227487415833,0
0.0,0.0,0.0,0.35,0.0,0.0,0.75,0.4866,v18_2420,1,M,corpus_expansion_5000,0.24478986370433012,0
0.3,0.15,0.0,0.7,0.0,0.0,0.0,0.0,v18_2619,1,L,corpus_expansion_5000,0.78846934141356,1
0.3,0.15,0.0,0.55,0.0,0.0,0.0,0.0,v18_0209,0,H,new_mid_w0_p0,0.7334436106506477,1
0.0,0.0,0.0,0.0,0.0,0.0,0.0,0.0,v18_4944,0,L,corpus_expansion_5000,0.0945363922261271,0
0.0,0.0,0.0,0.0,0.0,0.0,0.75,0.7802,v18_1289,1,M,corpus_expansion_5000,0.13504478783986412,0
0.0,0.0,0.0,0.8,0.0,0.6667,0.6667,0.0,v18_0449,0,H,new_mid_w0_p0,0.7765086636639527,1
0.0,0.0,0.0,0.2,0.0,0.0,0.0,0.2555,v18_4091,0,M,corpus_expansion_5000,0.13307819365697038,0
0.0,0.0,0.0,0.45,0.0,0.3333,0.75,0.7364,v18_2569,1,M,corpus_expansion_5000,0.4488604560739676,1
0.0,0.0,0.0,0.0,0.0,0.3333,1.0,0.0,v18_1820,1,M,corpus_expansion_5000,0.28770191625145175,0
0.0,0.0,0.0,0.3,0.0,0.0,0.0,0.0,v18_0958,1,H,corpus_expansion_5000,0.16079228470839807,0
0.0,0.0,0.0,0.35,0.0,0.0,0.0,0.4832,v18_1793,1,M,corpus_expansion_5000,0.16971500183017776,0
0.0,0.0,0.0,0.7,0.0,0.0,0.0,0.0,v18_4786,0,L,corpus_expansion_5000,0.30093381222399707,0
0.3,0.2,0.0,0.5,0.0,0.0,0.0,0.0,v18_0654,0,H,new_low_w0_pany,0.725021306700103,1
0.0,0.0,0.0,0.2,0.0,0.3333,0.0,0.6853,v18_2407,1,M,corpus_expansion_5000,0.2370977340634936,0
0.0,0.0,0.0,0.4,0.2432,0.0,0.0,0.0,v18_3852,0,M,corpus_expansion_5000,0.23392568371243508,0
0.0,0.0,0.0,0.1,0.0,0.3333,0.0,0.7352,v18_1995,1,M,corpus_expansion_5000,0.2018457246305075,0
0.0,0.0,0.0,0.45,0.0,0.0,1.0,0.0,v18_1760,1,M,corpus_expansion_5000,0.32438175186790896,0
0.3,0.0,0.4149,0.7,0.0,0.3333,0.0,0.0,v18_2354,1,L,corpus_expansion_5000,0.8853580061751993,1
0.0,0.0,0.0,0.0,0.0,0.3333,0.0,0.0,v18_2741,1,M,corpus_expansion_5000,0.17921858498670093,0
0.0,0.0,0.0,0.9,0.6891,0.9167,0.0,0.0,v18_2617,1,L,corpus_expansion_5000,0.9120017723327772,1
0.0,0.0,0.0,0.6,0.0,0.0,0.0,0.7364,v18_0411,0,H,v17_reused,0.2495828715902114,0
0.0,0.0,0.0,0.0,0.0,0.0,0.0,0.7435,v18_1774,1,M,corpus_expansion_5000,0.08983844807615327,0
0.0,0.0,0.0,0.7,0.0,0.0,0.0,0.0,v18_3978,0,H,corpus_expansion_5000,0.30093381222399707,0
0.0,0.0,0.0,0.95,0.0,0.9167,1.0,0.7364,v18_2186,1,L,corpus_expansion_5000,0.9048059477892143,1
0.0,0.0,0.0,0.15,0.0,0.0,0.8,0.0,v18_2379,1,L,corpus_expansion_5000,0.18788066567183778,0
0.0,0.0,0.0,0.1,0.214,0.3333,0.0,0.3605,v18_3963,0,M,corpus_expansion_5000,0.24703917469609482,0
0.0,0.0,0.0,0.95,0.5654,0.0,0.0,0.0,v18_4311,0,M,corpus_expansion_5000,0.5685965839687225,1
0.0,0.0,0.0,0.8,0.0,0.0,0.0,0.8593,v18_4774,0,M,corpus_expansion_5000,0.3306217446968078,0
0.0,0.0,0.4668,0.0,0.0,0.0,0.0,0.0,v18_3702,0,M,corpus_expansion_5000,0.11180454696605888,0
0.0,0.0,0.0,0.15,0.0,0.3333,0.8,0.0,v18_3972,0,M,corpus_expansion_5000,0.32606680805987115,0
0.0,0.0,0.0,0.0,0.1489,0.6667,0.0,0.3183,v18_4765,0,M,corpus_expansion_5000,0.34384512201662576,0
0.0,0.0,0.0,0.8,0.0,0.0,0.0,0.0,v18_3558,0,H,corpus_expansion_5000,0.3451374483123983,0
0.0,0.0,0.0,0.7,0.0,0.0,0.0,0.0,v18_4110,0,M,corpus_expansion_5000,0.30093381222399707,0
0.0,0.0,0.0,0.6,0.0,0.0,0.0,0.0,v18_3497,0,H,corpus_expansion_5000,0.2601425988962303,0
0.0,0.0,0.0,0.75,0.0,0.0,0.0,0.4866,v18_3765,0,H,corpus_expansion_5000,0.3146615032205769,0
0.0,0.0,0.0,0.4,0.0,0.0,0.0,0.0,v18_0430,0,H,new_mid_w1_p0,0.19000580961738978,0
0.0,0.0,0.0,0.1,0.0,0.0,0.0,0.0,v18_4484,0,M,corpus_expansion_5000,0.1133379569328199,0
0.3,0.0,0.0,0.4,0.4533,0.0,0.0,0.0,v18_2321,1,L,corpus_expansion_5000,0.7358528392719582,1
0.0,0.0,0.0,0.85,0.0,0.0,0.0,0.0,v18_1366,1,H,corpus_expansion_5000,0.36835127139997426,0
0.0,0.0,0.0,0.05,0.0,0.0,0.0,0.9643,v18_1992,1,M,corpus_expansion_5000,0.09699251814099163,0
0.0,0.0,0.0,0.7,0.0,1.0,0.0,0.4515,v18_2851,1,L,corpus_expansion_5000,0.7919475863919107,1
0.0,0.0,0.0,0.85,0.0,0.0,0.0,0.0,v18_1176,1,M,corpus_expansion_5000,0.36835127139997426,0
0.0,0.0,0.0,0.65,0.0,0.0,0.0,0.0,v18_3528,0,H,corpus_expansion_5000,0.28008474130873345,0
0.0,0.0,0.3275,0.3,0.0,0.0,0.0,0.9826,v18_1476,1,M,corpus_expansion_5000,0.16863455130234706,0
0.0,0.0,0.0,0.55,0.0,0.0,0.0,0.0,v18_3740,0,M,corpus_expansion_5000,0.2411447352040636,0
0.0,0.0,0.0,0.0,0.0,0.0,0.0,0.0,v18_2045,1,L,corpus_expansion_5000,0.0945363922261271,0
0.0,0.0,0.0,0.8,0.0,0.0,0.0,0.0,v18_0102,0,H,v17_reused,0.3451374483123983,0
0.0,0.0,0.0,0.35,0.0,0.0,0.0,0.9817,v18_4331,0,M,corpus_expansion_5000,0.16447610531611398,0
0.0,0.0,0.0,0.0,0.2342,0.0,0.0,0.0,v18_2992,0,H,corpus_expansion_5000,0.11862415433653428,0
0.0,0.0,0.0,0.0,0.0,0.0,0.0,0.2709,v18_1263,1,M,corpus_expansion_5000,0.09279970767088276,0
0.0,0.0,0.1305,0.0,0.1305,0.0,0.0,0.9679,v18_2881,1,M,corpus_expansion_5000,0.10538510498935426,0
0.0,0.0,0.3225,0.4,0.0,0.0,0.0,0.879,v18_3138,0,H,corpus_expansion_5000,0.19986429249866947,0
0.0,0.0,0.0,0.0,0.2235,0.0,0.0,0.7278,v18_3622,0,M,corpus_expansion_5000,0.11183956121794623,0
0.0,0.0,0.5021,0.0,0.0,0.0,0.0,0.8523,v18_3203,0,H,corpus_expansion_5000,0.10691383779338834,0
0.0,0.0,0.0,0.6,0.0,0.3333,0.0,0.0,v18_4278,0,M,corpus_expansion_5000,0.4237456057776692,1
0.0,0.0,0.0,0.0,0.0,0.0,0.0,0.0,v18_3299,0,H,corpus_expansion_5000,0.0945363922261271,0
0.0,0.0,0.0,0.0,0.3698,0.0,0.0,0.6638,v18_4993,0,M,corpus_expansion_5000,0.1291355282482097,0
0.0,0.0,0.0,0.1,0.0,0.0,0.0,0.8647,v18_3633,0,M,corpus_expansion_5000,0.10693967102857448,0
0.0,0.0,0.0,0.1,0.0,0.0,0.0,0.9788,v18_1643,1,M,corpus_expansion_5000,0.10611954861270685,0
0.0,0.0,0.0,0.7,0.0,0.0,0.0,0.0,v18_4505,0,L,corpus_expansion_5000,0.30093381222399707,0
0.0,0.0,0.0,0.2,0.0,0.0,0.0,0.0,v18_0000,0,H,new_low_w0_pany,0.1353199798207458,0
0.0,0.0,0.0,0.2,0.0,0.0,0.0,0.3853,v18_1580,1,M,corpus_expansion_5000,0.13195140277037068,0
0.0,0.0,0.0,0.0,0.0,0.0,0.0,0.0,v18_4422,0,M,corpus_expansion_5000,0.0945363922261271,0
0.0,0.0,0.0,0.8,0.4327,1.0,0.0,0.0,v18_4116,0,M,corpus_expansion_5000,0.8851714455532851,1
0.0,0.0,0.7545,0.6,0.0,0.0,0.0,0.8414,v18_1356,1,M,corpus_expansion_5000,0.30864144641356767,0
0.0,0.0,0.0,0.4,0.5984,0.0,0.0,0.0,v18_4201,0,M,corpus_expansion_5000,0.3097817755149708,0
0.0,0.0,0.0,0.0,0.276,0.0,0.0,0.2224,v18_4574,0,M,corpus_expansion_5000,0.12163941802420528,0
0.0,0.0,0.0,0.8,0.0,0.0,0.0,0.0,v18_3733,0,M,corpus_expansion_5000,0.3451374483123983,0
0.0,0.0,0.0,1.0,0.0,0.3333,0.0,0.0,v18_2025,1,M,corpus_expansion_5000,0.6229465733397762,1
0.0,0.0,0.0,0.85,0.0,0.0,0.75,0.7364,v18_2218,1,L,corpus_expansion_5000,0.46665014294848706,1
0.0,0.0,0.0,0.7,0.3823,0.0,0.0,0.9263,v18_0396,0,H,new_mid_w0_p0,0.37794343908190225,0
0.0,0.0,0.8263,0.0,0.0,0.0,0.0,0.2382,v18_4941,0,M,corpus_expansion_5000,0.1249470157274336,0
0.0,0.0,0.0,0.2,0.0,0.0,0.0,0.0,v18_1064,1,H,corpus_expansion_5000,0.1353199798207458,0
0.0,0.0,0.2072,0.0,0.0,0.0,0.6667,0.0,v18_3080,0,H,corpus_expansion_5000,0.14599375323203873,0
0.0,0.0,0.0,0.5,0.3893,0.0,0.0,0.6832,v18_2153,1,M,corpus_expansion_5000,0.29378256716645973,0
0.0,0.0,0.0,0.3,0.0,1.0,0.0,0.7531,v18_0818,1,M,corpus_expansion_5000,0.6235020533763189,1
0.0,0.0,0.0,0.4,0.0,0.0,0.0,0.0,v18_1812,1,M,corpus_expansion_5000,0.19000580961738978,0
0.0,0.0,0.0,0.3,0.0,0.0,0.0,0.0,v18_2552,1,L,corpus_expansion_5000,0.16079228470839807,0
0.0,0.0,0.9951,0.0,0.0,0.0,0.0,0.8337,v18_1552,1,M,corpus_expansion_5000,0.1274455798789303,0
0.0,0.0,0.0,0.0,0.0,0.0,0.0,0.0,v18_4047,0,M,corpus_expansion_5000,0.0945363922261271,0
0.0,0.0,0.0,0.25,0.0,1.0,0.75,0.9173,v18_0816,1,M,corpus_expansion_5000,0.7010206136979599,1
0.0,0.0,0.0,0.0,0.5186,0.0,0.0,0.5353,v18_1572,1,M,corpus_expansion_5000,0.1496206794608041,0
0.0,0.0,0.2729,0.0,0.1473,0.0,0.0,0.0,v18_4552,0,M,corpus_expansion_5000,0.12021339121253015,0
0.0,0.0,0.0,0.5,0.0,0.0,0.0,0.3425,v18_1800,1,M,corpus_expansion_5000,0.2186647579015273,0
0.0,0.0,0.0,0.8,0.0,0.0,0.0,0.0,v18_4287,0,M,corpus_expansion_5000,0.3451374483123983,0
0.0,0.0,0.5654,1.0,0.0,0.0,0.8333,0.8647,v18_0381,0,H,v17_reused,0.6077906410134508,1
0.3,0.0,0.139,0.2,0.2586,0.6667,0.75,0.7288,v18_2874,1,M,corpus_expansion_5000,0.9126537877852969,1
0.0,0.0,0.4295,0.4,0.0,0.3333,0.0,0.7824,v18_4347,0,M,corpus_expansion_5000,0.3545343296366945,0
0.0,0.0,0.0,0.35,0.0,0.0,0.0,0.0,v18_4626,0,L,corpus_expansion_5000,0.17491898592996105,0
0.0,0.0,0.0,0.0,0.0,0.0,0.0,0.0,v18_3503,0,H,corpus_expansion_5000,0.0945363922261271,0
0.0,0.0,0.0,0.9,0.574,0.6667,0.0,0.0,v18_2311,1,M,corpus_expansion_5000,0.8402528595110507,1
0.0,0.0,0.0,0.3,0.0,0.3333,0.0,0.8532,v18_1780,1,M,corpus_expansion_5000,0.27309732909651546,0
0.0,0.0,0.0,0.95,0.0,0.6667,0.0,0.4866,v18_2726,1,M,corpus_expansion_5000,0.75066723628035,1
0.0,0.0,0.0,0.0,0.0,0.0,0.0,0.0,v18_2437,1,M,corpus_expansion_5000,0.0945363922261271,0
0.0,0.0,0.0,0.8,0.0,1.0,0.0,0.3514,v18_2333,1,M,corpus_expansion_5000,0.8244274605407242,1
0.0,0.0,0.0,0.2,0.0,0.0,0.0,0.0,v18_0864,1,M,corpus_expansion_5000,0.1353199798207458,0
0.0,0.0,0.0,0.0,0.0,0.0,0.0,0.7787,v18_3638,0,M,corpus_expansion_5000,0.08962133081971072,0
0.0,0.0,0.0,1.0,0.0,0.3333,0.0,0.0,v18_3164,0,H,corpus_expansion_5000,0.6229465733397762,1
0.0,0.0,0.0,0.9,0.0,0.0,0.0,0.0,v18_0554,1,H,new_high_w1_pany,0.3921913672632442,0
0.3,0.0,0.0,0.3,0.0,0.0,0.0,0.0,v18_1159,1,M,corpus_expansion_5000,0.581916924460261,1
0.0,0.0,0.0,0.2,0.0,0.0,0.0,0.6959,v18_1213,1,M,corpus_expansion_5000,0.12928791235984805,0
0.0,0.0,0.0,0.6,0.0,0.0,0.0,0.6457,v18_3760,0,H,corpus_expansion_5000,0.25086790110231244,0
0.0,0.0,0.0,0.6,0.321,0.3333,0.0,0.1427,v18_4213,0,M,corpus_expansion_5000,0.5074648061627561,1
0.0,0.0,0.0,0.2,0.0,0.0,0.0,0.4262,v18_0048,1,H,new_high_w1_pany,0.13159803083245714,0
0.0,0.0,0.5478,0.3,0.0,0.0,0.0,0.0,v18_2367,1,M,corpus_expansion_5000,0.1926519403708126,0
0.0,0.0,0.3596,0.3,0.0,0.0,0.0,0.9378,v18_0700,1,M,v17_reused,0.170924180218888,0
0.0,0.0,0.0,0.3,0.0,0.0,0.0,0.7802,v18_0652,0,H,v17_reused,0.1529999444070336,0
0.0,0.0,0.334,0.6,0.334,0.0,0.0,0.0,v18_3933,0,M,corpus_expansion_5000,0.36603571261042056,0
0.0,0.0,0.0,0.9,0.0,0.3333,0.0,0.0,v18_4409,0,L,corpus_expansion_5000,0.5743695239102369,1
0.0,0.0,0.0,0.7,0.0,0.0,0.0,0.0,v18_3311,0,H,corpus_expansion_5000,0.30093381222399707,0
0.0,0.0,0.0,1.0,0.4394,0.0,0.0,0.0,v18_0748,1,H,new_mid_w1_p1,0.5598848095817748,1
0.0,0.0,0.0,0.3,0.0,0.0,0.0,0.0,v18_1455,1,M,corpus_expansion_5000,0.16079228470839807,0
0.0,0.0,0.0,0.2,0.5998,0.0,0.0,0.2972,v18_4195,0,M,corpus_expansion_5000,0.22674019223646555,0
0.3,0.0,0.0,0.1,0.7955,0.0,0.6667,0.0,v18_2389,1,M,corpus_expansion_5000,0.7682613975785948,1
0.0,0.0,0.0,0.55,0.0,0.0,0.0,0.0,v18_3494,0,H,corpus_expansion_5000,0.2411447352040636,0
0.0,0.0,0.0,0.0,0.0,0.0,0.0,0.9459,v18_0866,1,M,corpus_expansion_5000,0.08859647230585976,0
0.0,0.0,0.0,0.3,0.0,0.0,0.0,0.3067,v18_0752,0,H,new_mid_w1_p0,0.15769147593764793,0
0.0,0.0,0.0,0.35,0.0,0.3333,1.0,0.8647,v18_1644,1,M,corpus_expansion_5000,0.4344869440240335,1
0.0,0.0,0.0,0.0,0.0,0.0,0.0,0.0,v18_0092,1,H,new_mid_w1_p1,0.0945363922261271,0
0.0,0.0,0.0,0.0,0.0,0.3333,0.0,0.0,v18_4824,0,L,corpus_expansion_5000,0.17921858498670093,0
0.0,0.0,0.0,0.0,0.0,0.0,0.0,0.0,v18_3101,0,H,corpus_expansion_5000,0.0945363922261271,0
0.3,0.0,0.0,0.5,0.8852,0.0,0.0,0.0,v18_2432,1,M,corpus_expansion_5000,0.8449063205806148,1
0.3,0.0,0.0,0.6,0.4241,0.0,0.0,0.0,v18_2629,1,M,corpus_expansion_5000,0.8018039955557459,1
0.0,0.0,0.0,0.0,0.0,0.0,0.0,0.2793,v18_1490,1,M,corpus_expansion_5000,0.09274631749491107,0
0.0,0.0,0.0,0.4,0.0,0.0,0.0,0.3053,v18_2895,1,M,corpus_expansion_5000,0.18648284668089862,0
0.0,0.0,0.0,0.5,0.0,0.6667,0.0,0.8983,v18_2177,1,M,corpus_expansion_5000,0.5400161594238102,1
0.0,0.0,0.0,0.8,0.0,0.0,0.0,0.0,v18_0729,0,H,v17_reused,0.3451374483123983,0
0.0,0.0,0.0,0.0,0.6494,0.0,0.0,0.8013,v18_4759,0,M,corpus_expansion_5000,0.16577896898633376,0
0.0,0.0,0.0,0.8,0.0,0.3333,0.0,0.0,v18_2471,1,L,corpus_expansion_5000,0.5243130518360242,1
0.0,0.0,0.0,0.8,0.0,0.0,0.8333,0.0,v18_2242,1,L,corpus_expansion_5000,0.4680592460756674,1
0.3,0.0,0.3658,0.4,0.0,0.0,0.0,0.9142,v18_1936,1,M,corpus_expansion_5000,0.6480638685699568,1
0.3,0.0,0.0,1.0,0.6588,1.0,0.0,0.0,v18_1745,1,M,corpus_expansion_5000,0.9907627787338062,1
0.0,0.0,0.0,0.4,0.0,0.0,0.0,0.0,v18_4746,0,M,corpus_expansion_5000,0.19000580961738978,0
0.0,0.0,0.0,0.85,0.0,0.0,0.0,0.0,v18_4373,0,M,corpus_expansion_5000,0.36835127139997426,0
0.0,0.0,0.0,0.6,0.0,0.0,0.0,0.0,v18_3491,0,H,corpus_expansion_5000,0.2601425988962303,0
0.0,0.0,0.0,0.0,0.0,0.0,0.0,0.9409,v18_1110,1,M,corpus_expansion_5000,0.08862696593115166,0
0.0,0.0,0.0,0.0,0.2986,0.0,0.0,0.1307,v18_3337,0,H,corpus_expansion_5000,0.12503759138921838,0
0.0,0.0,0.0,0.2,0.3456,0.0,0.0,0.2829,v18_4032,0,M,corpus_expansion_5000,0.18222364290349102,0
0.0,0.0,0.0,0.35,0.0,0.3333,0.8,0.0,v18_4471,0,M,corpus_expansion_5000,0.42036290956326744,1
0.0,0.0,0.0,0.0,0.4271,0.3333,0.0,0.7086,v18_4157,0,M,corpus_expansion_5000,0.24748587364338825,0
0.0,0.0,0.0,0.1,0.3722,0.0,0.0,0.8334,v18_0346,0,H,v17_reused,0.152328105549484,0
0.0,0.0,0.0,0.1,0.1876,0.0,0.0,0.6248,v18_1185,1,M,corpus_expansion_5000,0.13001094678165298,0
0.0,0.0,0.0,0.4,0.2883,0.0,0.0,0.0,v18_4006,0,M,corpus_expansion_5000,0.24280269250193545,0
0.0,0.0,0.0,0.5,0.0,0.0,0.0,0.0,v18_1515,1,M,corpus_expansion_5000,0.22311587068072297,0
0.0,0.0,0.0,0.95,0.0,0.0,0.875,0.0,v18_4669,0,M,corpus_expansion_5000,0.5501483815481961,1
0.0,0.0,0.0,0.7,0.0,0.0,0.0,0.3124,v18_0578,1,H,new_high_w1_pany,0.2959942333064974,0
0.3,0.0,0.0,0.5,0.0,1.0,0.0,0.0,v18_1964,1,M,corpus_expansion_5000,0.9502185030731805,1
0.0,0.0,0.3627,1.0,0.0,0.0,0.0,0.0,v18_0075,0,H,v17_reused,0.4774097421186756,1
0.0,0.0,0.3177,0.0,0.3177,1.0,0.0,0.6975,v18_1429,1,M,corpus_expansion_5000,0.5922518710903679,1
0.0,0.0,0.0,0.4,0.0,0.0,0.0,0.0,v18_3712,0,M,corpus_expansion_5000,0.19000580961738978,0
0.0,0.0,0.0,0.0,0.0,0.0,0.8,0.6972,v18_4430,0,L,corpus_expansion_5000,0.1394279476580518,0
0.0,0.0,0.5036,0.5,0.0,0.0,0.0,0.0,v18_2751,1,L,corpus_expansion_5000,0.2600259873989065,0
0.0,0.0,0.0,1.0,0.0,0.0,0.0,0.0,v18_4952,0,L,corpus_expansion_5000,0.4413369854724032,1
0.0,0.0,0.0,1.0,0.0,0.0,0.0,0.0,v18_1846,1,M,corpus_expansion_5000,0.4413369854724032,1
0.0,0.0,0.0,0.3,0.0,0.0,0.0,0.2883,v18_0131,1,H,new_high_w1_pany,0.1578761254824781,0
0.0,0.0,0.0,0.1,0.0,0.0,1.0,0.3726,v18_0178,0,L,new_low_w0_pany,0.18692007193661297,0
0.0,0.0,0.0,0.4,0.2543,0.0,0.0,0.2029,v18_2899,0,H,corpus_expansion_5000,0.23333717360784578,0
0.0,0.0,0.0,0.3,0.0,0.0,0.0,0.0,v18_4466,0,M,corpus_expansion_5000,0.16079228470839807,0
0.0,0.0,0.0,0.45,0.0,0.0,1.0,0.0,v18_4194,0,M,corpus_expansion_5000,0.32438175186790896,0
0.0,0.0,0.0,0.3,0.3073,0.9167,0.0,0.2479,v18_2522,1,L,corpus_expansion_5000,0.6662765323681872,1
0.0,0.0,0.6448,0.0,0.0,0.0,0.0,0.5478,v18_1842,1,M,corpus_expansion_5000,0.11481318528877739,0
0.0,0.0,0.0,0.55,0.0,0.0,0.0,0.862,v18_2098,1,M,corpus_expansion_5000,0.22943409495105066,0
0.0,0.0,0.0,0.8,0.0,0.0,0.0,0.4262,v18_3949,0,H,corpus_expansion_5000,0.33789969857686913,0
0.3,0.0,0.0,0.0,0.1171,0.0,0.0,0.0,v18_2373,1,M,corpus_expansion_5000,0.4626942805824531,1
0.0,0.0,0.0,0.5,0.0,0.0,0.0,0.0,v18_0604,0,H,v17_reused,0.22311587068072297,0
0.3,0.0,0.0,0.4,0.0,0.3333,0.0,0.0,v18_2627,1,L,corpus_expansion_5000,0.780885068229775,1
0.0,0.0,0.0,0.45,0.0,0.0,0.0,0.0,v18_0025,0,H,v17_reused,0.2060688837501653,0
0.0,0.0,0.0,0.8,0.0,0.0,0.0,0.0,v18_0658,0,H,v17_reused,0.3451374483123983,0
0.0,0.0,0.0,1.0,0.1558,0.6667,0.6667,0.0,v18_4977,0,L,corpus_expansion_5000,0.8604593907883442,1
0.0,0.0,0.0,0.9,0.0,0.0,0.0,0.1725,v18_3317,0,H,corpus_expansion_5000,0.3890905024891894,0
0.0,0.0,0.0,0.5,0.0,0.0,0.0,0.0,v18_3868,0,H,corpus_expansion_5000,0.22311587068072297,0
0.0,0.0,0.0,0.9,0.0,0.0,0.6667,0.0,v18_0173,0,H,new_mid_w0_p0,0.49299121880686847,1
0.0,0.0,0.0,0.3,0.0,0.0,0.8,0.2555,v18_1611,1,M,corpus_expansion_5000,0.23512840581190822,0
0.0,0.0,0.0,0.9,0.0,0.0,0.0,0.6588,v18_0437,1,H,new_mid_w1_p1,0.38039764970363105,0
0.0,0.0,0.3965,0.4,0.0,0.0,0.0,0.3244,v18_0331,0,H,new_mid_w1_p0,0.21154908987295523,0
0.0,0.0,0.0,0.4,0.2934,0.0,0.0,0.0,v18_3100,0,H,corpus_expansion_5000,0.2438207935791591,0
0.0,0.0,0.0,0.35,0.0,0.0,0.0,0.4866,v18_1454,1,M,corpus_expansion_5000,0.16967882471207463,0
0.0,0.0,0.6184,0.6,0.0,0.0,0.0,0.9509,v18_0342,1,H,new_high_w1_pany,0.2954050391384722,0
0.0,0.0,0.0,0.0,0.0,0.0,0.0,0.0,v18_3209,0,H,corpus_expansion_5000,0.0945363922261271,0
0.0,0.0,0.3642,0.0,0.0,0.0,0.0,0.0,v18_4576,0,M,corpus_expansion_5000,0.10778716602114666,0
0.0,0.0,0.0,0.5,0.0,0.0,0.6667,0.0,v18_1088,1,H,corpus_expansion_5000,0.3020559329753028,0
0.0,0.0,0.0,0.8,0.0,0.0,0.0,0.3081,v18_0479,0,H,v17_reused,0.3398978637048721,0
0.0,0.0,0.0,0.2,0.3772,0.3333,0.6667,0.0,v18_0727,0,H,new_mid_w1_p0,0.42608501848964525,1
0.0,0.0,0.0,0.6,0.0,0.0,0.0,0.0,v18_3783,0,H,corpus_expansion_5000,0.2601425988962303,0
0.0,0.0,0.0,0.4,0.2337,0.0,0.0,0.1886,v18_0976,1,M,corpus_expansion_5000,0.229556195175976,0
0.0,0.0,0.0,1.0,0.8111,0.0,0.0,0.0,v18_3784,0,M,corpus_expansion_5000,0.6555941530209316,1
0.0,0.0,0.0,0.1,0.145,0.3333,0.0,0.3908,v18_2977,0,H,corpus_expansion_5000,0.23297831222682697,0
0.0,0.0,0.4379,0.0,0.1747,0.0,0.0,0.9239,v18_1928,1,M,corpus_expansion_5000,0.12299544603310267,0
0.0,0.0,0.2614,0.0,0.0,0.0,0.0,0.6142,v18_1468,1,M,corpus_expansion_5000,0.09965038239947263,0
0.0,0.0,0.0,0.0,0.0,0.6667,0.0,0.5963,v18_1224,1,M,corpus_expansion_5000,0.30393093016953737,0
0.0,0.0,0.0,0.6,0.5618,0.0,0.0,0.0,v18_2856,1,M,corpus_expansion_5000,0.39267555613042693,0
0.0,0.0,0.0,0.0,0.0,0.0,0.0,0.2181,v18_1952,1,M,corpus_expansion_5000,0.0931359352226457,0
0.0,0.0,0.0,0.3,0.0,0.0,0.0,0.3831,v18_4830,0,M,corpus_expansion_5000,0.15692665606488165,0
0.0,0.0,0.0,0.5,0.2331,0.0,0.0,0.9556,v18_4500,0,L,corpus_expansion_5000,0.2559704999805021,0
0.0,0.0,0.0,0.2,0.0,0.0,0.0,0.0,v18_1892,1,M,corpus_expansion_5000,0.1353199798207458,0
0.0,0.0,0.0,0.0,0.0,0.3333,0.6667,0.8809,v18_1299,1,M,corpus_expansion_5000,0.23539394118266835,0
0.0,0.0,0.0,0.5,0.0,0.0,0.0,0.0,v18_2990,0,H,corpus_expansion_5000,0.22311587068072297,0
0.0,0.0,0.0,0.1,0.0,0.0,0.0,0.0,v18_4599,0,M,corpus_expansion_5000,0.1133379569328199,0
0.0,0.0,0.0,0.05,0.5654,0.0,0.8,0.0,v18_0660,1,H,new_mid_w1_p1,0.2586185177759099,0
0.0,0.0,0.276,0.15,0.0,0.3333,0.0,0.1201,v18_4577,0,M,corpus_expansion_5000,0.24664572527486484,0
0.0,0.0,0.0,0.3,0.0,0.0,0.0,0.0,v18_4073,0,M,corpus_expansion_5000,0.16079228470839807,0
0.0,0.0,0.0,0.75,0.0,0.0,0.0,0.4866,v18_2784,1,L,corpus_expansion_5000,0.3146615032205769,0
0.0,0.0,0.0,0.8,0.0,0.0,0.0,0.0,v18_4937,0,H,corpus_expansion_5000,0.3451374483123983,0
0.0,0.0,0.0,0.8,0.0,0.3333,0.0,0.0,v18_3827,0,M,corpus_expansion_5000,0.5243130518360242,1
0.3,0.0,0.0,0.6,0.0,1.0,0.0,0.0,v18_2714,1,L,corpus_expansion_5000,0.958964678356717,1
0.0,0.0,0.0,0.2,0.1283,0.0,0.0,0.0,v18_4657,0,H,corpus_expansion_5000,0.15243822501570042,0
0.0,0.0,0.0,0.2,0.0,0.0,0.0,0.7488,v18_0267,0,H,v17_reused,0.12883886788078389,0
0.0,0.0,0.0,0.0,0.2238,0.0,0.6667,0.3283,v18_4442,0,M,corpus_expansion_5000,0.1636223086092106,0
0.0,0.0,0.0,1.0,0.0,0.0,0.0,0.0,v18_4959,0,M,corpus_expansion_5000,0.4413369854724032,1
0.0,0.0,0.0,0.0,0.0,0.0,0.0,0.0,v18_3372,0,H,corpus_expansion_5000,0.0945363922261271,0
0.0,0.0,0.0,0.3,0.0,0.0,0.0,0.7492,v18_3595,0,H,corpus_expansion_5000,0.15330356666131761,0
0.0,0.0,0.0,0.85,0.0,0.0,0.0,0.0,v18_4316,0,M,corpus_expansion_5000,0.36835127139997426,0
0.0,0.0,0.0,0.55,0.0,0.0,0.0,0.0,v18_3722,0,M,corpus_expansion_5000,0.2411447352040636,0
0.0,0.0,0.0,0.25,0.0,0.0,0.0,0.4866,v18_3406,0,H,corpus_expansion_5000,0.14303868621675692,0
0.0,0.0,0.3275,0.1,0.0,0.0,0.0,0.6055,v18_1278,1,M,corpus_expansion_5000,0.12221681645417712,0
0.0,0.0,0.0,0.65,0.0,0.0,1.0,0.0,v18_4640,0,M,corpus_expansion_5000,0.41849315049290436,1
0.0,0.0,0.0,0.45,0.0,0.0,0.0,0.4428,v18_3917,0,M,corpus_expansion_5000,0.200651875271541,0
0.0,0.0,0.0,0.2,0.0,0.0,0.0,0.5874,v18_2678,1,M,corpus_expansion_5000,0.1302130906114218,0
0.0,0.0,0.0,0.55,0.0,0.0,0.8,0.0,v18_1621,1,M,corpus_expansion_5000,0.34200983460079226,0
0.0,0.0,0.0,0.5,0.2486,0.6667,0.0,0.0,v18_4103,0,M,corpus_expansion_5000,0.6219413392915567,1
0.0,0.0,0.0,0.8,0.7327,0.3333,0.0,0.0,v18_2857,1,M,corpus_expansion_5000,0.7092574445508811,1
0.3,0.0,0.0,0.8,0.0,0.0,0.0,0.0,v18_1896,1,M,corpus_expansion_5000,0.7929023714352891,1
0.0,0.0,0.0,0.6,0.3327,0.0,0.0,0.1474,v18_3924,0,M,corpus_expansion_5000,0.33278426298520075,0
0.0,0.0,0.0,0.35,0.0,0.0,0.0,0.0,v18_3014,0,H,corpus_expansion_5000,0.17491898592996105,0
0.0,0.0,0.5678,0.2,0.0,0.3333,0.0,0.7317,v18_4438,0,L,corpus_expansion_5000,0.2799573103859825,0
0.0,0.0,0.0,0.6,0.3893,0.0,0.0,0.0,v18_0067,0,H,new_mid_w1_p0,0.3490727319281113,0
0.0,0.0,0.0,0.25,0.0,0.0,0.0,0.4866,v18_2042,1,M,corpus_expansion_5000,0.14303868621675692,0
0.0,0.0,0.0,0.0,0.0,0.6667,0.8,0.2382,v18_2580,1,M,corpus_expansion_5000,0.4232264036097416,1
0.0,0.0,0.0,0.0,0.0,0.0,0.0,0.0,v18_3782,0,H,corpus_expansion_5000,0.0945363922261271,0
0.0,0.0,0.0,0.4,0.0,0.3333,0.0,0.0,v18_3790,0,M,corpus_expansion_5000,0.32912155184893244,0
0.0,0.0,0.0,0.0,0.2888,0.0,0.0,0.8258,v18_0820,1,M,corpus_expansion_5000,0.1182941402493736,0
0.0,0.0,0.0,0.1,0.0,1.0,0.0,0.0,v18_1226,1,M,corpus_expansion_5000,0.5390618348982623,1
0.0,0.0,0.0,0.0,0.2624,0.0,0.0,0.3046,v18_2991,0,H,corpus_expansion_5000,0.11941834713315239,0
0.0,0.0,0.0,0.2,0.0,0.0,0.0,0.0,v18_3132,0,H,corpus_expansion_5000,0.1353199798207458,0
0.0,0.0,0.0,0.55,0.0,0.0,0.0,0.0,v18_2743,1,M,corpus_expansion_5000,0.2411447352040636,0
0.0,0.0,0.0,0.5,0.0,0.0,0.0,0.3213,v18_4457,0,M,corpus_expansion_5000,0.21893840577981488,0
0.0,0.0,0.0,0.35,0.0,0.3333,0.0,0.0,v18_4269,0,M,corpus_expansion_5000,0.30717771780997927,0
0.0,0.0,0.0,0.0,0.0,0.0,0.8,0.0,v18_3349,0,H,corpus_expansion_5000,0.1458660916797508,0
0.0,0.0,0.0,0.3,0.0,0.0,0.0,0.6529,v18_1143,1,M,corpus_expansion_5000,0.154249902249679,0
0.0,0.0,0.0,1.0,0.0,0.0,0.0,0.0,v18_0397,0,H,new_mid_w0_p0,0.4413369854724032,1
0.0,0.0,0.0,0.3,0.7253,0.0,0.0,0.7677,v18_2906,0,H,corpus_expansion_5000,0.28416564027896263,0
0.0,0.0,0.0,0.25,0.0,0.0,0.0,0.9305,v18_4301,0,M,corpus_expansion_5000,0.13897857244239925,0
0.0,0.0,0.0,0.8,0.0,0.0,0.0,0.817,v18_2759,1,L,corpus_expansion_5000,0.3313290753994746,0
0.0,0.0,0.0,0.4,0.0,0.0,0.0,0.4159,v18_1398,1,M,corpus_expansion_5000,0.1852190799012728,0
0.0,0.0,0.6908,0.2,0.0,0.0,0.0,0.0,v18_1659,1,M,corpus_expansion_5000,0.17108608256547347,0
0.0,0.0,0.9138,0.1,0.0,0.3333,0.0,0.4637,v18_0979,1,M,corpus_expansion_5000,0.2712711256147291,0
0.0,0.0,0.0,0.0,0.3463,0.3333,0.0,0.9019,v18_1298,1,M,corpus_expansion_5000,0.22894578566749338,0
0.0,0.0,0.0,0.1,0.0,0.0,0.0,0.0,v18_3555,0,H,corpus_expansion_5000,0.1133379569328199,0
0.0,0.0,0.0,0.3,0.0,0.0,0.0,0.0,v18_0082,0,H,v17_reused,0.16079228470839807,0
0.0,0.0,0.0,0.7,0.0,0.0,0.8,0.0,v18_4507,0,L,corpus_expansion_5000,0.41319042031880393,0
0.0,0.0,0.0,0.2,0.0,0.0,0.0,0.6055,v18_2458,1,M,corpus_expansion_5000,0.13005836185987796,0
0.0,0.0,0.0,0.25,0.0,0.0,0.0,0.0,v18_3739,0,M,corpus_expansion_5000,0.1476023763660605,0
0.0,0.0,0.0,0.8,0.0,0.0,0.75,0.0,v18_3781,0,M,corpus_expansion_5000,0.45532611937844736,1
0.0,0.0,0.0,0.0,0.0,0.0,0.0,0.421,v18_2288,1,M,corpus_expansion_5000,0.0918498241155797,0
0.0,0.0,0.0,0.65,0.0,0.3333,0.0,0.0,v18_0423,0,H,new_low_w0_pany,0.44862453062568336,1
0.0,0.0,0.0,0.0,0.2293,0.0,0.0,0.0,v18_4339,0,M,corpus_expansion_5000,0.11806979496615298,0
0.0,0.0,0.0,0.2,0.0,0.0,0.0,0.0,v18_1904,1,M,corpus_expansion_5000,0.1353199798207458,0
0.0,0.0,0.0,0.95,0.0,0.0,0.0,0.4866,v18_4538,0,H,corpus_expansion_5000,0.4076543965940803,0
0.0,0.0,0.0,0.0,0.0,0.3333,0.0,0.0,v18_3352,0,H,corpus_expansion_5000,0.17921858498670093,0
0.0,0.0,0.0,0.3,0.0,0.0,0.0,0.0,v18_3102,0,H,corpus_expansion_5000,0.16079228470839807,0
0.0,0.0,0.0,0.1,0.0,0.0,0.0,0.7878,v18_1565,1,M,corpus_expansion_5000,0.10749555182242483,0
0.0,0.0,0.0,0.85,0.0,0.0,0.0,0.9305,v18_3355,0,H,corpus_expansion_5000,0.35215844960526577,0
0.5,0.0,0.0,0.8,0.1889,1.0,0.0,0.0,v18_0839,1,M,corpus_expansion_5000,0.9938368266557653,1
0.0,0.0,0.0,0.0,0.3806,0.0,0.0,0.5193,v18_0500,0,H,new_mid_w1_p0,0.13170104972235866,0
0.0,0.0,0.0,0.3,0.0,1.0,0.0,0.0,v18_0141,0,H,new_mid_w1_p0,0.6367558913446004,1
0.0,0.0,0.0,0.2,0.0,0.0,0.0,0.4236,v18_1377,1,M,corpus_expansion_5000,0.13162047065452467,0
0.0,0.0,0.0,0.45,0.0,0.0,0.0,0.0,v18_3697,0,H,corpus_expansion_5000,0.2060688837501653,0
0.0,0.0,0.0,0.25,0.0,0.0,0.0,0.0,v18_2144,1,M,corpus_expansion_5000,0.1476023763660605,0
0.0,0.0,0.0,0.0,0.0,0.0,0.0,0.2921,v18_1138,1,H,corpus_expansion_5000,0.0926650140631507,0
0.0,0.0,0.0,0.0,0.0,0.0,0.0,0.0,v18_2927,0,H,corpus_expansion_5000,0.0945363922261271,0
0.0,0.0,0.0,0.9,0.3658,0.0,0.0,0.0,v18_1787,1,M,corpus_expansion_5000,0.48963128007144485,1
0.0,0.0,0.0,0.3,0.0,0.0,0.0,0.507,v18_3484,0,H,corpus_expansion_5000,0.1556927478988752,0
0.0,0.0,0.0,0.0,0.0,0.0,0.0,0.8593,v18_0550,0,H,v17_reused,0.08912596255733628,0
0.0,0.0,0.7863,0.0,0.0,0.3333,0.0,0.8976,v18_4906,0,L,corpus_expansion_5000,0.21850414211851898,0
0.0,0.0,0.0,0.5,0.0,0.0,0.0,0.2788,v18_2019,1,L,corpus_expansion_5000,0.21948773434712315,0
0.3,0.0,0.2092,0.9,0.2092,0.3333,0.0,0.0,v18_0948,1,H,corpus_expansion_5000,0.930431765353459,1
0.0,0.0,0.0,0.8,0.0,0.0,0.0,0.9211,v18_2600,1,M,corpus_expansion_5000,0.3295897154794531,0
0.0,0.0,0.0,0.4,0.0,0.0,0.0,0.0,v18_0532,0,H,new_low_w0_pany,0.19000580961738978,0
0.3,0.0,0.0,0.2,0.2262,0.0,0.0,0.0,v18_1829,1,M,corpus_expansion_5000,0.5923138620897254,1
0.0,0.0,0.0,0.1,0.0,0.0,0.0,0.0,v18_2917,0,H,corpus_expansion_5000,0.1133379569328199,0
0.0,0.0,0.0,0.6,0.0,0.6667,0.0,0.0,v18_4418,0,M,corpus_expansion_5000,0.6060210003467356,1
0.0,0.0,0.0,0.0,0.0,0.0,0.0,0.0,v18_3871,0,M,corpus_expansion_5000,0.0945363922261271,0
0.0,0.0,0.0,0.2,0.0,0.0,1.0,0.7848,v18_1602,1,M,corpus_expansion_5000,0.2143495376044544,0
0.0,0.0,0.0,0.0,0.0,0.0,0.0,0.9153,v18_0639,1,H,new_high_w1_pany,0.0887832417799182,0
0.0,0.0,0.0,0.4,0.0,0.3333,0.0,0.835,v18_4832,0,M,corpus_expansion_5000,0.31535154175980573,0
0.0,0.0,0.0,0.2,0.0,0.0,0.0,0.0,v18_0967,1,M,corpus_expansion_5000,0.1353199798207458,0
0.0,0.0,0.0,0.5,0.0,0.0,0.0,0.8302,v18_4237,0,M,corpus_expansion_5000,0.21243762606321165,0
0.0,0.0,0.3806,0.1,0.0,0.0,0.6667,0.0,v18_2697,1,M,corpus_expansion_5000,0.18324280124231973,0
0.3,0.0,0.0,0.4,0.0,0.0,0.0,0.0,v18_1683,1,M,corpus_expansion_5000,0.6301872001460783,1
0.0,0.0,0.0,0.0,0.0,0.0,0.0,0.2293,v18_4470,0,M,corpus_expansion_5000,0.09306452300793057,0
0.0,0.0,0.0,0.3,0.0,0.0,0.75,0.4036,v18_2342,1,M,corpus_expansion_5000,0.22767008736857205,0
0.0,0.0,0.0,0.8,0.0,0.6667,0.0,0.0,v18_0155,0,H,new_mid_w1_p0,0.6974874866511146,1
0.0,0.0,0.0,0.0,0.4003,0.0,0.0,0.3308,v18_2487,1,L,corpus_expansion_5000,0.1358252066274999,0
0.0,0.0,0.0,0.45,0.0,0.0,0.6667,0.4866,v18_4641,0,L,corpus_expansion_5000,0.27379364031348136,0
0.0,0.0,0.0,0.0,0.0,0.0,0.0,0.1734,v18_1089,1,M,corpus_expansion_5000,0.09342143640801982,0
0.0,0.0,0.0,0.3,0.0,0.0,0.0,0.9517,v18_2655,1,M,corpus_expansion_5000,0.15132912357979503,0
0.0,0.0,0.0,1.0,0.0,0.0,0.0,0.0,v18_4240,0,M,corpus_expansion_5000,0.4413369854724032,1
0.0,0.0,0.0,0.3,0.0,0.0,0.0,0.0,v18_0288,0,H,v17_reused,0.16079228470839807,0
0.0,0.0,0.0,0.1,0.0,0.0,0.0,0.7459,v18_0930,1,M,corpus_expansion_5000,0.10779949941346222,0
0.0,0.0,0.0,0.2,0.0,0.0,0.0,0.0,v18_2535,1,M,corpus_expansion_5000,0.1353199798207458,0
0.0,0.0,0.0,0.6,0.0,0.0,0.0,0.2023,v18_4028,0,M,corpus_expansion_5000,0.2572130352646715,0
0.0,0.0,0.0,0.35,0.0,0.0,0.0,0.0,v18_3371,0,H,corpus_expansion_5000,0.17491898592996105,0
0.0,0.0,0.0,0.65,0.0,0.0,0.0,0.0,v18_4621,0,L,corpus_expansion_5000,0.28008474130873345,0
0.0,0.0,0.0,0.6,0.0,0.0,0.7143,0.346,v18_3291,0,H,corpus_expansion_5000,0.34705595631578556,0
0.0,0.0,0.2108,0.2,0.0,0.0,0.0,0.3142,v18_0942,1,H,corpus_expansion_5000,0.14258446788648493,0
0.0,0.0,0.0,0.8,0.7924,0.0,0.0,0.2645,v18_3859,0,M,corpus_expansion_5000,0.5495186472111779,1
0.0,0.0,0.0,0.4,0.0,0.0,0.6667,0.0,v18_4662,0,M,corpus_expansion_5000,0.26116944252095853,0
0.0,0.0,0.0,0.8,0.0,0.0,0.0,0.0,v18_1698,1,M,corpus_expansion_5000,0.3451374483123983,0
0.0,0.0,0.2364,0.8,0.4169,0.6667,0.0,0.0,v18_4708,0,M,corpus_expansion_5000,0.7993298566152369,1
0.0,0.0,0.0,0.0,0.3421,0.0,0.0,0.2776,v18_3200,0,H,corpus_expansion_5000,0.1290377325446834,0
0.0,0.0,0.0,0.4,0.0,0.0,0.0,0.381,v18_4601,0,L,corpus_expansion_5000,0.18561714733893328,0
0.0,0.0,0.0,0.3,0.1924,0.0,0.0,0.4909,v18_4608,0,L,corpus_expansion_5000,0.1853064910090965,0
0.0,0.0,0.0,0.0,0.1796,0.0,0.0,0.2671,v18_0985,1,M,corpus_expansion_5000,0.1105735166633143,0
0.0,0.0,0.0,1.0,0.0,0.0,0.3,0.0,v18_3318,0,H,corpus_expansion_5000,0.48719929544414753,1
0.0,0.0,0.0,0.1,0.0,0.3333,0.0,0.0,v18_2867,1,M,corpus_expansion_5000,0.21093841116397974,0
0.0,0.0,0.0,0.9,0.0,0.0,0.0,0.5587,v18_4056,0,M,corpus_expansion_5000,0.38218093229804784,0
0.0,0.0,0.0,0.0,0.0,0.0,0.0,0.0,v18_4777,0,H,corpus_expansion_5000,0.0945363922261271,0
0.0,0.0,0.0,0.95,0.9179,0.6667,0.0,0.0,v18_0981,1,M,corpus_expansion_5000,0.8941812282042269,1
0.0,0.0,0.0,1.0,0.0,1.0,0.0,0.0,v18_2492,1,M,corpus_expansion_5000,0.8784590901281101,1
0.0,0.0,0.0,0.8,0.0,0.0,0.0,0.0,v18_3792,0,M,corpus_expansion_5000,0.3451374483123983,0
0.0,0.0,0.0,0.0,0.0,0.0,0.0,0.0,v18_3548,0,H,corpus_expansion_5000,0.0945363922261271,0
0.0,0.0,0.0,0.0,0.6952,0.0,0.0,0.0,v18_2942,0,H,corpus_expansion_5000,0.18158119561010977,0
0.0,0.0,0.0,0.0,0.3028,0.0,0.0,0.0,v18_3527,0,H,corpus_expansion_5000,0.12662418077524962,0
0.0,0.0,0.0,0.0,0.0,0.3333,0.0,0.5862,v18_3845,0,M,corpus_expansion_5000,0.1727989971482528,0
0.0,0.0,0.0,0.5,0.5036,0.0,0.0,0.6588,v18_1457,1,M,corpus_expansion_5000,0.3205364679604564,0
0.0,0.0,0.0,0.3,0.0,0.0,0.0,0.4815,v18_1395,1,M,corpus_expansion_5000,0.15594605155047372,0
0.3,0.2,0.0,0.5,0.9349,0.0,0.0,0.508,v18_0264,0,H,new_mid_w1_p0,0.8748826316748387,1
0.0,0.0,0.0,0.0,0.0,0.0,0.0,0.2811,v18_4095,0,M,corpus_expansion_5000,0.0927348803312761,0
0.0,0.0,0.0,0.0,0.0,0.3333,0.0,0.2417,v18_0929,1,M,corpus_expansion_5000,0.17654936554317274,0
0.0,0.0,0.0,0.9,0.0,1.0,0.0,0.0,v18_4871,0,M,corpus_expansion_5000,0.8551460124766889,1
0.0,0.0,0.0,0.25,0.0,0.0,0.0,0.4866,v18_2692,1,L,corpus_expansion_5000,0.14303868621675692,0
0.3,0.0,0.0,0.85,0.0,0.0,0.0,0.0,v18_0246,0,H,v17_reused,0.8090263470353262,1
0.0,0.0,0.0,0.3,0.0,0.0,0.0,0.2308,v18_3589,0,H,corpus_expansion_5000,0.15845428771145437,0
0.0,0.0,0.0,0.1,0.0,0.0,0.0,0.9409,v18_1758,1,M,corpus_expansion_5000,0.10639134774733293,0
0.0,0.0,0.0,1.0,0.0,0.0,0.0,0.0,v18_4865,0,M,corpus_expansion_5000,0.4413369854724032,1
0.0,0.0,0.0,0.0,0.0,0.0,0.0,0.0,v18_2810,1,M,corpus_expansion_5000,0.0945363922261271,0
0.0,0.0,0.6177,0.0,0.0,0.6667,0.0,0.7802,v18_0923,1,M,corpus_expansion_5000,0.35547572366175,0
0.0,0.0,0.0,0.2,0.1965,0.3333,0.0,0.1575,v18_2880,1,M,corpus_expansion_5000,0.2858269438729862,0
0.0,0.0,0.0,1.0,0.0,0.3333,0.6667,0.2999,v18_0268,0,H,new_mid_w1_p0,0.7087868867028406,1
0.0,0.0,0.0,0.9,0.0,0.0,0.0,0.0,v18_0669,0,L,new_low_w0_pany,0.3921913672632442,0
0.0,0.0,0.0,0.0,0.0,0.0,0.0,0.0,v18_4475,0,L,corpus_expansion_5000,0.0945363922261271,0
0.0,0.0,0.0,0.3,0.0,0.0,0.0,0.2526,v18_1910,1,M,corpus_expansion_5000,0.15823488679635614,0
0.0,0.0,0.0,0.3,0.0,0.0,0.0,0.8907,v18_2985,0,H,corpus_expansion_5000,0.15192168510222764,0
0.0,0.0,0.3658,0.1,0.0,0.0,0.0,0.0,v18_1152,1,H,corpus_expansion_5000,0.12892102654236734,0
0.0,0.0,0.0,0.8,0.0,0.9167,0.0,0.6142,v18_4817,0,M,corpus_expansion_5000,0.7928832690771266,1
0.0,0.0,0.0,0.2,0.0,0.0,0.0,0.0,v18_3455,0,H,corpus_expansion_5000,0.1353199798207458,0
0.0,0.0,0.0,0.0,0.2468,0.0,0.0,0.0,v18_4241,0,M,corpus_expansion_5000,0.12006000049973287,0
0.0,0.0,0.0,0.1,0.5256,0.0,0.0,0.4449,v18_4549,0,L,corpus_expansion_5000,0.1793452048008859,0
0.3,0.0,0.0,0.0,0.0,0.0,0.0,0.1312,v18_2172,1,M,corpus_expansion_5000,0.42889091273021,1
0.0,0.0,0.0,0.65,0.0,0.5833,0.75,0.0,v18_4515,0,L,corpus_expansion_5000,0.6917884152518181,1
0.0,0.0,0.0,0.1,0.0,0.0,0.0,0.6916,v18_1915,1,M,corpus_expansion_5000,0.10819452197250491,0
0.0,0.0,0.0,0.9,0.7526,0.0,0.0,0.3039,v18_0612,0,H,v17_reused,0.5878219768788766,1
0.0,0.0,0.0,0.3,0.0,0.0,1.0,0.4012,v18_2406,1,M,corpus_expansion_5000,0.2558667720698694,0
0.0,0.0,0.0,0.3,0.0,0.0,0.0,0.2999,v18_4205,0,M,corpus_expansion_5000,0.15775969553017116,0
0.0,0.0,0.0,0.0,0.0,0.0,0.0,0.8836,v18_1898,1,M,corpus_expansion_5000,0.08897709987513597,0
0.0,0.0,0.0,0.0,0.0,0.0,0.0,0.0,v18_1649,1,M,corpus_expansion_5000,0.0945363922261271,0
0.0,0.0,0.0,0.3,0.0,0.3333,0.0,0.0,v18_2607,1,M,corpus_expansion_5000,0.2860730847351194,0
0.3,0.2,0.0,0.8,0.0,0.0,0.0,0.0,v18_0258,0,L,new_mid_w0_p0,0.828725972464913,1
0.0,0.0,0.0,0.4,0.0,0.0,0.0,0.4545,v18_0847,1,M,corpus_expansion_5000,0.18477957905723047,0
0.0,0.0,0.0,0.15,0.0,0.0,0.0,0.4866,v18_4251,0,M,corpus_expansion_5000,0.11997677692282648,0
0.0,0.0,0.0,0.6,0.5571,1.0,0.0,0.9781,v18_1233,1,H,corpus_expansion_5000,0.8453540830291925,1
0.0,0.0,0.0,0.1,0.0,0.0,0.0,0.0,v18_1127,1,M,corpus_expansion_5000,0.1133379569328199,0
0.0,0.0,0.0,0.95,0.0,0.0,0.0,0.0,v18_1967,1,M,corpus_expansion_5000,0.4165568777450921,0
0.0,0.0,0.0,0.9,0.0,0.3333,0.0,0.0,v18_0558,0,H,v17_reused,0.5743695239102369,1
0.0,0.0,0.0,0.4,0.2002,0.0,0.0,0.0,v18_3905,0,H,corpus_expansion_5000,0.2256743102504748,0
0.0,0.0,0.0,0.35,0.0,0.0,0.0,0.0,v18_0484,1,H,new_mid_w1_p1,0.17491898592996105,0
0.0,0.0,0.0,0.3,0.0,0.0,0.0,0.0,v18_1320,1,M,corpus_expansion_5000,0.16079228470839807,0
0.0,0.0,0.0,0.1,0.6018,0.0,0.0,0.0,v18_3404,0,H,corpus_expansion_5000,0.1970918416126492,0
0.3,0.0,0.0,0.8,0.0,0.0,0.8,0.0,v18_0007,0,H,new_low_w0_pany,0.8623056057977286,1
0.0,0.0,0.0,0.3,0.3984,0.0,0.0,0.0,v18_3279,0,H,corpus_expansion_5000,0.22787169287846834,0
0.0,0.0,0.0,0.4,0.0,0.0,0.0,0.0,v18_3189,0,H,corpus_expansion_5000,0.19000580961738978,0
0.0,0.0,0.0,0.85,0.0,0.0,0.0,0.0,v18_1450,1,M,corpus_expansion_5000,0.36835127139997426,0
0.0,0.0,0.0,0.55,0.0,0.0,0.0,0.0,v18_3980,0,H,corpus_expansion_5000,0.2411447352040636,0
0.0,0.0,0.0,0.35,0.0,0.0,0.0,0.0,v18_1814,1,M,corpus_expansion_5000,0.17491898592996105,0
0.0,0.0,0.3929,0.3,0.3929,0.0,0.0,0.0,v18_0773,1,H,new_mid_w1_p1,0.2556091271377481,0
0.3,0.0,0.0,0.4,0.0,0.0,0.0,0.0,v18_1011,1,H,corpus_expansion_5000,0.6301872001460783,1
0.0,0.0,0.6807,0.5,0.0,0.0,0.0,0.0,v18_2818,1,M,corpus_expansion_5000,0.27390914761390195,0
0.0,0.0,0.0,0.2,0.3627,0.0,0.7143,0.0,v18_3275,0,H,corpus_expansion_5000,0.2646188880465073,0
0.0,0.0,0.3421,0.3,0.5672,0.0,0.0,0.6285,v18_1991,1,L,corpus_expansion_5000,0.2793390910250147,0
0.0,0.0,0.0,0.35,0.0,0.0,0.8,0.4866,v18_1277,1,M,corpus_expansion_5000,0.25051980012485775,0
0.0,0.0,0.0,0.5,0.0,0.0,0.0,0.4399,v18_1783,1,M,corpus_expansion_5000,0.21741069332218077,0
0.0,0.0,0.0,0.0,0.0,0.0,0.0,0.0,v18_3105,0,H,corpus_expansion_5000,0.0945363922261271,0
0.0,0.0,0.0,0.1,0.4139,0.0,0.0,0.0,v18_0446,0,H,v17_reused,0.16682385449591813,0
0.0,0.0,0.0,0.0,0.0,0.0,0.0,0.4276,v18_0880,1,M,corpus_expansion_5000,0.09180825832496138,0
0.0,0.0,0.0,1.0,0.0,0.0,0.0,0.0,v18_4459,0,M,corpus_expansion_5000,0.4413369854724032,1
0.0,0.0,0.0,0.8,0.0,0.6667,0.6667,0.0,v18_0781,0,H,new_mid_w0_p0,0.7765086636639527,1
0.0,0.0,0.0,0.5,0.0,0.0,0.0,0.0,v18_1749,1,M,corpus_expansion_5000,0.22311587068072297,0
0.0,0.0,0.0,0.85,0.0,0.0,0.0,0.0,v18_3388,0,H,corpus_expansion_5000,0.36835127139997426,0
0.0,0.0,0.0,0.9,0.0,0.5833,0.0,0.3646,v18_4881,0,M,corpus_expansion_5000,0.69541995204567,1
0.0,0.0,0.0,0.0,0.1394,0.3333,0.0,0.0,v18_0883,1,M,corpus_expansion_5000,0.2025387373385738,0
0.0,0.0,0.0,0.0,0.0,0.0,0.0,0.0,v18_2944,0,H,corpus_expansion_5000,0.0945363922261271,0
0.0,0.0,0.0,0.0,0.0,0.0,0.8333,0.5019,v18_1091,1,H,corpus_expansion_5000,0.1437091307428001,0
0.0,0.0,0.0,0.3,0.406,0.3333,0.0,0.0,v18_4783,0,H,corpus_expansion_5000,0.3835952386271771,0
0.0,0.0,0.3581,1.0,0.0,0.6667,0.0,0.0,v18_0531,0,H,v17_reused,0.7995651862481494,1
0.0,0.0,0.0,0.3,0.0,0.3333,0.0,0.9543,v18_4022,0,M,corpus_expansion_5000,0.27158434095036826,0
0.0,0.0,0.0,0.4,0.0,0.0,0.0,0.0,v18_4421,0,M,corpus_expansion_5000,0.19000580961738978,0
0.0,0.0,0.0,0.1,0.6038,0.3333,0.0,0.0,v18_4098,0,M,corpus_expansion_5000,0.3397092065860294,0
0.0,0.0,0.5841,0.3,0.0,0.3333,0.0,0.6377,v18_1727,1,M,corpus_expansion_5000,0.32548626760194016,0
0.0,0.0,0.0,1.0,0.0,0.3333,0.0,0.0,v18_0610,1,H,new_high_w1_pany,0.6229465733397762,1
0.0,0.0,0.0,0.0,0.0,0.0,0.0,0.0,v18_0570,0,H,v17_reused,0.0945363922261271,0
0.0,0.0,0.9871,1.0,0.0,0.0,0.0,0.8511,v18_2671,1,M,corpus_expansion_5000,0.5238493216957739,1
0.0,0.0,0.0833,0.2,0.0833,0.3333,0.0,0.1294,v18_3718,0,M,corpus_expansion_5000,0.2683553020473749,0
0.0,0.0,0.0,0.3,0.0,0.0,0.0,0.0,v18_0343,1,H,new_high_w1_pany,0.16079228470839807,0
0.0,0.0,0.0,1.0,0.0,0.0,0.3,0.0,v18_3000,0,H,corpus_expansion_5000,0.48719929544414753,1
0.0,0.0,0.0,0.2,0.4099,0.0,0.0,0.0,v18_3139,0,H,corpus_expansion_5000,0.19619127590473537,0
0.0,0.0,0.0,0.35,0.0,0.0,0.0,0.0,v18_0434,0,H,v17_reused,0.17491898592996105,0
0.0,0.0,0.6227,0.3,0.0,0.0,0.0,0.0,v18_1903,1,M,corpus_expansion_5000,0.19736247874927546,0
0.0,0.0,0.0,0.8,0.0,0.0,0.0,0.433,v18_3804,0,H,corpus_expansion_5000,0.3377848227103428,0
0.0,0.0,0.0,0.2,0.0,0.0,0.0,0.7772,v18_4776,0,L,corpus_expansion_5000,0.12859834164728817,0
0.0,0.0,0.0,0.0,0.0,0.0,0.0,0.3275,v18_2069,1,L,corpus_expansion_5000,0.09244049239760953,0
0.0,0.0,0.2551,0.0,0.2551,0.0,0.0,0.9662,v18_1537,1,M,corpus_expansion_5000,0.12415898759962044,0
0.3,0.0,0.0,0.6,0.3165,0.0,0.7143,0.0,v18_2252,1,L,corpus_expansion_5000,0.8481662193914019,1
0.0,0.0,0.0,0.25,0.0,0.0,0.75,0.0,v18_2346,1,M,corpus_expansion_5000,0.21547698667345466,0
0.0,0.0,0.5377,0.3,0.0,0.0,0.0,0.6895,v18_1517,1,M,corpus_expansion_5000,0.18407408924110644,0
0.0,0.0,0.0,0.8,0.6588,1.0,0.0,0.0,v18_0965,1,M,corpus_expansion_5000,0.9078362141689256,1
0.5,0.15,0.0,0.7,0.0882,0.3333,0.0,0.0,v18_4406,0,M,corpus_expansion_5000,0.9698560537965009,1
0.0,0.0,0.0,0.2,0.0,0.0,0.0,0.7878,v18_0528,1,H,new_high_w1_pany,0.12850866591066018,0
0.0,0.0,0.0,0.0,0.0,0.0,0.0,0.2934,v18_0176,0,H,v17_reused,0.09265676026402189,0
0.0,0.0,0.0,0.3,0.0,0.0,0.0,0.0,v18_3482,0,H,corpus_expansion_5000,0.16079228470839807,0
0.0,0.0,0.0,0.6,0.4089,0.0,0.0,0.1881,v18_2543,1,M,corpus_expansion_5000,0.3506756869288313,0
0.0,0.0,0.0,1.0,0.0,0.3333,0.7143,0.2765,v18_4935,0,M,corpus_expansion_5000,0.7151530203889622,1
0.0,0.0,0.0,0.65,0.0,0.0,0.0,0.0,v18_0572,1,H,new_high_w1_pany,0.28008474130873345,0
0.0,0.0,0.0,0.45,0.0,0.0,0.0,0.0,v18_2299,1,M,corpus_expansion_5000,0.2060688837501653,0
0.0,0.0,0.0,0.2,0.0,0.0,0.0,0.0,v18_3508,0,H,corpus_expansion_5000,0.1353199798207458,0
0.0,0.0,0.0,0.45,0.0,0.0,1.0,0.0,v18_2459,1,M,corpus_expansion_5000,0.32438175186790896,0
0.0,0.0,0.0,1.0,0.0,0.0,0.6667,0.0,v18_3609,0,M,corpus_expansion_5000,0.5434738198858534,1
0.0,0.0,0.8495,0.6,0.0,0.0,0.0,0.3831,v18_4554,0,L,corpus_expansion_5000,0.3243597904644871,0
0.3,0.0,0.1603,0.6,0.1603,1.0,0.6667,0.0,v18_2208,1,L,corpus_expansion_5000,0.978108628083196,1
0.0,0.0,0.0,0.95,0.0,0.0,0.6667,0.0,v18_4720,0,L,corpus_expansion_5000,0.5182791658573175,1
0.0,0.0,0.0,0.0,0.0,0.0,0.0,0.6648,v18_2755,1,M,corpus_expansion_5000,0.09032559346000361,0
0.0,0.0,0.0,0.0,0.0,0.0,0.0,0.0,v18_0383,0,H,new_mid_w1_p0,0.0945363922261271,0
0.0,0.0,0.0,0.0,0.2835,0.0,0.0,0.0,v18_0852,1,M,corpus_expansion_5000,0.12432792435469359,0
0.0,0.0,0.0,0.55,0.0,0.0,0.0,0.7364,v18_1880,1,M,corpus_expansion_5000,0.23111527620721362,0
0.0,0.0,0.0,0.2,0.0,0.0,0.0,0.0,v18_0370,0,H,new_low_w0_pany,0.1353199798207458,0
0.3,0.0,0.0,0.8,0.0,0.6667,0.6667,0.0,v18_2378,1,M,corpus_expansion_5000,0.9618901532190516,1
0.0,0.0,0.0,0.3,0.0,0.0,0.0,0.0,v18_4323,0,M,corpus_expansion_5000,0.16079228470839807,0
0.0,0.0,0.0,0.2,0.0,0.0,0.0,0.0,v18_1105,1,M,corpus_expansion_5000,0.1353199798207458,0
0.0,0.0,0.0,0.0,0.4327,0.0,0.0,0.0,v18_3413,0,H,corpus_expansion_5000,0.1430366102136351,0
0.0,0.0,0.0,0.2,0.3738,0.0,0.0,0.0,v18_3946,0,M,corpus_expansion_5000,0.1900918089953352,0
0.0,0.0,0.0,0.45,0.0,0.0,0.8,0.0,v18_1336,1,M,corpus_expansion_5000,0.2980244715324707,0
0.0,0.0,0.0,0.2,0.0,0.0,0.0,0.1987,v18_2189,1,M,corpus_expansion_5000,0.13357382984447772,0
0.0,0.0,0.0,0.0,0.2707,0.0,0.0,0.2213,v18_4594,0,M,corpus_expansion_5000,0.121035594796131,0
0.0,0.0,0.4963,0.1,0.0,0.0,0.0,0.6558,v18_2319,1,L,corpus_expansion_5000,0.12923135920817536,0
0.0,0.0,0.0,0.5,0.0,0.0,0.0,0.0,v18_4705,0,L,corpus_expansion_5000,0.22311587068072297,0
0.0,0.0,0.0,0.0,0.0,0.0,0.0,0.2188,v18_3710,0,M,corpus_expansion_5000,0.09313147051908104,0
0.0,0.0,0.0,0.5,0.0,0.0,0.0,0.5232,v18_4848,0,L,corpus_expansion_5000,0.21634229916878578,0
0.0,0.0,0.0,0.0,0.0,0.0,0.0,0.6494,v18_1171,1,M,corpus_expansion_5000,0.09042119588116097,0
0.0,0.0,0.0,0.3,0.0,0.3333,0.0,0.421,v18_4325,0,M,corpus_expansion_5000,0.2796243099922973,0
0.0,0.0,0.0,0.0,0.0,0.0,0.0,0.0,v18_2694,1,M,corpus_expansion_5000,0.0945363922261271,0
0.0,0.0,0.0,0.1,0.0,0.3333,0.0,0.0,v18_1422,1,M,corpus_expansion_5000,0.21093841116397974,0
0.0,0.0,0.0,0.6,0.0,0.3333,0.0,0.2232,v18_2341,1,L,corpus_expansion_5000,0.4196351498399155,1
0.3,0.2,0.0,0.9,0.4715,0.3333,0.0,0.0,v18_2651,1,L,corpus_expansion_5000,0.953825211555841,1
0.0,0.0,0.0,0.3,0.5672,0.6667,0.0,0.2776,v18_4155,0,M,corpus_expansion_5000,0.6028942947091952,1
0.0,0.0,0.0,0.1,0.0,0.0,0.0,0.9215,v18_1464,1,M,corpus_expansion_5000,0.10653071164755763,0
0.0,0.0,0.0,0.0,0.0,0.0,0.0,0.9472,v18_0874,1,H,corpus_expansion_5000,0.08858854551493225,0
0.0,0.0,0.0,0.4,0.0,0.0,0.0,0.9754,v18_3339,0,H,corpus_expansion_5000,0.17892736106681215,0
0.0,0.0,0.0,0.3,0.0,0.0,0.0,0.0,v18_4340,0,M,corpus_expansion_5000,0.16079228470839807,0
0.0,0.0,0.0,0.5,0.0,0.0,0.0,0.2153,v18_1251,1,H,corpus_expansion_5000,0.2203103404368009,0
0.0,0.0,0.0,0.3,0.0,0.0,0.0,0.0,v18_2348,1,M,corpus_expansion_5000,0.16079228470839807,0
0.0,0.0,0.0,0.1,0.0,0.0,0.75,0.3053,v18_0840,1,M,corpus_expansion_5000,0.165365491204858,0
0.0,0.0,0.0,0.2,0.0,0.0,0.0,0.0,v18_4568,0,L,corpus_expansion_5000,0.1353199798207458,0
0.0,0.0,0.0,0.2,0.0,0.0,0.0,0.9263,v18_0581,1,H,new_mid_w1_p1,0.1273418519717661,0
0.0,0.0,0.6248,0.2,0.3875,0.0,0.0,0.0,v18_0204,0,H,v17_reused,0.23429175738850275,0
0.3,0.0,0.0,0.1,0.0,0.0,0.0,0.1234,v18_1641,1,M,corpus_expansion_5000,0.47915804585612404,1
0.0,0.0,0.6177,0.1,0.0,0.0,0.0,0.2224,v18_2014,1,M,corpus_expansion_5000,0.13866718263319194,0
0.0,0.0,0.0,0.0,0.0,0.0,0.0,0.1325,v18_0905,1,M,corpus_expansion_5000,0.09368335427475495,0
0.0,0.0,0.0,0.7,0.4949,0.0,0.75,0.4109,v18_0631,0,H,new_mid_w0_p0,0.5309688367585976,1
0.0,0.0,0.0,0.0,0.4852,0.3333,0.0,0.0,v18_3364,0,H,corpus_expansion_5000,0.26981560302549024,0
0.0,0.0,0.0,0.0,0.0,0.0,0.75,0.0,v18_1974,1,M,corpus_expansion_5000,0.14207605798813674,0
0.0,0.0,0.0,0.9,0.0,0.3333,0.0,0.0,v18_0162,0,H,new_mid_w0_p0,0.5743695239102369,1
0.0,0.0,0.0,0.4,0.0,0.0,0.0,0.5117,v18_3172,0,H,corpus_expansion_5000,0.18412978176932585,0
0.0,0.0,0.0,0.6,0.0,0.0,0.0,0.0,v18_3612,0,M,corpus_expansion_5000,0.2601425988962303,0
0.0,0.0,0.0,0.0,0.1773,0.0,0.0,0.2645,v18_4675,0,M,corpus_expansion_5000,0.1103477666519685,0
0.0,0.0,0.3642,0.8,0.0,0.0,0.0,0.4953,v18_0617,0,H,v17_reused,0.37005751935742276,0
0.0,0.0,0.0,0.1,0.0,0.0,0.0,0.0,v18_4068,0,M,corpus_expansion_5000,0.1133379569328199,0
0.0,0.0,0.0,0.6,0.0,0.0,0.0,0.827,v18_1431,1,H,corpus_expansion_5000,0.24830365220172368,0
0.0,0.0,0.6227,0.9,0.0,0.0,1.0,0.6769,v18_0547,1,M,v17_reused,0.5927475119394106,1
0.0,0.0,0.0,0.9,0.0,0.3333,0.0,0.0,v18_3334,0,H,corpus_expansion_5000,0.5743695239102369,1
0.0,0.0,0.0,0.95,0.0,0.0,0.0,0.0,v18_4546,0,M,corpus_expansion_5000,0.4165568777450921,0
0.0,0.0,0.0,0.7,0.0,0.0,0.0,0.2341,v18_4223,0,M,corpus_expansion_5000,0.2972278737994896,0
0.0,0.0,0.0,1.0,0.0,0.0,0.0,0.0,v18_2387,1,M,corpus_expansion_5000,0.4413369854724032,1
0.0,0.0,0.0,0.8,0.0,0.0,0.0,0.3789,v18_4243,0,M,corpus_expansion_5000,0.33869929024696227,0
0.0,0.0,0.0,0.4,0.0,0.5833,0.0,0.0,v18_3995,0,M,corpus_expansion_5000,0.46039643692549864,1
0.0,0.0,0.0,0.0,0.0,0.0,0.0,0.0,v18_4065,0,M,corpus_expansion_5000,0.0945363922261271,0
0.0,0.0,0.0,0.4,0.5958,0.0,0.0,0.6529,v18_1861,1,M,corpus_expansion_5000,0.29874863695466586,0
0.0,0.0,0.0,0.9,0.0,0.6667,0.0,0.0,v18_0640,1,H,new_high_w1_pany,0.7384126165357974,1
0.0,0.0,0.2262,0.0,0.2262,0.0,0.0,0.0,v18_3902,0,M,corpus_expansion_5000,0.12746381490423106,0
0.0,0.0,0.6708,0.6,0.0,0.0,0.0,0.9909,v18_0637,0,H,new_mid_w1_p0,0.29915972241307465,0
0.0,0.0,0.0,0.0,0.0,0.0,0.0,0.0,v18_4262,0,M,corpus_expansion_5000,0.0945363922261271,0
0.0,0.0,0.0,0.1,0.1993,0.6667,0.0,0.0,v18_3910,0,M,corpus_expansion_5000,0.4097138678673095,0
0.0,0.0,0.0,0.5,0.1214,0.3333,0.0,0.0,v18_2986,0,H,corpus_expansion_5000,0.406571512595112,0
0.0,0.0,0.0,0.0,0.0,0.0,0.0,0.0,v18_2096,1,M,corpus_expansion_5000,0.0945363922261271,0
0.0,0.0,0.0,0.8,0.0,0.0,0.6667,0.0,v18_4611,0,L,corpus_expansion_5000,0.44265113695995667,1
0.0,0.0,0.0,0.2,0.0,0.0,0.0,0.0,v18_3075,0,H,corpus_expansion_5000,0.1353199798207458,0
0.0,0.0,0.0,0.1,0.2041,0.0,0.0,0.0,v18_3674,0,M,corpus_expansion_5000,0.137550155714358,0
0.0,0.0,0.0,0.6,0.0,0.0,0.0,0.0,v18_2841,1,M,corpus_expansion_5000,0.2601425988962303,0
0.0,0.0,0.0,0.1,0.0,0.0,0.0,0.6429,v18_0921,1,M,corpus_expansion_5000,0.108549886911104,0
0.0,0.0,0.0,0.3,0.0,0.0,0.0,0.0,v18_0546,1,H,new_high_w1_pany,0.16079228470839807,0
0.0,0.15,0.0,0.15,0.0,0.0,0.0,0.0,v18_3666,0,M,corpus_expansion_5000,0.144263957638373,0
0.0,0.0,0.0,0.8,0.0,0.0,0.0,0.0,v18_1900,1,M,corpus_expansion_5000,0.3451374483123983,0
0.0,0.0,0.0,0.55,0.0,0.0,0.0,0.0,v18_2028,1,M,corpus_expansion_5000,0.2411447352040636,0
0.0,0.0,0.0,0.9,0.0,1.0,0.0,0.0,v18_2301,1,M,corpus_expansion_5000,0.8551460124766889,1
0.3,0.0,0.0,0.2,0.0,0.0,0.0,0.0,v18_1885,1,M,corpus_expansion_5000,0.5320248714922053,1
0.0,0.0,0.0,0.5,0.0,0.0,0.0,0.2742,v18_1642,1,M,corpus_expansion_5000,0.21954725046474216,0
0.0,0.0,0.0,0.8,0.0,0.0,0.0,0.0,v18_3509,0,H,corpus_expansion_5000,0.3451374483123983,0
0.0,0.0,0.0,0.5,0.0,0.5833,0.0,0.4575,v18_4809,0,M,corpus_expansion_5000,0.5022691477896744,1
0.3,0.0,0.0,1.0,0.7924,1.0,0.0,0.3357,v18_2097,1,L,corpus_expansion_5000,0.9917947556935114,1
0.0,0.0,0.2528,0.2,0.0,0.0,0.0,0.4959,v18_4357,0,M,corpus_expansion_5000,0.14296458626482467,0
0.0,0.0,0.0,0.6,0.0,0.0,0.0,0.0,v18_3788,0,M,corpus_expansion_5000,0.2601425988962303,0
0.0,0.0,0.0,0.15,0.0,0.0,0.0,0.7364,v18_4494,0,L,corpus_expansion_5000,0.11799929209559501,0
0.0,0.0,0.0,0.3,0.4277,0.0,0.0,0.0,v18_4967,0,M,corpus_expansion_5000,0.23350966252027056,0
0.0,0.0,0.0,0.0,0.1159,0.0,0.0,0.6922,v18_0836,1,M,corpus_expansion_5000,0.10100866496842244,0
0.0,0.0,0.4159,0.3,0.0,0.0,0.6667,0.5631,v18_0601,0,H,new_low_w0_pany,0.24635170056789396,0
0.3,0.0,0.0,0.5,0.0,0.0,0.0,0.1322,v18_2184,1,L,corpus_expansion_5000,0.6737970227208385,1
0.0,0.0,0.0,0.1,0.0,0.0,0.0,0.0,v18_3865,0,M,corpus_expansion_5000,0.1133379569328199,0
0.0,0.0,0.0,0.4,0.0,0.0,0.0,0.0,v18_2481,1,M,corpus_expansion_5000,0.19000580961738978,0
0.0,0.0,0.0,0.85,0.0,0.0,0.0,0.0,v18_4307,0,M,corpus_expansion_5000,0.36835127139997426,0
0.0,0.0,0.3714,0.0,0.0,0.6667,0.0,0.8659,v18_1582,1,M,corpus_expansion_5000,0.331766332529433,0
0.0,0.0,0.0,0.2,0.0,1.0,0.0,0.0,v18_4266,0,M,corpus_expansion_5000,0.5887835312121518,1
0.0,0.0,0.0,0.95,0.0,1.0,0.8,0.7364,v18_2533,1,M,corpus_expansion_5000,0.9099631258185151,1
0.3,0.0,0.0,0.1,0.1112,0.0,0.0,0.8463,v18_2725,1,L,corpus_expansion_5000,0.4956412346248311,1
0.0,0.0,0.0,0.25,0.0,0.0,0.0,0.4866,v18_1070,1,M,corpus_expansion_5000,0.14303868621675692,0
0.0,0.0,0.0,0.3,0.0,0.0,0.0,0.0,v18_1775,1,M,corpus_expansion_5000,0.16079228470839807,0
0.0,0.0,0.0,0.2,0.0,0.0,0.0,0.0,v18_4808,0,M,corpus_expansion_5000,0.1353199798207458,0
0.0,0.0,0.0,0.3,0.0,0.0,0.0,0.0,v18_1283,1,H,corpus_expansion_5000,0.16079228470839807,0
0.0,0.0,0.0,1.0,0.0,0.3333,0.0,0.3053,v18_3050,0,H,corpus_expansion_5000,0.617516090439627,1
0.0,0.0,0.0,0.0,0.0,0.0,0.0,0.0,v18_4753,0,M,corpus_expansion_5000,0.0945363922261271,0
0.0,0.0,0.4681,0.5,0.0,0.0,0.0,0.0,v18_1836,1,M,corpus_expansion_5000,0.25729865669811625,0
0.0,0.0,0.0,0.9,0.0,0.6667,0.0,0.0,v18_4242,0,M,corpus_expansion_5000,0.7384126165357974,1
0.0,0.0,0.1513,0.0,0.1513,0.0,0.0,0.98,v18_1019,1,M,corpus_expansion_5000,0.1082445134561985,0
0.0,0.0,0.0,0.0,0.4053,0.0,0.0,0.0,v18_4133,0,M,corpus_expansion_5000,0.13943341249294874,0
0.3,0.0,0.0,0.0,0.1725,0.6667,0.0,0.8068,v18_1326,1,H,corpus_expansion_5000,0.7900929605458495,1
0.0,0.0,0.4921,0.8,0.0,0.3333,0.0,0.8735,v18_0475,0,H,v17_reused,0.5568836466658408,1
0.0,0.0,0.0,1.0,0.0,0.3333,0.0,0.0,v18_4271,0,M,corpus_expansion_5000,0.6229465733397762,1
0.0,0.0,0.0,0.25,0.0,0.0,0.0,0.0,v18_1651,1,M,corpus_expansion_5000,0.1476023763660605,0
0.3,0.2,0.0,0.4,0.0,0.0,0.0,0.2765,v18_3998,0,M,corpus_expansion_5000,0.6783620352306741,1
0.0,0.0,0.0,1.0,0.0,1.0,0.0,0.0,v18_4467,0,L,corpus_expansion_5000,0.8784590901281101,1
0.0,0.0,0.0,0.9,0.505,0.0,0.0,0.0,v18_2610,1,M,corpus_expansion_5000,0.5273354284780688,1
0.0,0.0,0.0,0.0,0.4557,0.0,0.0,0.2099,v18_2476,1,M,corpus_expansion_5000,0.14415413692683787,0
0.0,0.0,0.0,0.55,0.5654,0.3333,0.8571,0.0,v18_2583,1,M,corpus_expansion_5000,0.6751636559623823,1
0.0,0.0,0.0,0.4,0.0,0.0,0.0,0.0,v18_1373,1,M,corpus_expansion_5000,0.19000580961738978,0
0.0,0.0,0.0,1.0,0.0,0.3333,0.0,0.421,v18_0739,0,H,v17_reused,0.6154503171867877,1
0.0,0.0,0.0,0.5,0.0,0.0,0.0,0.0,v18_3618,0,H,corpus_expansion_5000,0.22311587068072297,0
0.0,0.0,0.0,0.0,0.0,0.3333,1.0,0.9546,v18_2440,1,M,corpus_expansion_5000,0.27315774335990123,0
0.0,0.0,0.0,0.55,0.0,0.0,0.8,0.0,v18_0867,1,M,corpus_expansion_5000,0.34200983460079226,0
0.0,0.0,0.0,0.0,0.2551,0.3333,0.0,0.2047,v18_1140,1,M,corpus_expansion_5000,0.2208862305419123,0
0.0,0.0,0.0,0.35,0.0,0.0,0.0,0.7364,v18_0997,1,M,corpus_expansion_5000,0.1670376321608323,0
0.0,0.0,0.0,0.5,0.0,0.3333,0.0,0.0,v18_1337,1,M,corpus_expansion_5000,0.3752431354790696,0
0.3,0.0,0.0,0.0,0.3706,0.0,0.0,0.0,v18_0541,0,H,new_low_w0_pany,0.5313000391577449,1
0.0,0.0,0.2072,0.0,0.0,0.0,0.0,0.0,v18_1099,1,M,corpus_expansion_5000,0.10188550350315852,0
0.0,0.0,0.0,0.0,0.4231,0.0,0.0,0.9929,v18_1132,1,M,corpus_expansion_5000,0.13288535349139471,0
0.0,0.0,0.3165,0.0,0.0,0.0,0.0,0.0,v18_4064,0,M,corpus_expansion_5000,0.10596301430956909,0
0.0,0.0,0.0,0.6,0.5186,0.0,0.8,0.0,v18_2715,1,M,corpus_expansion_5000,0.5022857236824121,1
0.0,0.0,0.0,1.0,0.0,0.3333,0.8,0.0,v18_2258,1,L,corpus_expansion_5000,0.7299043073166129,1
0.0,0.0,0.0,0.3,0.3288,0.0,0.0,0.7894,v18_4750,0,M,corpus_expansion_5000,0.20498129096812936,0
0.0,0.0,0.0,0.8,0.0,0.0,0.0,0.0,v18_0059,0,H,v17_reused,0.3451374483123983,0
0.3,0.0,0.0,0.5,0.0,0.0,0.0,0.0,v18_2883,1,M,corpus_expansion_5000,0.6759874883291183,1
0.3,0.0,0.0,0.1,0.483,0.0,0.0,0.0,v18_1938,1,M,corpus_expansion_5000,0.6105463907948072,1
0.3,0.0,0.1949,0.1,0.1027,0.0,0.0,0.1584,v18_2576,1,M,corpus_expansion_5000,0.5258226522989801,1
0.0,0.0,0.0,0.4,0.0,0.3333,0.0,0.0,v18_4936,0,M,corpus_expansion_5000,0.32912155184893244,0
0.0,0.0,0.0,1.0,0.0,0.0,0.6667,0.0,v18_1078,1,M,corpus_expansion_5000,0.5434738198858534,1
0.0,0.0,0.0,0.1,0.0,0.0,0.0,0.0,v18_3249,0,H,corpus_expansion_5000,0.1133379569328199,0
0.0,0.0,0.0,0.0,0.0,0.0,0.0,0.0,v18_3127,0,H,corpus_expansion_5000,0.0945363922261271,0
0.0,0.0,0.0,0.45,0.0,0.0,1.0,0.0,v18_2488,1,L,corpus_expansion_5000,0.32438175186790896,0
0.0,0.0,0.3536,0.4,0.0,0.0,0.0,0.8714,v18_0940,1,M,corpus_expansion_5000,0.20195684197744865,0
0.0,0.0,0.0,1.0,0.5654,0.5833,0.6667,0.0,v18_1080,1,M,corpus_expansion_5000,0.8888069937255119,1
0.0,0.0,0.0,0.2,0.0,0.0,0.0,0.0,v18_0187,0,H,new_mid_w0_p0,0.1353199798207458,0
0.0,0.0,0.0,0.45,0.0,0.0,0.8,0.0,v18_2634,1,L,corpus_expansion_5000,0.2980244715324707,0
0.0,0.0,0.0,0.35,0.0,0.3333,0.0,0.9305,v18_2085,1,M,corpus_expansion_5000,0.2924291029199254,0
0.0,0.0,0.0,0.2,0.0,0.3333,0.0,0.0,v18_2249,1,M,corpus_expansion_5000,0.24658569031706137,0
0.0,0.0,0.0,0.35,0.0,0.0,0.75,0.0,v18_4890,0,H,corpus_expansion_5000,0.25164664892226296,0
0.0,0.0,0.0,0.5,0.0,0.3333,0.0,0.381,v18_2023,1,M,corpus_expansion_5000,0.3685225475848991,0
0.0,0.0,0.0,0.9,0.0,0.0,0.0,0.0,v18_3539,0,H,corpus_expansion_5000,0.3921913672632442,0
0.0,0.0,0.0,0.65,0.0,0.0,0.0,0.0,v18_4048,0,M,corpus_expansion_5000,0.28008474130873345,0
0.0,0.0,0.225,0.3,0.225,0.0,0.0,0.0,v18_3606,0,M,corpus_expansion_5000,0.21111189813122655,0
0.0,0.0,0.0,1.0,0.0,0.3333,0.0,0.0,v18_0226,0,H,v17_reused,0.6229465733397762,1
0.0,0.0,0.0,0.9,0.4606,0.0,0.0,0.3768,v18_4847,0,L,corpus_expansion_5000,0.5082127762443501,1
0.0,0.0,0.0,0.0,0.0,0.0,0.0,0.0,v18_1929,1,M,corpus_expansion_5000,0.0945363922261271,0
0.0,0.0,0.0,0.1,0.5899,0.0,0.0,0.2921,v18_3055,0,H,corpus_expansion_5000,0.19161784107195912,0
0.0,0.0,0.0,0.8,0.0,0.0,0.0,0.0,v18_4489,0,H,corpus_expansion_5000,0.3451374483123983,0
0.0,0.0,0.0,0.5,0.0,0.0,0.0,0.3425,v18_1404,1,M,corpus_expansion_5000,0.2186647579015273,0
0.0,0.0,0.0,0.2,0.0,0.0,0.0,0.0,v18_2179,1,M,corpus_expansion_5000,0.1353199798207458,0
0.0,0.0,0.3772,0.3,0.0,0.0,0.0,0.6648,v18_0697,1,H,new_high_w1_pany,0.17488069284883065,0
0.0,0.0,0.0,0.3,0.0,0.0,0.0,0.4575,v18_1124,1,H,corpus_expansion_5000,0.1561847617986113,0
0.0,0.0,0.0,0.3,0.5998,0.0,0.0,0.2986,v18_3361,0,H,corpus_expansion_5000,0.2641433202625804,0
0.0,0.0,0.0,0.1,0.0,0.0,0.0,0.7815,v18_4135,0,M,corpus_expansion_5000,0.10754120457702025,0
0.0,0.0,0.0,0.0,0.5755,0.0,0.0,0.0,v18_1778,1,M,corpus_expansion_5000,0.1630838354921189,0
0.0,0.0,0.0,0.25,0.0,0.0,0.0,0.7364,v18_2858,1,M,corpus_expansion_5000,0.14074188085942457,0
0.0,0.0,0.3435,0.0,0.0,0.0,0.0,0.2788,v18_1037,1,H,corpus_expansion_5000,0.10499715374587515,0
0.0,0.0,0.9582,0.0,0.0,0.0,0.0,0.8297,v18_4456,0,L,corpus_expansion_5000,0.125843821160958,0
0.0,0.0,0.0,0.2,0.0,0.3333,0.0,0.2992,v18_2256,1,M,corpus_expansion_5000,0.24241210002703173,0
0.0,0.0,0.0,0.85,0.0,0.5833,0.8333,0.9305,v18_0313,1,H,new_mid_w1_p1,0.7674924778427458,1
0.0,0.0,0.0,0.3,0.0,0.0,0.0,0.2535,v18_2281,1,M,corpus_expansion_5000,0.15822583426492134,0
0.0,0.0,0.5115,0.4,0.0,0.0,0.0,0.9804,v18_1416,1,M,corpus_expansion_5000,0.2109717914392206,0
0.0,0.0,0.0,0.2,0.0,0.0,0.0,0.2594,v18_1036,1,M,corpus_expansion_5000,0.13304421947911188,0
0.0,0.0,0.0,0.75,0.0,0.0,1.0,0.0,v18_2159,1,M,corpus_expansion_5000,0.4683947501272958,1
0.0,0.0,0.0,0.3,0.0,0.0,0.0,0.0,v18_4163,0,M,corpus_expansion_5000,0.16079228470839807,0
0.0,0.0,0.0,0.0,0.0,0.0,0.0,0.7653,v18_1754,1,M,corpus_expansion_5000,0.08970392759050315,0
0.0,0.0,0.0,0.0,0.0,0.0,0.0,0.0,v18_3112,0,H,corpus_expansion_5000,0.0945363922261271,0
0.0,0.0,0.0,0.9,0.0,0.0,0.0,0.0,v18_2813,1,L,corpus_expansion_5000,0.3921913672632442,0
0.0,0.0,0.4606,0.5,0.0,0.0,0.0,0.3768,v18_2698,1,L,corpus_expansion_5000,0.25133288406516663,0
0.0,0.0,0.0,0.1,0.0,0.6667,0.0,0.0,v18_3207,0,H,corpus_expansion_5000,0.3586461204198161,0
0.0,0.0,0.0,0.3,0.0,0.0,0.0,0.8442,v18_4350,0,M,corpus_expansion_5000,0.1523746701312828,0
0.0,0.0,0.0,0.2,0.666,0.0,0.7143,0.0,v18_3431,0,H,corpus_expansion_5000,0.3333135179034274,0
0.0,0.0,0.0,0.4,0.0,0.6667,0.0,0.8451,v18_1506,1,M,corpus_expansion_5000,0.4905143275167358,1
0.0,0.0,0.0,0.0,0.0,0.0,0.0,0.7994,v18_1923,1,M,corpus_expansion_5000,0.08949387206724195,0
0.0,0.0,0.0,0.8,0.6708,1.0,0.0,0.7225,v18_0448,1,H,new_mid_w1_p1,0.9043003629545447,1
0.0,0.0,0.8792,0.3,0.0,0.0,0.0,0.2092,v18_4128,0,M,corpus_expansion_5000,0.211502397726233,0
0.0,0.0,0.0,0.4,0.0,0.0,0.0,0.0,v18_2528,1,M,corpus_expansion_5000,0.19000580961738978,0
0.0,0.0,0.0,1.0,0.0,0.0,0.0,0.4866,v18_4969,0,M,corpus_expansion_5000,0.4322973095567889,1
0.0,0.0,0.0,0.55,0.0,0.0,0.0,0.4866,v18_2789,1,M,corpus_expansion_5000,0.2344844413536289,0
0.0,0.0,0.5006,1.0,0.0,0.3333,0.0,0.0,v18_0361,0,H,v17_reused,0.6687724813960625,1
0.0,0.0,0.0,0.95,0.0,0.0,0.0,0.0,v18_2183,1,L,corpus_expansion_5000,0.4165568777450921,0
0.0,0.0,0.1369,0.0,0.2551,0.0,0.0,0.0,v18_1134,1,M,corpus_expansion_5000,0.12697058215931836,0
0.0,0.0,0.0,0.8,0.0,0.0,0.6667,0.5478,v18_3880,0,M,corpus_expansion_5000,0.4324707497164021,1
0.0,0.0,0.0,0.9,0.0,0.0,0.0,0.7752,v18_2155,1,L,corpus_expansion_5000,0.37832803652972136,0
0.0,0.0,0.0,0.0,0.0,0.3333,0.0,0.0,v18_1830,1,M,corpus_expansion_5000,0.17921858498670093,0
0.0,0.0,0.6529,0.0,0.0,0.0,0.0,0.9459,v18_1053,1,M,corpus_expansion_5000,0.1121156640891253,0
0.0,0.0,0.0,0.3,0.3823,0.0,0.0,0.0,v18_0022,0,H,new_low_w0_pany,0.22481481797110967,0
0.0,0.0,0.1788,0.8,0.4462,0.3333,0.0,0.0,v18_2066,1,L,corpus_expansion_5000,0.6576344698098763,1
0.0,0.0,0.0,0.2,0.0,0.0,0.0,0.0,v18_1653,1,M,corpus_expansion_5000,0.1353199798207458,0
0.0,0.0,0.0,0.35,0.0,0.0,0.0,0.9305,v18_2587,1,M,corpus_expansion_5000,0.1650081392547073,0
0.0,0.0,0.0,0.9,0.2913,0.3333,0.0,0.0,v18_3210,0,H,corpus_expansion_5000,0.6492062378895082,1
0.0,0.0,0.5654,0.95,0.0,0.0,1.0,0.0,v18_4302,0,M,corpus_expansion_5000,0.6235589091801651,1
0.0,0.0,0.0,0.7,0.3485,0.3333,0.0,0.0,v18_4036,0,M,corpus_expansion_5000,0.5677870037580836,1
0.0,0.0,0.0,0.35,0.0,0.0,0.0,0.0,v18_2325,1,M,corpus_expansion_5000,0.17491898592996105,0
0.0,0.0,0.0,0.65,0.5654,0.0,0.0,0.0,v18_0460,0,H,new_mid_w1_p0,0.41799980706405354,1
0.0,0.0,0.0,0.2,0.0,0.0,0.6667,0.0,v18_1067,1,M,corpus_expansion_5000,0.1908272123370029,0
0.0,0.0,0.0,0.0,0.0,0.0,0.0,0.3124,v18_0087,1,H,new_mid_w1_p1,0.09253620312130019,0
0.0,0.0,0.3772,0.0,0.0,0.0,0.0,0.0,v18_1430,1,M,corpus_expansion_5000,0.10828907999824297,0
0.0,0.0,0.0,0.5,0.0,0.0,0.0,0.4159,v18_2647,1,M,corpus_expansion_5000,0.21771922011042147,0
0.0,0.0,0.0,0.4,0.7545,0.0,0.75,0.0,v18_0282,1,H,new_mid_w1_p1,0.4574594914396173,1
0.0,0.0,0.0,0.25,0.0,0.0,0.0,0.0,v18_0462,0,H,new_low_w0_pany,0.1476023763660605,0
0.0,0.0,0.0,0.2,0.0,0.0,0.0,0.3425,v18_0212,0,H,v17_reused,0.13232205177119413,0
0.0,0.0,0.0,0.3,0.0,0.3333,0.6667,0.0,v18_2499,1,M,corpus_expansion_5000,0.37649311241224453,0
0.0,0.0,0.0,0.2,0.0,0.0,0.0,0.2908,v18_1368,1,M,corpus_expansion_5000,0.1327709512598806,0
0.0,0.0,0.0,0.4,0.0,0.0,0.0,0.0,v18_0234,0,H,v17_reused,0.19000580961738978,0
0.0,0.0,0.5582,0.3,0.0,0.3333,0.0,0.4637,v18_2770,1,M,corpus_expansion_5000,0.3260931974214017,0
0.0,0.0,0.0,0.5,0.3706,0.0,0.0,0.9449,v18_0597,1,H,new_mid_w1_p1,0.28554465895929104,0
0.0,0.0,0.0,1.0,0.0,0.0,0.0,0.0,v18_4420,0,H,corpus_expansion_5000,0.4413369854724032,1
0.0,0.0,0.4139,0.4,0.2344,0.0,0.0,0.1897,v18_2250,1,L,corpus_expansion_5000,0.2603183475150022,0
0.0,0.0,0.2975,1.0,0.0,0.3333,0.0,0.0,v18_4031,0,M,corpus_expansion_5000,0.6505065932350099,1
0.0,0.0,0.3073,0.4,0.0,0.0,0.0,0.2488,v18_2283,1,M,corpus_expansion_5000,0.2065837943455126,0
0.0,0.0,0.6227,0.4,0.3857,0.3333,0.0,0.9669,v18_0662,1,H,new_high_w1_pany,0.470661750140441,1
0.0,0.0,0.0,0.5,0.0,0.3333,0.0,0.247,v18_4963,0,L,corpus_expansion_5000,0.3708805576347734,0
0.0,0.0,0.0,0.2,0.0,0.0,0.0,0.0,v18_2285,1,M,corpus_expansion_5000,0.1353199798207458,0
0.0,0.0,0.8111,0.95,0.0,0.0,0.0,0.9305,v18_4716,0,M,corpus_expansion_5000,0.4794549147787921,1
0.0,0.0,0.1971,0.6,0.4225,0.0,0.0,0.4072,v18_3193,0,H,corpus_expansion_5000,0.36844298118324154,0
0.0,0.0,0.0,0.1,0.0,1.0,0.0,0.0,v18_2503,1,M,corpus_expansion_5000,0.5390618348982623,1
0.0,0.0,0.3875,0.9,0.0,0.0,0.0,0.3168,v18_4043,0,M,corpus_expansion_5000,0.4239002309546306,1
0.0,0.0,0.0,0.35,0.5654,0.0,0.8,0.4866,v18_0779,0,H,new_low_w0_pany,0.38159341937906005,0
0.0,0.0,0.0,0.0,0.0,0.0,0.0,0.2479,v18_4019,0,M,corpus_expansion_5000,0.09294603627910984,0
0.0,0.0,0.0,0.5,0.0,0.0,0.0,0.7459,v18_3426,0,H,corpus_expansion_5000,0.2135046710472969,0
0.0,0.0,0.0,0.65,0.0,0.0,0.0,0.4866,v18_4306,0,M,corpus_expansion_5000,0.27273548435752637,0
0.0,0.0,0.2286,0.0,0.0,0.0,0.0,0.4575,v18_3196,0,H,corpus_expansion_5000,0.09953311152708991,0
0.0,0.0,0.0,0.1,0.0,0.0,0.0,0.0,v18_4835,0,L,corpus_expansion_5000,0.1133379569328199,0
0.0,0.0,0.0,1.0,0.0,0.3333,0.0,0.0,v18_0685,0,H,new_mid_w0_p0,0.6229465733397762,1
0.0,0.0,0.0,0.05,0.0,0.3333,0.0,0.0,v18_3169,0,H,corpus_expansion_5000,0.1945887904801191,0
0.0,0.0,0.0,0.1,0.0,0.0,0.0,0.2776,v18_3926,0,M,corpus_expansion_5000,0.11124829741735272,0
0.0,0.0,0.0,0.2,0.0,0.0,0.0,0.0,v18_3434,0,H,corpus_expansion_5000,0.1353199798207458,0
0.0,0.2,0.0,0.1,0.0,0.6667,1.0,0.0,v18_2171,1,L,corpus_expansion_5000,0.5665892823736319,1
0.0,0.0,0.0,0.5,0.0,0.3333,0.0,0.0,v18_3689,0,M,corpus_expansion_5000,0.3752431354790696,0
0.0,0.0,0.0,0.2,0.6079,0.3333,0.0,0.0,v18_1850,1,M,corpus_expansion_5000,0.38751441411258825,0
0.0,0.0,0.0,1.0,0.3674,0.0,0.0,0.0,v18_0487,0,H,new_high_w1_pany,0.5405672486447496,1
0.0,0.0,0.0,0.0,0.1516,0.3333,0.8,0.1221,v18_1688,1,M,corpus_expansion_5000,0.2943330886908443,0
0.0,0.0,0.0,0.0,0.0,0.0,0.0,0.0,v18_2230,1,L,corpus_expansion_5000,0.0945363922261271,0
0.0,0.0,0.0,0.0,0.4676,0.0,0.0,0.3295,v18_3264,0,H,corpus_expansion_5000,0.1446323866076939,0
0.0,0.0,0.0,0.3,0.0,0.0,0.0,0.0,v18_2320,1,M,corpus_expansion_5000,0.16079228470839807,0
0.0,0.0,0.0,0.25,0.8111,0.0,0.0,0.0,v18_0782,0,H,v17_reused,0.29440767111094635,0
0.0,0.0,0.0,0.05,0.0,0.0,0.0,0.0,v18_0521,1,H,new_mid_w1_p1,0.10356039088419995,0
0.0,0.0,0.0,0.2,0.0,0.3333,0.0,0.0,v18_0522,0,H,new_mid_w0_p0,0.24658569031706137,0
0.0,0.0,0.0,0.85,0.0,0.0,0.8571,0.0,v18_2837,1,M,corpus_expansion_5000,0.4969720045940046,1
0.0,0.0,0.9179,0.85,0.0,0.0,0.75,0.9305,v18_4539,0,L,corpus_expansion_5000,0.5546555982721131,1
0.0,0.0,0.0,0.0,0.0,0.0,0.0,0.991,v18_2398,1,L,corpus_expansion_5000,0.08832184758879601,0
0.0,0.0,0.0,0.85,0.0,0.0,0.0,0.8647,v18_2207,1,L,corpus_expansion_5000,0.35329292617234165,0
0.0,0.0,0.0,0.5,0.0,0.0,0.0,0.0,v18_3477,0,H,corpus_expansion_5000,0.22311587068072297,0
0.0,0.0,0.0,0.5,0.0,0.0,0.0,0.4227,v18_3552,0,H,corpus_expansion_5000,0.21763177211849355,0
0.0,0.15,0.0,0.95,0.0,0.0,0.0,0.0,v18_4087,0,M,corpus_expansion_5000,0.4597528361442478,1
0.0,0.0,0.4262,0.2,0.0,0.0,0.0,0.5793,v18_2822,1,M,corpus_expansion_5000,0.15088098819214676,0
0.0,0.0,0.0,0.3,0.0,0.3333,0.0,0.8674,v18_1511,1,M,corpus_expansion_5000,0.27288450499009964,0
0.0,0.0,0.0,0.1,0.0,0.0,0.0,0.7975,v18_1882,1,M,corpus_expansion_5000,0.10742529440103632,0
0.0,0.0,0.0,0.3,0.4262,0.0,0.0,0.5746,v18_0651,0,H,new_mid_w1_p0,0.22554897665654083,0
0.0,0.0,0.0,0.9,0.6733,0.3333,0.6667,0.0,v18_4930,0,L,corpus_expansion_5000,0.8084267548551181,1
0.0,0.0,0.0,0.0,0.0,0.0,0.0,0.1819,v18_3089,0,H,corpus_expansion_5000,0.09336708609791207,0
0.0,0.0,0.0,0.6,0.0,0.0,0.0,0.0,v18_0369,0,H,v17_reused,0.2601425988962303,0
0.0,0.0,0.0,0.1,0.0,0.0,0.0,0.2765,v18_4997,0,L,corpus_expansion_5000,0.1112565108553967,0
0.0,0.0,0.6381,0.3,0.0,0.3333,0.0,0.5415,v18_0118,0,H,v17_reused,0.33186277515444584,0
0.0,0.0,0.0,0.1,0.0,0.0,0.0,0.0,v18_3320,0,H,corpus_expansion_5000,0.1133379569328199,0
0.0,0.0,0.0,0.3,0.5155,0.0,0.0,0.0,v18_3034,0,H,corpus_expansion_5000,0.2509787809648273,0
0.0,0.0,0.0,1.0,0.0,0.0,0.0,0.0,v18_2216,1,L,corpus_expansion_5000,0.4413369854724032,1
0.0,0.0,0.0,0.1,0.5006,0.0,0.0,0.0,v18_3542,0,H,corpus_expansion_5000,0.1803024703351467,0
0.3,0.0,0.0,0.2,0.0,0.0,0.0,0.8164,v18_1613,1,M,corpus_expansion_5000,0.5166496041742276,1
0.0,0.0,0.0,0.0,0.2681,0.0,0.0,0.0,v18_3151,0,H,corpus_expansion_5000,0.12252138994908926,0
0.0,0.0,0.0,0.4,0.0,0.3333,1.0,0.3198,v18_0962,1,M,corpus_expansion_5000,0.46972904713519875,1
0.0,0.0,0.0,0.0,0.0,0.0,0.0,0.0,v18_2510,1,L,corpus_expansion_5000,0.0945363922261271,0
0.0,0.0,0.0,0.0,0.3596,0.0,0.0,0.0,v18_3831,0,M,corpus_expansion_5000,0.13359317485734432,0
0.3,0.0,0.0,0.9,0.6612,0.0,0.0,0.0,v18_2823,1,L,corpus_expansion_5000,0.9056641864590083,1
0.0,0.0,0.0,0.6,0.0,0.0,0.0,0.3551,v18_4343,0,M,corpus_expansion_5000,0.25501464257234485,0
0.0,0.0,0.0,0.65,0.0,0.0,0.875,0.0,v18_3032,0,H,corpus_expansion_5000,0.3999083224668623,0
0.0,0.0,0.0,0.1,0.0,0.0,0.0,0.0,v18_2415,1,M,corpus_expansion_5000,0.1133379569328199,0
0.0,0.0,0.0,0.2,0.0,0.0,0.0,0.0,v18_4654,0,H,corpus_expansion_5000,0.1353199798207458,0
0.0,0.0,0.0,0.0,0.0,0.3333,0.0,0.5963,v18_4236,0,M,corpus_expansion_5000,0.17269000136185408,0
0.3,0.15,0.0,0.95,0.0,0.0,0.0,0.0,v18_2185,1,L,corpus_expansion_5000,0.8607645595235899,1
0.0,0.0,0.0,0.5,0.0,0.0,0.0,0.0,v18_3669,0,M,corpus_expansion_5000,0.22311587068072297,0
0.0,0.0,0.0,0.1,0.0,0.0,0.8333,0.0,v18_2037,1,L,corpus_expansion_5000,0.17587562645623903,0
0.0,0.0,0.4145,0.1,0.0,0.0,0.0,0.1315,v18_4362,0,M,corpus_expansion_5000,0.13000081787550208,0
0.0,0.0,0.0,0.4,0.6018,0.0,0.0,0.827,v18_0772,1,H,new_mid_w1_p1,0.29735905098862775,0
0.0,0.0,0.7392,0.2,0.0,0.0,0.0,0.0,v18_1284,1,M,corpus_expansion_5000,0.17385364823182778,0
0.0,0.0,0.0,0.0,0.0,0.0,0.0,0.0,v18_4603,0,M,corpus_expansion_5000,0.0945363922261271,0
0.0,0.0,0.0,0.0,0.4694,0.0,0.0,0.0807,v18_4794,0,M,corpus_expansion_5000,0.14721721032871696,0
0.0,0.0,0.0,0.0,0.0765,0.3333,0.6667,0.3168,v18_1414,1,M,corpus_expansion_5000,0.25873500032705316,0
0.0,0.0,0.0,0.0,0.0,0.0,0.0,0.7411,v18_1234,1,M,corpus_expansion_5000,0.08985326877592716,0
0.0,0.0,0.0,0.0,0.0,0.0,0.0,0.1865,v18_2699,1,M,corpus_expansion_5000,0.093337684818556,0
0.3,0.0,0.0,0.8,0.0,1.0,0.0,0.0,v18_0435,0,H,new_mid_w0_p0,0.9722443014979166,1
0.0,0.0,0.169,0.0,0.169,0.3333,0.0,0.3557,v18_1674,1,M,corpus_expansion_5000,0.2145760784024263,0
0.0,0.0,0.0,0.2,0.0,0.3333,0.8333,0.0,v18_0365,0,H,v17_reused,0.35334675295551243,0
0.0,0.0,0.0,0.35,0.0,0.0,0.0,0.8647,v18_2649,1,M,corpus_expansion_5000,0.1656939125741654,0
0.0,0.0,0.0,0.7,0.0,0.3333,0.0,0.0,v18_0231,1,H,new_mid_w1_p1,0.4737632500619631,1
0.0,0.0,0.1321,0.0,0.0,0.6667,0.0,0.4289,v18_4267,0,M,corpus_expansion_5000,0.3179776693236615,0
0.0,0.0,0.0,0.2,0.0,0.0,0.0,0.6573,v18_4041,0,M,corpus_expansion_5000,0.1296164109472018,0
0.0,0.0,0.0,0.95,0.0,0.0,0.0,0.0,v18_4399,0,M,corpus_expansion_5000,0.4165568777450921,0
0.0,0.0,0.0,0.9,0.3755,0.3333,0.7143,0.0,v18_0407,0,H,v17_reused,0.7588160123706974,1
0.3,0.2,0.2337,0.2,0.0,0.6667,0.0,0.0,v18_2090,1,M,corpus_expansion_5000,0.8734558305986341,1
0.0,0.0,0.0,0.6,0.0,0.0,0.0,0.9241,v18_0086,0,H,new_high_w1_pany,0.2469375396194528,0
0.5,0.0,0.0,1.0,0.0,1.0,1.0,0.4399,v18_0844,1,M,corpus_expansion_5000,0.9971703397337889,1
0.0,0.0,0.2041,0.0,0.0,0.0,0.0,0.1649,v18_1031,1,M,corpus_expansion_5000,0.10063918153586854,0
0.0,0.0,0.3023,0.0,0.1647,0.0,0.0,0.4351,v18_2855,1,M,corpus_expansion_5000,0.11997965169346143,0
0.0,0.0,0.0,0.3,0.0,0.0,0.0,0.0,v18_4109,0,M,corpus_expansion_5000,0.16079228470839807,0
0.5,0.0,0.0,0.5,0.0,0.3333,0.0,0.9184,v18_4396,0,L,corpus_expansion_5000,0.9385345364790443,1
0.0,0.0,0.0,0.2,0.5201,0.0,1.0,0.0,v18_3893,0,M,corpus_expansion_5000,0.33722066377278753,0
0.0,0.0,0.0,0.8,0.0,1.0,0.0,0.0,v18_2658,1,L,corpus_expansion_5000,0.8282355492157261,1
0.0,0.0,0.2162,0.2,0.0,0.0,0.0,0.9321,v18_0855,1,M,corpus_expansion_5000,0.13723038843157243,0
0.0,0.0,0.0,0.3,0.0,0.0,0.0,0.0,v18_0078,0,H,new_mid_w1_p0,0.16079228470839807,0
0.0,0.0,0.0,0.3,0.0,0.0,0.0,0.0,v18_2247,1,L,corpus_expansion_5000,0.16079228470839807,0
0.0,0.0,0.0,0.8,0.0,0.3333,0.0,0.0,v18_4570,0,M,corpus_expansion_5000,0.5243130518360242,1
0.0,0.0,0.6708,0.7,0.0,0.0,0.0,0.0,v18_3656,0,M,corpus_expansion_5000,0.3602912656228894,0
0.0,0.0,0.9355,0.0,0.0,0.3333,0.0,0.3408,v18_4151,0,M,corpus_expansion_5000,0.2363888975752593,0
0.0,0.0,0.0,0.5,0.3627,0.0,0.0,0.0,v18_3378,0,H,corpus_expansion_5000,0.298524935275799,0
0.0,0.0,0.0,0.0,0.0,0.3333,0.0,0.3588,v18_2279,1,M,corpus_expansion_5000,0.17526744287687693,0
0.3,0.0,0.0,0.1,0.4716,0.9167,0.0,0.503,v18_2598,1,M,corpus_expansion_5000,0.9189765743471413,1
0.0,0.0,0.0841,0.0,0.1972,0.6667,0.0,0.2703,v18_4159,0,M,corpus_expansion_5000,0.36435408815676157,0
0.0,0.0,0.0,0.3,0.0,0.0,0.0,0.2823,v18_3870,0,M,corpus_expansion_5000,0.15793637526276968,0
0.0,0.0,0.0,1.0,0.0,0.0,0.0,0.0,v18_3428,0,H,corpus_expansion_5000,0.4413369854724032,1
0.0,0.0,0.0,0.65,0.0,0.0,0.0,0.0,v18_2176,1,M,corpus_expansion_5000,0.28008474130873345,0
0.0,0.0,0.0,0.0,0.0,0.0,0.0,0.0,v18_0424,0,H,new_low_w0_pany,0.0945363922261271,0
0.0,0.0,0.0,1.0,0.5938,0.9167,0.8333,0.0,v18_0392,0,H,new_mid_w1_p0,0.950259295524665,1
0.0,0.0,0.0,0.1,0.0,0.0,0.8,0.9652,v18_4726,0,L,corpus_expansion_5000,0.1627489037281585,0
0.0,0.0,0.0,0.1,0.0,0.0,0.0,0.5631,v18_3693,0,H,corpus_expansion_5000,0.109134405263737,0
0.0,0.0,0.0,0.7,0.0,0.0,0.0,0.9781,v18_0104,0,H,v17_reused,0.2856270531074212,0
0.0,0.0,0.0,0.5,0.0,0.0,0.0,0.2835,v18_3994,0,M,corpus_expansion_5000,0.21942693637961339,0
0.0,0.0,0.0,0.0,0.0,0.0,0.0,0.0,v18_4412,0,M,corpus_expansion_5000,0.0945363922261271,0
0.3,0.0,0.0,0.1,0.4978,0.3333,0.0,0.7981,v18_1948,1,M,corpus_expansion_5000,0.7582663803743793,1
0.0,0.0,0.0,0.0,0.2394,0.0,0.0,0.1943,v18_1459,1,M,corpus_expansion_5000,0.1176828049793493,0
0.0,0.0,0.0,0.2,0.2839,0.0,0.0,0.1239,v18_3257,0,H,corpus_expansion_5000,0.1741858389542603,0
0.0,0.15,0.0,0.1,0.0,0.0,0.0,0.2635,v18_2803,1,M,corpus_expansion_5000,0.12994984990792216,0
0.0,0.0,0.0,0.0,0.0,0.0,0.0,0.9345,v18_2706,1,M,corpus_expansion_5000,0.08866601159703655,0
0.0,0.0,0.0,0.65,0.0,0.0,0.0,0.0,v18_4789,0,M,corpus_expansion_5000,0.28008474130873345,0
0.0,0.0,0.0,0.05,0.0,0.0,0.0,0.0,v18_1587,1,M,corpus_expansion_5000,0.10356039088419995,0
0.0,0.0,0.0,0.2,0.0,0.0,0.0,0.0,v18_3659,0,M,corpus_expansion_5000,0.1353199798207458,0
0.0,0.0,0.0,0.3,0.0,0.0,0.0,0.9347,v18_1731,1,M,corpus_expansion_5000,0.15149407253783495,0
0.0,0.0,0.0,0.1,0.0,0.0,0.75,0.0,v18_4764,0,M,corpus_expansion_5000,0.16857217928819485,0
0.0,0.0,0.0,0.0,0.3636,0.3333,0.0,0.2491,v18_4224,0,M,corpus_expansion_5000,0.2411805662687447,0
0.0,0.0,0.0,0.25,0.0,0.0,0.0,0.0,v18_3681,0,M,corpus_expansion_5000,0.1476023763660605,0
0.0,0.0,0.0,0.0,0.0,0.6667,0.0,0.2217,v18_1791,1,M,corpus_expansion_5000,0.3099485656305219,0
0.0,0.0,0.0,0.8,0.3722,0.9167,0.0,0.0,v18_2355,1,M,corpus_expansion_5000,0.8572145044925225,1
0.0,0.0,0.0,0.5,0.0,0.0,0.0,0.8687,v18_1940,1,M,corpus_expansion_5000,0.21195160136941263,0
0.0,0.0,0.0,0.7,0.0,0.0,0.0,0.4371,v18_0702,0,H,v17_reused,0.2940356879007012,0
0.3,0.0,0.0,0.9,0.6149,0.0,0.0,0.0,v18_2442,1,M,corpus_expansion_5000,0.9012868629792555,1
0.0,0.0,0.0,0.6,0.0,0.0,0.0,0.6911,v18_4375,0,M,corpus_expansion_5000,0.2502241283424099,0
0.0,0.0,0.0,0.9,0.0,0.0,0.6667,0.0,v18_0496,0,H,new_low_w0_pany,0.49299121880686847,1
0.0,0.0,0.0,0.0,0.0,0.0,0.75,0.7628,v18_0464,0,H,v17_reused,0.13519834617861806,0
0.0,0.0,0.0,0.7,0.0,0.0,0.0,0.0,v18_4071,0,M,corpus_expansion_5000,0.30093381222399707,0
0.0,0.0,0.0,0.0,0.0,0.3333,0.0,0.6055,v18_4333,0,M,corpus_expansion_5000,0.17259076542246551,0
0.0,0.0,0.0,0.1,0.0,0.0,0.0,0.49,v18_0172,0,H,v17_reused,0.10967226952362391,0
0.0,0.0,0.3596,0.9,0.7373,0.0,0.0,0.0,v18_4943,0,M,corpus_expansion_5000,0.6237279909495965,1
0.0,0.0,0.0,0.85,0.9179,0.0,0.0,0.0,v18_4796,0,L,corpus_expansion_5000,0.6120561776164216,1
0.0,0.0,0.0,0.1,0.404,0.0,0.0,0.0,v18_2540,1,M,corpus_expansion_5000,0.16533717717845323,0
0.0,0.0,0.0,0.8,0.0,0.0,0.0,0.0,v18_3262,0,H,corpus_expansion_5000,0.3451374483123983,0
0.0,0.0,0.0,0.2,0.2903,0.3333,0.0,0.4197,v18_4680,0,L,corpus_expansion_5000,0.30283501828365883,0
0.0,0.0,0.0,0.2,0.3929,0.3333,1.0,0.0,v18_2260,1,M,corpus_expansion_5000,0.4810557407019702,1
0.0,0.2,0.0,0.8,0.0,0.0,0.0,0.1913,v18_2112,1,M,corpus_expansion_5000,0.3963219757812228,0
0.0,0.0,0.0,0.0,0.0,0.0,0.0,0.5594,v18_0900,1,M,corpus_expansion_5000,0.0909817357464536,0
0.0,0.0,0.0,0.1,0.0,0.0,0.0,0.5521,v18_1446,1,H,corpus_expansion_5000,0.1092151942246587,0
0.0,0.0,0.0,0.8,0.0,0.0,0.0,0.3012,v18_3573,0,H,corpus_expansion_5000,0.3400147838492779,0
0.0,0.0,0.0,0.2,0.42,0.3333,0.0,0.0,v18_0741,0,H,new_mid_w0_p0,0.34040084361313483,0
0.0,0.0,0.0,0.0,0.0,0.6667,0.0,0.7364,v18_2293,1,M,corpus_expansion_5000,0.3016973280186911,0
0.0,0.0,0.0,0.0,0.0,0.0,0.0,0.0,v18_2452,1,M,corpus_expansion_5000,0.0945363922261271,0
0.0,0.0,0.0,0.0,0.0,0.0,0.0,0.0,v18_2622,1,L,corpus_expansion_5000,0.0945363922261271,0
0.0,0.0,0.0,0.8,0.0,0.3333,0.75,0.0,v18_4078,0,M,corpus_expansion_5000,0.6361374046861042,1
0.0,0.0,0.0,0.0,0.0,0.6667,0.0,0.8968,v18_1206,1,M,corpus_expansion_5000,0.2991515721350536,0
0.0,0.0,0.0,1.0,0.0,0.3333,0.0,0.0,v18_0509,1,M,v17_reused,0.6229465733397762,1
0.0,0.0,0.0,0.2,0.0,0.0,0.0,0.9714,v18_2620,1,M,corpus_expansion_5000,0.12696385786392983,0
0.0,0.0,0.0,0.0,0.0,0.3333,0.0,0.0,v18_2802,1,M,corpus_expansion_5000,0.17921858498670093,0
0.0,0.0,0.0,0.4,0.0,0.0,0.0,0.0,v18_3313,0,H,corpus_expansion_5000,0.19000580961738978,0
0.0,0.0,0.0,0.85,0.0,0.0,0.0,0.4866,v18_1549,1,M,corpus_expansion_5000,0.359843617042447,0
0.0,0.0,0.0,0.6,0.0,0.0,0.0,0.6739,v18_4563,0,M,corpus_expansion_5000,0.2504678950602636,0
0.0,0.0,0.0,0.1,0.0,0.0,0.0,0.0,v18_2202,1,M,corpus_expansion_5000,0.1133379569328199,0
0.0,0.0,0.5312,0.4,0.0,0.0,0.0,0.0,v18_2566,1,M,corpus_expansion_5000,0.22493279975842212,0
0.0,0.0,0.0,0.3,0.0,0.0,0.0,0.0,v18_3892,0,M,corpus_expansion_5000,0.16079228470839807,0
0.0,0.0,0.0,0.0,0.0,0.0,0.0,0.2999,v18_2044,1,M,corpus_expansion_5000,0.09261550116920612,0
0.0,0.0,0.0,0.3,0.0,0.0,0.0,0.9883,v18_0767,1,H,new_mid_w1_p1,0.15097449906521052,0
0.0,0.0,0.0,0.9,0.0,0.0,0.0,0.0,v18_4872,0,H,corpus_expansion_5000,0.3921913672632442,0
0.0,0.0,0.0,0.0,0.0,0.0,0.0,0.8795,v18_3738,0,M,corpus_expansion_5000,0.08900220088083385,0
0.0,0.0,0.0,0.5,0.0,0.0,0.0,0.4953,v18_0421,0,H,v17_reused,0.21669971680422992,0
0.0,0.0,0.4462,0.9,0.0,0.0,0.0,0.0,v18_0123,1,H,new_high_w1_pany,0.4355257349024307,1
0.0,0.0,0.0,0.75,0.0,0.3333,0.0,0.9305,v18_4162,0,M,corpus_expansion_5000,0.4814770351561996,1
0.0,0.0,0.0,0.0,0.7449,0.3333,0.0,0.0,v18_2628,1,M,corpus_expansion_5000,0.3287219883594488,0
0.0,0.0,0.0,0.3,0.0,0.0,0.6667,0.0,v18_0819,1,M,corpus_expansion_5000,0.22404081870056092,0
0.0,0.0,0.524,0.2,0.0,0.0,0.0,0.7341,v18_1403,1,M,corpus_expansion_5000,0.1544372382911445,0
0.0,0.0,0.0,0.35,0.0,0.0,0.0,0.0,v18_1382,1,M,corpus_expansion_5000,0.17491898592996105,0
0.0,0.0,0.0,0.6,0.0,0.3333,0.0,0.2677,v18_2148,1,M,corpus_expansion_5000,0.41881694932784563,1
0.0,0.0,0.0,0.4,0.0,0.0,0.8,0.1941,v18_1575,1,M,corpus_expansion_5000,0.2743691391761647,0
0.0,0.0,0.5654,0.45,0.0,0.0,0.0,0.7364,v18_1638,1,M,corpus_expansion_5000,0.2354353320624002,0
0.0,0.0,0.0,0.25,0.0,0.0,0.0,0.0,v18_1795,1,M,corpus_expansion_5000,0.1476023763660605,0
0.0,0.0,0.0,0.1,0.0,0.0,0.0,0.2992,v18_4815,0,L,corpus_expansion_5000,0.1110871228089761,0
0.0,0.0,0.5512,0.8,0.0,0.0,0.0,0.9134,v18_0399,0,H,v17_reused,0.38021813268677207,0
0.3,0.0,0.0,0.0,0.0,0.0,0.0,0.5801,v18_2310,1,L,corpus_expansion_5000,0.4206081951385908,1
0.5,0.0,0.0,1.0,0.5095,1.0,0.0,0.0,v18_0882,1,M,corpus_expansion_5000,0.9970861038687839,1
0.0,0.0,0.4978,0.3,0.0,0.3333,0.0,0.0,v18_4973,0,M,corpus_expansion_5000,0.32847499182802975,0
0.0,0.0,0.0,0.45,0.0,0.0,0.0,0.0,v18_2897,1,M,corpus_expansion_5000,0.2060688837501653,0
0.0,0.0,0.8254,0.0,0.0,0.0,0.8333,0.8143,v18_1352,1,H,corpus_expansion_5000,0.18577277734240147,0
0.3,0.0,0.0,1.0,0.0,0.3333,0.8,0.0,v18_2742,1,M,corpus_expansion_5000,0.9515301556248166,1
0.0,0.0,0.0,0.8,0.7064,0.3333,0.0,0.0,v18_4550,0,M,corpus_expansion_5000,0.7033421124832184,1
0.0,0.0,0.0,0.5,0.0,0.0,0.0,0.4036,v18_2130,1,M,corpus_expansion_5000,0.2178774625076707,0
0.0,0.0,0.0,0.4,0.0,0.0,0.0,0.4428,v18_0982,1,M,corpus_expansion_5000,0.18491271039224552,0
0.0,0.0,0.0,0.4,0.0,0.0,0.0,0.6938,v18_0456,0,H,v17_reused,0.1820728952434052,0
0.0,0.0,0.0,0.3,0.0,0.3333,0.0,0.2584,v18_4119,0,M,corpus_expansion_5000,0.2821044162994665,0
0.0,0.0,0.0,0.3,0.6985,0.0,0.0,0.0,v18_1079,1,M,corpus_expansion_5000,0.2900840631881195,0
0.0,0.0,0.0,0.5,0.0,0.0,0.0,0.0,v18_1950,1,M,corpus_expansion_5000,0.22311587068072297,0
0.0,0.0,0.0,0.3,0.2883,0.3333,0.0,0.4109,v18_4314,0,M,corpus_expansion_5000,0.3468384280776884,0
0.0,0.0,0.0,0.8,0.0,0.3333,0.8333,0.0,v18_0689,0,L,new_mid_w0_p0,0.6479121416321107,1
0.0,0.0,0.0,0.95,0.0,0.0,0.0,0.0,v18_2429,1,M,corpus_expansion_5000,0.4165568777450921,0
0.0,0.0,0.0,0.4,0.0,0.0,0.0,0.0,v18_0641,0,H,new_low_w0_pany,0.19000580961738978,0
0.0,0.0,0.0,0.3,0.0,0.0,0.0,0.2269,v18_2392,1,M,corpus_expansion_5000,0.1584935643630228,0
0.0,0.0,0.0,0.0,0.0,0.0,0.0,0.7225,v18_1953,1,M,corpus_expansion_5000,0.0899682039327317,0
0.0,0.0,0.0,0.4,0.0,0.0,0.0,0.8795,v18_2748,1,M,corpus_expansion_5000,0.17999378653865833,0
0.0,0.0,0.0,0.4,0.1112,0.0,0.0,0.0,v18_4313,0,M,corpus_expansion_5000,0.20925853482990042,0
0.0,0.0,0.0,0.2,0.0,0.0,0.7143,0.4953,v18_3435,0,H,corpus_expansion_5000,0.1895756436283768,0
0.0,0.0,0.0,0.3,0.0,0.0,0.0,0.0,v18_3336,0,H,corpus_expansion_5000,0.16079228470839807,0
0.0,0.0,0.0,0.2,0.0,0.0,0.0,0.0,v18_4766,0,L,corpus_expansion_5000,0.1353199798207458,0
0.0,0.0,0.0,0.8,0.5478,0.0,0.0,0.0,v18_3370,0,H,corpus_expansion_5000,0.4883734837601396,1
0.0,0.0,0.0,0.5,0.0,0.0,0.0,0.0,v18_1884,1,M,corpus_expansion_5000,0.22311587068072297,0
0.0,0.0,0.0,0.6,0.0,0.0,0.0,0.0,v18_0389,0,H,new_mid_w1_p0,0.2601425988962303,0
0.0,0.0,0.0,0.0,0.0,0.0,0.0,0.0,v18_2494,1,M,corpus_expansion_5000,0.0945363922261271,0
0.0,0.0,0.0,0.1,0.0,0.3333,0.0,0.0,v18_3878,0,H,corpus_expansion_5000,0.21093841116397974,0
0.0,0.0,0.0,0.4,0.0,0.0,0.0,0.1805,v18_3856,0,M,corpus_expansion_5000,0.1879168381010593,0
0.0,0.0,0.0,1.0,0.0,0.3333,0.0,0.0,v18_0845,1,M,corpus_expansion_5000,0.6229465733397762,1
0.0,0.0,0.0,0.0,0.0,0.0,0.0,0.3095,v18_0542,0,H,new_mid_w1_p0,0.09255459483477707,0
0.0,0.0,0.0,1.0,0.0,0.0,0.0,0.0,v18_0091,1,H,new_high_w1_pany,0.4413369854724032,1
0.0,0.0,0.0,0.95,0.0,0.0,0.0,0.0,v18_3889,0,M,corpus_expansion_5000,0.4165568777450921,0
0.0,0.0,0.0,0.0,0.3391,0.3333,0.0,0.3897,v18_1979,1,M,corpus_expansion_5000,0.23444133114775526,0
0.0,0.0,0.0,0.0,0.0,0.0,0.0,0.0,v18_2812,1,L,corpus_expansion_5000,0.0945363922261271,0
0.0,0.0,0.0,0.0,0.2041,0.3333,0.0,0.4167,v18_4082,0,M,corpus_expansion_5000,0.20885894745583944,0
0.0,0.0,0.0,0.65,0.0,0.0,1.0,0.0,v18_2902,0,H,corpus_expansion_5000,0.41849315049290436,1
0.0,0.0,0.0,0.45,0.0,0.0,0.0,0.0,v18_2529,1,M,corpus_expansion_5000,0.2060688837501653,0
0.0,0.0,0.0,0.1,0.0,0.0,0.0,0.817,v18_1676,1,M,corpus_expansion_5000,0.10728417746919829,0
0.0,0.0,0.0,0.35,0.0,0.6667,0.7143,0.9643,v18_1048,1,M,corpus_expansion_5000,0.5722937782468255,1
0.3,0.0,0.2299,0.2,0.0,1.0,0.0,0.5609,v18_1960,1,M,corpus_expansion_5000,0.9161908752961291,1
0.0,0.0,0.0,0.0,0.9153,0.3333,0.0,0.0,v18_2530,1,M,corpus_expansion_5000,0.37070120483569796,0
0.0,0.0,0.0,0.0,0.0,0.0,0.6667,0.2687,v18_3992,0,H,corpus_expansion_5000,0.1335787062905895,0
0.0,0.0,0.0,0.4,0.0,0.0,0.0,0.0,v18_0237,0,H,new_mid_w0_p0,0.19000580961738978,0
0.0,0.0,0.0,0.0,0.5666,0.0,0.0,0.0,v18_3097,0,H,corpus_expansion_5000,0.16177099804997896,0
0.0,0.0,0.0,0.0,0.0,0.0,0.0,0.0,v18_3488,0,H,corpus_expansion_5000,0.0945363922261271,0
0.0,0.0,0.0,0.2,0.0,0.0,0.0,0.6785,v18_1133,1,M,corpus_expansion_5000,0.12943590419016288,0
0.0,0.0,0.0,0.45,0.0,0.0,0.0,0.4866,v18_1805,1,M,corpus_expansion_5000,0.2001218854158135,0
0.0,0.0,0.0,0.85,0.0,0.0,0.0,0.7364,v18_4317,0,M,corpus_expansion_5000,0.3555097338549064,0
0.0,0.0,0.0,0.2,0.0,0.3333,0.0,0.6728,v18_0163,1,H,new_mid_w1_p1,0.2372685225295734,0
0.0,0.0,0.0,0.4,0.0,0.0,0.0,0.0,v18_3492,0,H,corpus_expansion_5000,0.19000580961738978,0
0.0,0.0,0.0,0.0,0.0,0.6667,0.0,0.4866,v18_4709,0,M,corpus_expansion_5000,0.3056863533144241,0
0.0,0.0,0.0,0.55,0.0,0.0,0.6667,0.7364,v18_4630,0,M,corpus_expansion_5000,0.31174985891216095,0
0.0,0.0,0.0,0.0,0.3426,0.6667,0.0,0.1987,v18_3453,0,H,corpus_expansion_5000,0.3948073756418407,0
0.0,0.0,0.0,0.4,0.0,0.0,0.0,0.6874,v18_3199,0,H,corpus_expansion_5000,0.18214488174335453,0
0.0,0.0,0.0,0.0,0.2007,0.0,0.0,0.586,v18_3634,0,M,corpus_expansion_5000,0.11045515610083678,0
0.0,0.0,0.0,0.5,0.0,0.0,0.0,0.0,v18_3939,0,M,corpus_expansion_5000,0.22311587068072297,0
0.3,0.0,0.4533,0.6,0.8366,1.0,0.0,0.0,v18_1811,1,M,corpus_expansion_5000,0.9857990400046794,1
0.0,0.0,0.0,0.0,0.0,0.3333,0.0,0.2412,v18_3649,0,M,corpus_expansion_5000,0.17655485492569076,0
0.0,0.0,0.0,0.0,0.0,0.0,0.0,0.933,v18_4049,0,M,corpus_expansion_5000,0.08867516517094369,0
0.0,0.0,0.0,0.0,0.0,0.0,0.0,0.0,v18_1428,1,M,corpus_expansion_5000,0.0945363922261271,0
0.0,0.0,0.0,0.6,0.7722,0.0,0.0,0.0,v18_3613,0,M,corpus_expansion_5000,0.4481997574555193,1
0.0,0.0,0.0,0.0,0.1243,0.0,0.0,0.268,v18_3131,0,H,corpus_expansion_5000,0.10480642956484884,0
0.3,0.2,0.0,0.2,0.0,0.0,0.0,0.5492,v18_3396,0,H,corpus_expansion_5000,0.5795475134367087,1
0.0,0.0,0.0,0.0,0.1198,0.0,0.0,0.1837,v18_4460,0,M,corpus_expansion_5000,0.10494600826923073,0
0.0,0.0,0.0,0.0,0.0,0.0,0.0,0.2029,v18_4649,0,L,corpus_expansion_5000,0.09323293044487177,0
0.0,0.0,0.0,0.0,0.0,0.0,0.0,0.7653,v18_2820,1,L,corpus_expansion_5000,0.08970392759050315,0
0.0,0.0,0.3207,0.0,0.0,0.0,0.0,0.7049,v18_1452,1,H,corpus_expansion_5000,0.10117776940854672,0
0.0,0.0,0.0,0.9,0.0,1.0,0.0,0.7364,v18_0593,1,M,v17_reused,0.8481205014508313,1
0.0,0.0,0.0,0.45,0.0,0.0,0.0,0.0,v18_0041,0,H,v17_reused,0.2060688837501653,0
0.0,0.0,0.0,0.1,0.0,0.0,0.0,0.0,v18_0560,0,H,v17_reused,0.1133379569328199,0
0.0,0.0,0.2146,0.5,0.0,0.3333,0.0,0.0,v18_3273,0,H,corpus_expansion_5000,0.3956055895405956,0
0.0,0.0,0.0944,0.0,0.18,0.0,0.0,0.0,v18_3244,0,H,corpus_expansion_5000,0.1164515568865641,0
0.0,0.0,0.0,0.8,0.3911,0.3333,0.6667,0.3183,v18_0243,1,H,new_mid_w1_p1,0.7124733099934303,1
0.0,0.0,0.0,0.35,0.0,0.0,0.0,0.0,v18_1339,1,M,corpus_expansion_5000,0.17491898592996105,0
0.3,0.0,0.0,0.6,0.0,0.0,0.0,0.0,v18_2780,1,L,corpus_expansion_5000,0.7186479536377646,1
0.0,0.0,0.0,1.0,0.0,0.0,0.0,0.0,v18_3187,0,H,corpus_expansion_5000,0.4413369854724032,1
0.0,0.0,0.0,0.1,0.2468,0.0,0.0,0.0,v18_3799,0,M,corpus_expansion_5000,0.14313530507222463,0
0.0,0.0,0.0,0.0,0.0,0.3333,0.0,0.0,v18_1442,1,H,corpus_expansion_5000,0.17921858498670093,0
0.0,0.0,0.0,0.8,0.0,0.3333,0.6667,0.0,v18_0261,0,H,new_low_w0_pany,0.6241972893142425,1
0.0,0.0,0.0,0.1,0.0,0.0,0.0,0.3532,v18_2764,1,L,corpus_expansion_5000,0.11068507999266863,0
0.0,0.0,0.0,0.7,0.0,0.0,0.0,0.6959,v18_1689,1,M,corpus_expansion_5000,0.2899952067334345,0
0.0,0.0,0.0,0.2,0.0,0.3333,0.0,0.0,v18_1725,1,M,corpus_expansion_5000,0.24658569031706137,0
0.0,0.0,0.0,0.1,0.0,0.0,0.0,0.0,v18_4792,0,M,corpus_expansion_5000,0.1133379569328199,0
0.0,0.0,0.3965,0.0,0.0,0.3333,0.6667,0.9023,v18_0834,1,M,corpus_expansion_5000,0.2648600534649683,0
0.0,0.0,0.0,0.1,0.0,0.0,0.0,0.3308,v18_1866,1,M,corpus_expansion_5000,0.11085169846003616,0
0.0,0.15,0.0,0.4,0.0,0.0,0.0,0.2635,v18_2496,1,L,corpus_expansion_5000,0.21512843004745916,0
0.0,0.0,0.0,0.2,0.0,0.0,0.0,0.3789,v18_2010,1,M,corpus_expansion_5000,0.13200677088471446,0
0.0,0.0,0.0,0.2,0.4099,0.0,0.0,0.0,v18_0340,0,H,new_low_w0_pany,0.19619127590473537,0
0.0,0.0,0.0,0.2,0.0,0.3333,0.0,0.0,v18_2988,0,H,corpus_expansion_5000,0.24658569031706137,0
0.0,0.0,0.0,0.15,0.0,0.3333,0.0,0.0,v18_1601,1,M,corpus_expansion_5000,0.22827240588175038,0
0.0,0.0,0.0,1.0,0.6059,0.0,0.0,0.0,v18_3875,0,M,corpus_expansion_5000,0.603776840512685,1
0.0,0.0,0.0,0.0,0.0,0.0,0.0,0.9019,v18_4694,0,L,corpus_expansion_5000,0.08886514154796817,0
0.0,0.0,0.3772,0.6,0.0,0.3333,0.0,0.0,v18_0480,0,H,v17_reused,0.4610064948617827,1
0.0,0.0,0.0,0.25,0.0,0.0,0.0,0.0,v18_2825,1,L,corpus_expansion_5000,0.1476023763660605,0
0.0,0.0,0.6959,0.9,0.0,0.0,0.0,0.0,v18_4329,0,M,corpus_expansion_5000,0.46025924751160974,1
0.0,0.0,0.0,0.4,0.2108,0.0,0.0,0.9865,v18_3540,0,H,corpus_expansion_5000,0.2148552024926307,0
0.0,0.0,0.0,0.7,0.0,0.0,0.0,0.0,v18_4638,0,M,corpus_expansion_5000,0.30093381222399707,0
0.0,0.0,0.0,0.3,0.0,0.0,0.0,0.3588,v18_3046,0,H,corpus_expansion_5000,0.15716958888289337,0
0.8,0.8667,0.0,0.0,0.6248,0.3333,0.0,0.1433,v18_3990,0,M,corpus_expansion_5000,0.9957114232528789,1
0.3,0.0,0.0,0.4,0.6173,1.0,0.0,0.0,v18_1766,1,M,corpus_expansion_5000,0.9682009035342695,1
0.0,0.0,0.0,0.2,0.0,0.0,0.0,0.0,v18_4473,0,M,corpus_expansion_5000,0.1353199798207458,0
0.0,0.0,0.0,1.0,0.0,0.3333,0.0,0.0,v18_2453,1,M,corpus_expansion_5000,0.6229465733397762,1
0.0,0.0,0.0,0.75,0.0,0.0,1.0,0.0,v18_2877,1,L,corpus_expansion_5000,0.4683947501272958,1
0.0,0.0,0.0,0.1,0.0,0.0,0.0,0.8423,v18_3815,0,M,corpus_expansion_5000,0.10710133039354414,0
0.0,0.0,0.0,0.0,0.0,0.0,0.0,0.3935,v18_4016,0,M,corpus_expansion_5000,0.09202319703574663,0
0.0,0.0,0.0,0.0,0.0,0.0,0.0,0.5006,v18_4677,0,M,corpus_expansion_5000,0.09134964217764967,0
0.0,0.0,0.0,0.8,0.5312,0.0,0.0,0.5841,v18_3679,0,M,corpus_expansion_5000,0.47287093489643167,1
0.0,0.0,0.0,0.85,0.0,0.0,1.0,0.0,v18_1271,1,H,corpus_expansion_5000,0.5189366056681108,1
0.0,0.0,0.259,0.0,0.259,0.0,0.0,0.0,v18_3077,0,H,corpus_expansion_5000,0.1329796911745683,0
0.0,0.0,0.0,0.0,0.0,0.0,0.0,0.0,v18_4501,0,M,corpus_expansion_5000,0.0945363922261271,0
0.0,0.0,0.0,0.0,0.0,0.0,0.0,0.0,v18_3094,0,H,corpus_expansion_5000,0.0945363922261271,0
0.0,0.0,0.1804,0.0,0.0,0.3333,0.0,0.8197,v18_4653,0,M,corpus_expansion_5000,0.18074992736119191,0
0.0,0.0,0.0,0.3,0.0,0.0,0.0,0.0,v18_0347,0,H,v17_reused,0.16079228470839807,0
0.0,0.0,0.0,0.8,0.0,0.0,0.0,0.0,v18_3881,0,M,corpus_expansion_5000,0.3451374483123983,0
0.0,0.0,0.0,0.9,0.0,0.0,0.6667,0.316,v18_4623,0,M,corpus_expansion_5000,0.48702783216700285,1
0.0,0.0,0.0,0.2,0.0,0.0,0.0,0.9682,v18_2562,1,M,corpus_expansion_5000,0.12699064621105502,0
0.0,0.0,0.0,0.2,0.2716,0.0,0.0,0.6276,v18_4590,0,L,corpus_expansion_5000,0.16691909666594584,0
0.0,0.0,0.0,0.0,0.0,0.0,0.6667,0.5193,v18_1423,1,M,corpus_expansion_5000,0.13140361323323996,0
0.0,0.0,0.0,0.1,0.3658,0.0,0.0,0.2972,v18_0656,0,H,v17_reused,0.15671130660933505,0
0.0,0.0,0.0,0.0,0.2769,0.0,0.0,0.0,v18_2102,1,L,corpus_expansion_5000,0.12355091288042713,0
0.0,0.0,0.0,1.0,0.0,0.6667,0.0,0.0,v18_0632,0,H,v17_reused,0.7755826087477349,1
0.0,0.0,0.0,0.3,0.0,0.0,0.0,0.4575,v18_2892,1,M,corpus_expansion_5000,0.1561847617986113,0
0.0,0.0,0.0,0.25,0.0,0.0,1.0,0.0,v18_2493,1,M,corpus_expansion_5000,0.24260468455107928,0
0.0,0.0,0.0,1.0,0.0,1.0,0.0,0.7312,v18_2665,1,L,corpus_expansion_5000,0.8724392641944175,1
0.0,0.0,0.0,0.25,0.0,0.0,0.0,0.4866,v18_4015,0,M,corpus_expansion_5000,0.14303868621675692,0
0.0,0.0,0.0,1.0,0.0,0.0,0.0,0.0,v18_3662,0,H,corpus_expansion_5000,0.4413369854724032,1
0.0,0.0,0.0,0.65,0.0,0.0,0.0,0.0,v18_3307,0,H,corpus_expansion_5000,0.28008474130873345,0
0.0,0.0,0.5654,1.0,0.0,0.0,0.0,0.0,v18_3096,0,H,corpus_expansion_5000,0.4976972215206792,1
0.0,0.0,0.0,0.2,0.5467,0.0,0.0,0.3399,v18_3919,0,M,corpus_expansion_5000,0.21625760704450522,0
0.0,0.0,0.0,0.0,0.0,0.3333,0.75,0.919,v18_2500,1,M,corpus_expansion_5000,0.24420882811565542,0
0.0,0.0,0.0,0.0,0.1974,0.0,0.0,0.6798,v18_1465,1,M,corpus_expansion_5000,0.10941194394202974,0
0.0,0.0,0.0,0.1,0.0,0.0,0.0,0.9162,v18_2833,1,M,corpus_expansion_5000,0.10656881324434084,0
0.0,0.0,0.0,0.4,0.0,0.0,0.0,0.0,v18_0115,0,H,v17_reused,0.19000580961738978,0
0.3,0.0,0.0,1.0,0.0,0.0,0.6667,0.0,v18_1821,1,M,corpus_expansion_5000,0.8963515588503678,1
0.0,0.0,0.0,0.0,0.0,0.3333,0.0,0.4495,v18_1494,1,M,corpus_expansion_5000,0.17427957344768993,0
0.3,0.0,0.0,0.5,0.553,0.0,0.0,0.0,v18_2401,1,M,corpus_expansion_5000,0.7916663041813066,1
0.0,0.0,0.0,0.45,0.0,0.0,0.6667,0.0,v18_1232,1,M,corpus_expansion_5000,0.2811603874862428,0
0.3,0.0,0.0,0.8,0.0,0.0,0.0,0.3627,v18_2661,1,L,corpus_expansion_5000,0.7883686200024725,1
0.0,0.0,0.0,0.0,0.4533,0.3333,0.0,0.3789,v18_4100,0,M,corpus_expansion_5000,0.25754645168359463,0
0.0,0.0,0.0,0.0,0.3551,0.0,0.0,0.0,v18_4573,0,M,corpus_expansion_5000,0.13302942920409266,0
0.0,0.0,0.0,0.25,0.0,0.0,0.0,0.0,v18_1153,1,M,corpus_expansion_5000,0.1476023763660605,0
0.0,0.0,0.0,0.3,0.2226,0.3333,0.0,0.8305,v18_3848,0,M,corpus_expansion_5000,0.32390364057766474,0
0.0,0.0,0.3755,1.0,0.3755,0.0,0.0,0.6688,v18_0057,0,H,new_low_w0_pany,0.5674235205465895,1
0.0,0.0,0.0,0.1,0.7732,0.0,0.0,0.0,v18_4104,0,M,corpus_expansion_5000,0.22816089638334605,0
0.0,0.0,0.0,0.9,0.0,0.6667,0.0,0.0,v18_4288,0,M,corpus_expansion_5000,0.7384126165357974,1
0.0,0.0,0.0,0.1,0.0,0.0,0.0,0.5436,v18_4945,0,L,corpus_expansion_5000,0.1092776579934105,0
0.0,0.0,0.0,0.2,0.0,0.0,0.0,0.9405,v18_1735,1,M,corpus_expansion_5000,0.1272227347507784,0
0.0,0.0,0.0,0.1,0.0,0.0,0.0,0.3138,v18_2196,1,M,corpus_expansion_5000,0.11097829647447624,0
0.0,0.0,0.0,0.8,0.0,0.0,0.0,0.8987,v18_3553,0,H,corpus_expansion_5000,0.32996359519190616,0
0.0,0.0,0.0,0.45,0.0,0.0,0.0,0.4866,v18_2475,1,L,corpus_expansion_5000,0.2001218854158135,0
0.0,0.0,0.0,0.1,0.0,0.0,0.0,0.7478,v18_2564,1,M,corpus_expansion_5000,0.10778570024790972,0
0.0,0.0,0.0,0.0,0.0,0.0,0.0,0.991,v18_3158,0,H,corpus_expansion_5000,0.08832184758879601,0
0.0,0.0,0.0,0.8,0.4119,0.0,0.0,0.0,v18_4034,0,M,corpus_expansion_5000,0.45168423310243294,1
0.0,0.0,0.1997,0.3,0.1997,0.0,0.0,0.0,v18_3655,0,M,corpus_expansion_5000,0.2049229717609723,0
0.0,0.0,0.0,0.6,0.0,0.3333,0.0,0.0,v18_0707,0,H,v17_reused,0.4237456057776692,1
0.0,0.0,0.0,1.0,0.0,0.0,0.0,0.0,v18_4280,0,M,corpus_expansion_5000,0.4413369854724032,1
0.0,0.0,0.0,1.0,0.0,1.0,0.0,0.9643,v18_1093,1,M,corpus_expansion_5000,0.8704673669009162,1
0.0,0.0,0.0,0.0,0.2197,0.0,0.0,0.5436,v18_4839,0,L,corpus_expansion_5000,0.11281571417935864,0
0.0,0.0,0.0,0.0,0.0,0.0,0.0,0.0,v18_1376,1,H,corpus_expansion_5000,0.0945363922261271,0
0.3,0.2,0.0,0.2,0.2986,0.0,0.0,0.0,v18_4913,0,L,corpus_expansion_5000,0.6651112355801494,1
0.0,0.0,0.0,1.0,0.3566,0.0,0.0,0.2908,v18_0072,1,H,new_high_w1_pany,0.5321943781772452,1
0.0,0.0,0.0,0.5,0.6205,0.0,0.0,0.0,v18_1922,1,M,corpus_expansion_5000,0.36012890746596027,0
0.0,0.0,0.0,0.0,0.0,0.0,0.0,0.4167,v18_3173,0,H,corpus_expansion_5000,0.09187691395759763,0
0.3,0.2,0.8384,0.0,0.2293,0.0,0.0,0.1849,v18_1764,1,M,corpus_expansion_5000,0.6290657299875427,1
0.0,0.0,0.0,0.3,0.0,0.5833,0.0,0.7671,v18_0743,0,H,new_mid_w0_p0,0.39674450760916474,0
0.0,0.0,0.2439,0.3,0.1305,0.0,0.0,0.2811,v18_4318,0,M,corpus_expansion_5000,0.19242085675357315,0
0.0,0.0,0.5561,0.1,0.0,0.6667,0.6667,0.0,v18_1005,1,M,corpus_expansion_5000,0.512904266325486,1
0.0,0.0,0.2681,0.0,0.0,0.0,0.0,0.9122,v18_2668,1,M,corpus_expansion_5000,0.09788621065693666,0
0.0,0.0,0.0,0.8,0.0,0.3333,0.0,0.0,v18_1190,1,M,corpus_expansion_5000,0.5243130518360242,1
0.0,0.0,0.0,0.7,0.0,0.0,0.0,0.7994,v18_4631,0,L,corpus_expansion_5000,0.28838855245927025,0
0.0,0.0,0.0,0.0,0.0,0.0,0.0,0.8174,v18_2601,1,M,corpus_expansion_5000,0.08938317125769121,0
0.0,0.0,0.0,0.3,0.0,0.3333,0.0,0.4971,v18_1125,1,H,corpus_expansion_5000,0.2784681652098623,0
0.0,0.0,0.0,0.4,0.0,0.0,0.0,0.2564,v18_1241,1,H,corpus_expansion_5000,0.18704371579133555,0
0.0,0.0,0.7623,0.6,0.0,0.0,0.0,0.7671,v18_4606,0,M,corpus_expansion_5000,0.31050865309168685,0
0.0,0.0,0.5065,0.2,0.0,0.0,0.0,0.8856,v18_4130,0,M,corpus_expansion_5000,0.15204297175855241,0
0.0,0.0,0.0,0.5,0.8206,0.0,0.0,0.0,v18_3442,0,H,corpus_expansion_5000,0.411482441189094,0
0.3,0.0,0.0,0.0,0.4509,1.0,0.0,0.7579,v18_0998,1,M,corpus_expansion_5000,0.9144211892140391,1
0.0,0.0,0.0,0.8,0.0,0.0,0.0,0.0,v18_3386,0,H,corpus_expansion_5000,0.3451374483123983,0
0.0,0.0,0.0,0.35,0.0,0.0,0.8,0.4866,v18_2684,1,L,corpus_expansion_5000,0.25051980012485775,0
0.0,0.0,0.0,0.7,0.0,0.0,0.0,0.346,v18_1577,1,M,corpus_expansion_5000,0.2954657658858615,0
0.0,0.0,0.0,0.8,0.0,0.3333,0.0,0.8896,v18_4790,0,M,corpus_expansion_5000,0.5075367006296455,1
0.8,0.0,0.3789,0.9,0.0,0.3333,0.0,0.0,v18_1826,1,M,corpus_expansion_5000,0.9967938937574276,1
0.0,0.0,0.6055,0.0,0.0,0.0,0.0,0.3557,v18_3292,0,H,corpus_expansion_5000,0.11468735773332997,0
0.0,0.0,0.0,0.45,0.0,0.0,0.0,0.0,v18_4989,0,M,corpus_expansion_5000,0.2060688837501653,0
0.0,0.0,0.0,0.0,0.0,0.0,0.0,0.0,v18_3536,0,H,corpus_expansion_5000,0.0945363922261271,0
0.0,0.0,0.9702,0.4,0.0,0.3333,0.0,0.8544,v18_0440,0,H,v17_reused,0.40420522816205934,0
0.0,0.0,0.2751,0.0,0.0,0.0,0.0,0.7802,v18_4951,0,L,corpus_expansion_5000,0.09901991165191992,0
0.0,0.0,0.0,1.0,0.0,0.0,0.0,0.0,v18_1100,1,H,corpus_expansion_5000,0.4413369854724032,1
0.0,0.0,0.0,0.9,0.4179,0.0,0.0,0.0,v18_4010,0,M,corpus_expansion_5000,0.503752460316267,1
0.0,0.0,0.0,0.85,0.0,0.3333,0.0,0.4866,v18_3058,0,H,corpus_expansion_5000,0.5403541962581928,1
0.0,0.0,0.3581,0.5,0.0,0.3333,0.0,0.2896,v18_0649,0,H,new_mid_w1_p0,0.4041540771159923,0
0.0,0.0,0.0,0.3,0.0,0.0,0.0,0.6452,v18_1546,1,M,corpus_expansion_5000,0.15432577563227529,0
0.3,0.2,0.0,0.2,0.4514,0.3333,0.0,0.3164,v18_4756,0,M,corpus_expansion_5000,0.8271771463484293,1
0.0,0.0,0.0,1.0,0.0,0.0,0.0,0.0,v18_3560,0,H,corpus_expansion_5000,0.4413369854724032,1
0.0,0.0,0.0,0.2,0.0,0.3333,0.0,0.0,v18_3886,0,M,corpus_expansion_5000,0.24658569031706137,0
0.0,0.0,0.0,0.1,0.0,0.3333,0.0,0.0,v18_3741,0,M,corpus_expansion_5000,0.21093841116397974,0
0.0,0.0,0.0,0.35,0.0,0.0,0.0,0.0,v18_0630,0,H,new_mid_w0_p0,0.17491898592996105,0
0.0,0.0,0.0,0.9,0.0,0.0,0.0,0.0,v18_0672,0,H,new_mid_w1_p0,0.3921913672632442,0
0.0,0.0,0.0,0.3,0.4631,0.0,0.0,0.3789,v18_1249,1,H,corpus_expansion_5000,0.23526289644255935,0
0.0,0.0,0.0,0.1,0.0,0.3333,0.0,0.8511,v18_0482,0,H,v17_reused,0.2004393543471411,0
0.0,0.0,0.0,0.2,0.7706,0.0,0.0,0.3706,v18_1584,1,M,corpus_expansion_5000,0.25977115712180604,0
0.0,0.0,0.0,0.0,0.0,0.0,0.0,0.0,v18_3074,0,H,corpus_expansion_5000,0.0945363922261271,0
0.0,0.0,0.0,1.0,0.5654,0.0,0.0,0.0,v18_4627,0,M,corpus_expansion_5000,0.5932250523397576,1
0.0,0.0,0.0,0.7,0.4273,0.0,0.0,0.0,v18_3038,0,H,corpus_expansion_5000,0.4062372331714841,0
0.0,0.0,0.0,0.0,0.4732,0.0,0.0,0.827,v18_1462,1,M,corpus_expansion_5000,0.14077913118511898,0
0.0,0.0,0.0,0.8,0.0,0.0,0.0,0.0,v18_3929,0,M,corpus_expansion_5000,0.3451374483123983,0
0.0,0.0,0.0,1.0,0.2305,0.6667,0.0,0.0,v18_3621,0,M,corpus_expansion_5000,0.8160832554618632,1
0.0,0.0,0.0,0.0,0.0,0.0,0.8333,0.3988,v18_2578,1,M,corpus_expansion_5000,0.14466988652845666,0
0.0,0.0,0.0,0.2,0.3039,0.0,0.0,0.0,v18_3801,0,M,corpus_expansion_5000,0.1786963561071556,0
0.0,0.0,0.0,0.5,0.0,0.3333,0.0,0.0,v18_0049,1,H,new_mid_w1_p1,0.3752431354790696,0
0.0,0.0,0.0,0.6,0.4327,0.0,0.0,0.0,v18_4289,0,M,corpus_expansion_5000,0.35983971569390666,0
0.0,0.0,0.0,0.0,0.3028,0.3333,0.0,0.5117,v18_3344,0,H,corpus_expansion_5000,0.2258363105089098,0
0.5,0.0,0.0,0.3,0.0,0.0,0.0,0.2859,v18_0858,1,H,corpus_expansion_5000,0.8363137264123707,1
0.0,0.0,0.0,0.45,0.0,1.0,0.0,0.7364,v18_1072,1,M,corpus_expansion_5000,0.6919516371556733,1
0.0,0.0,0.0,0.7,0.0,0.3333,0.0,0.0,v18_0719,1,H,new_mid_w1_p1,0.4737632500619631,1
0.0,0.0,0.0,0.5,0.4921,0.0,0.0,0.6443,v18_3717,0,M,corpus_expansion_5000,0.31806431815437947,0
0.0,0.0,0.0,0.5,0.0,0.0,0.0,0.0,v18_2631,1,L,corpus_expansion_5000,0.22311587068072297,0
0.0,0.0,0.5654,1.0,0.0,0.0,0.0,0.8647,v18_4873,0,M,corpus_expansion_5000,0.48138094136318915,1
0.3,0.6667,0.0,0.6,0.5248,0.0,0.0,0.0,v18_1660,1,M,corpus_expansion_5000,0.9078128056746031,1
0.0,0.0,0.146,0.0,0.0,0.0,0.0,0.8947,v18_1656,1,M,corpus_expansion_5000,0.0937628259448719,0
0.0,0.0,0.0,0.9,0.0,0.0,0.0,0.4289,v18_2425,1,M,corpus_expansion_5000,0.3844980486213314,0
0.0,0.0,0.0,0.8,0.0,0.0,0.0,0.5213,v18_3524,0,H,corpus_expansion_5000,0.33629486718990503,0
0.0,0.0,0.0,1.0,0.4812,0.0,0.0,0.0,v18_4229,0,M,corpus_expansion_5000,0.5710208602957528,1
0.0,0.0,0.0,0.8,0.0,0.0,0.0,0.4515,v18_4974,0,H,corpus_expansion_5000,0.33747238966215126,0
0.0,0.0,0.0,0.2,0.3521,0.0,0.0,0.4883,v18_3309,0,H,corpus_expansion_5000,0.18096583763934457,0
0.0,0.0,0.0,0.0,0.0,0.0,0.0,0.0,v18_4476,0,H,corpus_expansion_5000,0.0945363922261271,0
0.0,0.0,0.0,0.4,0.2539,1.0,0.0,0.11,v18_3305,0,H,corpus_expansion_5000,0.7370468097254962,1
0.0,0.0,0.0,0.6,0.0,0.0,0.0,0.392,v18_4751,0,M,corpus_expansion_5000,0.25448560438951845,0
0.0,0.0,0.0,0.1,0.8722,0.0,0.0,0.0,v18_4126,0,M,corpus_expansion_5000,0.24761344256259343,0
0.0,0.0,0.6142,1.0,0.0,0.3333,0.0,0.0,v18_2606,1,M,corpus_expansion_5000,0.678775908126804,1
0.3,0.0,0.0,0.0,0.3141,0.0,0.0,0.0,v18_1385,1,M,corpus_expansion_5000,0.5160200915338359,1
0.0,0.0,0.0,0.1,0.0,0.0,0.875,0.0,v18_3835,0,M,corpus_expansion_5000,0.1796242080814432,0
0.0,0.0,0.0,0.4,0.0,0.0,0.0,0.9639,v18_1399,1,M,corpus_expansion_5000,0.17905498194232122,0
0.0,0.0,0.0,0.55,0.0,0.0,0.0,0.0,v18_1195,1,H,corpus_expansion_5000,0.2411447352040636,0
0.0,0.0,0.0,0.3,0.0,0.0,0.8571,0.9665,v18_1408,1,H,corpus_expansion_5000,0.23180488811093758,0
0.0,0.0,0.0,0.0,0.0,0.0,0.0,0.0,v18_3824,0,H,corpus_expansion_5000,0.0945363922261271,0
0.0,0.0,0.0,0.0,0.0,0.0,0.0,0.8011,v18_1798,1,M,corpus_expansion_5000,0.08948341170648799,0
0.0,0.0,0.0,0.15,0.0,0.3333,0.0,0.0,v18_1475,1,M,corpus_expansion_5000,0.22827240588175038,0
0.0,0.0,0.029,0.0,0.4607,1.0,0.0,0.0897,v18_4965,0,M,corpus_expansion_5000,0.612674012772604,1
0.0,0.0,0.0,0.0,0.0,0.0,0.0,0.0,v18_0035,0,H,v17_reused,0.0945363922261271,0
0.5,0.0,0.0,0.0,0.0,0.3333,0.0,0.2992,v18_3541,0,H,corpus_expansion_5000,0.8533025734070446,1
0.0,0.0,0.0,1.0,0.0,0.6667,0.0,0.0,v18_2345,1,L,corpus_expansion_5000,0.7755826087477349,1
0.0,0.0,0.0,0.7,0.1876,0.0,0.0,0.2788,v18_4678,0,L,corpus_expansion_5000,0.34062765821255026,0
0.0,0.0,0.6949,0.0,0.2113,0.0,0.0,0.8718,v18_2359,1,M,corpus_expansion_5000,0.13970056657254468,0
0.0,0.0,0.6069,0.0,0.2082,0.3333,0.0,0.3067,v18_2206,1,M,corpus_expansion_5000,0.2542805495288393,0
0.0,0.0,0.0,0.8,0.488,0.0,0.0,0.7322,v18_3767,0,M,corpus_expansion_5000,0.4584341853540602,1
0.0,0.0,0.0,0.35,0.0,0.0,0.0,0.0,v18_1286,1,M,corpus_expansion_5000,0.17491898592996105,0
0.0,0.0,0.0,0.0,0.384,0.3333,0.75,0.0,v18_0349,0,H,new_mid_w1_p0,0.34434784309837824,0
0.0,0.0,0.0,0.0,0.0,0.0,0.8,0.8664,v18_2137,1,L,corpus_expansion_5000,0.1379018591530682,0
0.0,0.0,0.0,0.2,0.0,0.0,0.0,0.0,v18_2691,1,M,corpus_expansion_5000,0.1353199798207458,0
0.0,0.0,0.0,0.45,0.0,0.0,1.0,0.0,v18_4560,0,L,corpus_expansion_5000,0.32438175186790896,0
0.0,0.0,0.0,0.0,0.0,0.0,0.75,0.0,v18_3967,0,M,corpus_expansion_5000,0.14207605798813674,0
0.0,0.0,0.0,0.0,0.0,0.0,0.0,0.8868,v18_1681,1,M,corpus_expansion_5000,0.08895751328485209,0
0.0,0.0,0.0,0.4,0.168,0.3333,0.0,0.3544,v18_4834,0,L,corpus_expansion_5000,0.3642962781840987,0
0.0,0.0,0.0,0.7,0.0,0.0,0.0,0.9046,v18_1443,1,M,corpus_expansion_5000,0.28676094612955483,0
0.0,0.0,0.0,0.4,0.1937,0.0,0.0,0.0,v18_3243,0,H,corpus_expansion_5000,0.2244451184529892,0
0.0,0.0,0.0,0.0,0.0,0.0,0.0,0.0,v18_1671,1,M,corpus_expansion_5000,0.0945363922261271,0
0.0,0.0,0.0,0.8,0.0,0.0,0.0,0.0,v18_3836,0,M,corpus_expansion_5000,0.3451374483123983,0
0.0,0.0,0.0,0.0,0.0,0.0,0.0,0.5677,v18_1179,1,M,corpus_expansion_5000,0.09092991089845483,0
0.0,0.0,0.0,0.0,0.0,0.3333,0.8333,0.0,v18_2798,1,M,corpus_expansion_5000,0.2671549948850173,0
0.0,0.0,0.0,0.0,0.0,0.3333,0.0,0.0,v18_1692,1,M,corpus_expansion_5000,0.17921858498670093,0
0.0,0.0,0.0,0.6,0.0,1.0,0.0,0.0,v18_3956,0,M,corpus_expansion_5000,0.7628608656713506,1
0.0,0.0,0.5654,0.55,0.0,0.0,0.0,0.0,v18_0372,0,H,v17_reused,0.28498087863971905,0
0.0,0.0,0.0,0.1,0.0,0.0,0.0,0.0,v18_3610,0,M,corpus_expansion_5000,0.1133379569328199,0
0.0,0.0,0.0,0.05,0.0,0.0,0.8333,0.0,v18_1916,1,M,corpus_expansion_5000,0.16168680577550357,0
0.0,0.0,0.0,0.0,0.0,0.0,0.0,0.9528,v18_1357,1,H,corpus_expansion_5000,0.08855440665785252,0
0.0,0.0,0.0,0.3,0.0,0.0,0.0,0.0,v18_1825,1,M,corpus_expansion_5000,0.16079228470839807,0
0.0,0.0,0.8641,0.2,0.0,0.0,0.0,0.901,v18_0786,1,H,new_mid_w1_p1,0.17128352031931837,0
0.0,0.0,0.0,0.3,0.0,0.0,0.0,0.0,v18_0469,0,H,v17_reused,0.16079228470839807,0
0.0,0.0,0.0,0.0,0.3929,0.3333,0.75,0.0,v18_0140,0,H,v17_reused,0.34652982663798376,0
0.0,0.0,0.0,0.6,0.0,0.0,0.6667,0.0,v18_0788,0,H,new_low_w0_pany,0.3463427344564606,0
0.0,0.0,0.0,0.4,0.4606,0.0,0.0,0.0,v18_0323,0,H,v17_reused,0.27877354282023104,0
0.0,0.0,0.0,0.9,0.0,0.3333,0.0,0.5723,v18_0050,0,H,v17_reused,0.5637715554051462,1
0.0,0.0,0.0,0.9,0.0,1.0,0.8,0.0,v18_0714,1,H,new_high_w1_pany,0.9061586862959701,1
0.0,0.0,0.0,0.3,0.4179,0.0,0.0,0.0,v18_4889,0,M,corpus_expansion_5000,0.23161318964380054,0
0.0,0.0,0.8111,0.35,0.0,0.0,0.0,0.7364,v18_2840,1,L,corpus_expansion_5000,0.2172433855537376,0
0.0,0.0,0.0,0.4,0.0,0.0,0.0,0.0,v18_2446,1,M,corpus_expansion_5000,0.19000580961738978,0
0.0,0.0,0.0,0.0,0.3107,0.0,0.0,0.0,v18_4813,0,M,corpus_expansion_5000,0.12757451114099105,0
0.0,0.0,0.0,0.0,0.1988,0.3333,0.0,0.1594,v18_4419,0,L,corpus_expansion_5000,0.2111290296533344,0
0.0,0.0,0.0,0.6,0.0,0.0,0.0,0.0,v18_4596,0,M,corpus_expansion_5000,0.2601425988962303,0
0.0,0.15,0.0,0.0,0.1704,0.0,0.0,0.0,v18_3015,0,H,corpus_expansion_5000,0.1302086951041152,0
0.0,0.0,0.0,0.0,0.0,0.0,0.0,0.9435,v18_2666,1,M,corpus_expansion_5000,0.0886111080637226,0
0.0,0.0,0.0,0.3,0.0,0.0,0.0,0.2859,v18_0406,0,H,new_low_w0_pany,0.15790022315326568,0
0.0,0.0,0.0,0.3,0.7553,0.0,0.0,0.0,v18_3724,0,M,corpus_expansion_5000,0.3029290143865458,0
0.0,0.0,0.0,0.1,0.0,0.0,0.0,0.0,v18_1004,1,M,corpus_expansion_5000,0.1133379569328199,0
0.0,0.0,0.0,0.0,0.0,0.0,0.0,0.0,v18_3787,0,H,corpus_expansion_5000,0.0945363922261271,0
0.0,0.0,0.0,0.0,0.0,0.0,0.0,0.2946,v18_0890,1,M,corpus_expansion_5000,0.09264914195841377,0
0.0,0.0,0.0,0.95,0.5654,0.3333,0.0,0.0,v18_2411,1,M,corpus_expansion_5000,0.7337903366300128,1
0.0,0.0,0.0,0.3,0.0,0.0,0.0,0.8431,v18_2545,1,L,corpus_expansion_5000,0.15238539930773548,0
0.0,0.0,0.1831,0.4,0.4549,0.3333,0.0,0.0,v18_4833,0,M,corpus_expansion_5000,0.4636732487173709,1
0.0,0.0,0.0,0.3,0.0,0.0,0.0,0.0,v18_2390,1,M,corpus_expansion_5000,0.16079228470839807,0
0.0,0.0,0.0,0.4,0.5155,0.0,0.6667,0.0,v18_3940,0,H,corpus_expansion_5000,0.38202705527411746,0
0.0,0.0,0.8111,0.05,0.0,0.0,0.0,0.7294,v18_0042,0,H,v17_reused,0.13142789600884267,0
0.0,0.0,0.0,0.25,0.0,0.0,0.0,0.9619,v18_2830,1,M,corpus_expansion_5000,0.1386950652494771,0
0.0,0.0,0.0,0.7,0.0,0.0,0.0,0.0,v18_3965,0,H,corpus_expansion_5000,0.30093381222399707,0
0.0,0.0,0.0,0.35,0.0,0.0,0.0,0.0,v18_0303,1,H,new_mid_w1_p1,0.17491898592996105,0
0.0,0.0,0.0,0.25,0.0,0.3333,0.75,0.0,v18_4513,0,M,corpus_expansion_5000,0.3648418164228565,0
0.0,0.0,0.0,0.4,0.0,0.0,0.0,0.9205,v18_3747,0,M,corpus_expansion_5000,0.179537253158865,0
0.0,0.0,0.0,1.0,0.0,0.3333,0.0,0.0,v18_0664,0,H,new_mid_w0_p0,0.6229465733397762,1
0.0,0.0,0.334,0.6,0.0,0.3333,0.0,0.8498,v18_1177,1,M,corpus_expansion_5000,0.44083505940892936,1
0.0,0.0,0.0,0.0,0.1902,0.0,0.0,0.0,v18_2676,1,L,corpus_expansion_5000,0.11372618185194458,0
0.0,0.0,0.0,0.1,0.0,0.0,0.0,0.0,v18_1947,1,M,corpus_expansion_5000,0.1133379569328199,0
0.0,0.0,0.0,0.4,0.574,0.0,0.0,0.0,v18_2501,1,L,corpus_expansion_5000,0.30415359576925877,0
0.0,0.0,0.0,0.0,0.0,0.0,0.0,0.8579,v18_1473,1,M,corpus_expansion_5000,0.08913454584987869,0
0.0,0.0,0.0,0.0,0.0,0.0,0.0,0.0,v18_3483,0,H,corpus_expansion_5000,0.0945363922261271,0
0.0,0.0,0.0,0.0,0.1367,0.3333,0.0,0.3711,v18_3520,0,H,corpus_expansion_5000,0.19758548633208034,0
0.3,0.0,0.0,0.1,0.0,0.6667,0.0,0.3676,v18_2132,1,M,corpus_expansion_5000,0.798023576850161,1
0.0,0.0,0.3499,0.2,0.0,1.0,0.8,0.5727,v18_1026,1,M,corpus_expansion_5000,0.7207007827830503,1
0.3,0.0,0.0,0.3,0.0,0.0,0.0,0.827,v18_0961,1,H,corpus_expansion_5000,0.566649730988184,1
0.0,0.0,0.0,0.0,0.0,0.6667,0.0,0.0,v18_2889,1,M,corpus_expansion_5000,0.31354072118734344,0
0.0,0.0,0.0,0.0,0.0,0.0,0.0,0.1117,v18_3134,0,H,corpus_expansion_5000,0.09381680697207442,0
0.0,0.0,0.0,0.25,0.0,0.0,0.6667,0.4866,v18_2009,1,L,corpus_expansion_5000,0.20097616948019106,0
0.0,0.0,0.0,0.0,0.0,0.3333,0.0,0.7712,v18_2149,1,L,corpus_expansion_5000,0.17081116047874473,0
0.0,0.0,0.0,0.3,0.0,0.0,0.0,0.0,v18_3323,0,H,corpus_expansion_5000,0.16079228470839807,0
0.0,0.0,0.0,0.0,0.0,0.0,0.0,0.2247,v18_2338,1,M,corpus_expansion_5000,0.09309384707654392,0
0.0,0.0,0.0,0.9,0.0,0.0,0.0,0.0,v18_3888,0,M,corpus_expansion_5000,0.3921913672632442,0
0.0,0.0,0.0,0.6,0.0,0.0,0.0,0.0,v18_0304,0,H,new_mid_w0_p1,0.2601425988962303,0
0.0,0.0,0.0,1.0,0.0,0.3333,0.6667,0.0,v18_1440,1,H,corpus_expansion_5000,0.7134393218065029,1
0.0,0.0,0.8259,0.2,0.0,0.5833,0.0,0.9174,v18_1496,1,M,corpus_expansion_5000,0.42509906497005717,1
0.0,0.0,0.0,0.1,0.0,0.0,0.0,0.0,v18_2652,1,M,corpus_expansion_5000,0.1133379569328199,0
0.0,0.0,0.7392,0.6,0.3611,0.0,0.0,0.0,v18_2875,1,M,corpus_expansion_5000,0.4115563896977272,0
0.0,0.0,0.0,0.0,0.0,0.3333,0.75,0.9713,v18_0916,1,M,corpus_expansion_5000,0.24348059532773988,0
0.0,0.0,0.0,0.0,0.0,0.0,0.0,0.0,v18_4182,0,M,corpus_expansion_5000,0.0945363922261271,0
0.0,0.0,0.0,0.8,0.0,0.0,0.0,0.0,v18_3721,0,M,corpus_expansion_5000,0.3451374483123983,0
0.0,0.0,0.2835,0.0,0.2835,0.0,0.6667,0.5422,v18_2772,1,M,corpus_expansion_5000,0.18704031653185355,0
0.0,0.0,0.0,0.3,0.0,0.0,0.6667,0.2374,v18_1624,1,M,corpus_expansion_5000,0.22093957191103689,0
0.0,0.0,0.0,0.0,0.0,0.0,0.0,0.2896,v18_3837,0,M,corpus_expansion_5000,0.09268088860926034,0
0.0,0.0,0.0,0.6,0.0,0.0,0.0,0.8856,v18_0821,1,M,corpus_expansion_5000,0.2474785961551683,0
0.0,0.0,0.0,0.6,0.0,0.0,0.0,0.0,v18_3964,0,M,corpus_expansion_5000,0.2601425988962303,0
0.0,0.0,0.0,0.35,0.0,0.0,0.0,0.0,v18_1354,1,M,corpus_expansion_5000,0.17491898592996105,0
0.0,0.0,0.0,0.6,0.0,0.0,0.0,0.255,v18_4497,0,M,corpus_expansion_5000,0.2564534223817273,0
0.0,0.0,0.8111,0.2,0.5654,0.0,0.0,0.4668,v18_0850,1,M,corpus_expansion_5000,0.27849256903824865,0
0.0,0.0,0.0,0.1,0.0,0.0,0.0,0.7897,v18_1000,1,M,corpus_expansion_5000,0.10748178687737098,0
0.0,0.0,0.0,1.0,0.0,0.0,0.75,0.0,v18_3377,0,H,corpus_expansion_5000,0.55615498640238,1
0.0,0.0,0.0,0.8,0.0,0.3333,0.0,0.3138,v18_0018,0,H,new_high_w1_pany,0.5183996245966117,1
0.0,0.0,0.0,0.0,0.3463,0.6667,0.0,0.6266,v18_1637,1,M,corpus_expansion_5000,0.3880656032218425,0
0.0,0.0,0.0,0.4,0.0,0.0,0.0,0.7936,v18_1667,1,M,corpus_expansion_5000,0.18095321637150846,0
0.0,0.0,0.0,0.4,0.0,0.3333,0.0,0.9475,v18_0493,0,H,v17_reused,0.3135201712520547,0
0.0,0.0,0.0,0.1,0.0,0.0,0.0,0.0,v18_1347,1,M,corpus_expansion_5000,0.1133379569328199,0
0.0,0.0,0.0,0.5,0.0,1.0,0.0,0.3768,v18_3727,0,M,corpus_expansion_5000,0.7186148953613114,1
0.0,0.0,0.2647,0.5,0.0,0.3333,0.0,0.0,v18_4825,0,L,corpus_expansion_5000,0.4004148719907984,0
0.0,0.0,0.0,0.1,0.3596,0.0,0.0,0.0,v18_3614,0,M,corpus_expansion_5000,0.15880012613761846,0
0.0,0.0,0.0,0.0,0.0,0.3333,0.0,0.2217,v18_3481,0,H,corpus_expansion_5000,0.17676904543853578,0
0.0,0.0,0.61,0.1,0.0,0.0,0.0,0.6688,v18_0687,1,H,new_mid_w1_p1,0.13433049655688195,0
0.0,0.0,0.0,0.2,0.6079,0.0,0.0,0.0,v18_3731,0,H,corpus_expansion_5000,0.23226173676668999,0
0.0,0.0,0.0,0.3,0.0,0.0,0.0,0.923,v18_1608,1,M,corpus_expansion_5000,0.1516076820149115,0
0.0,0.0,0.0,0.0,0.0,0.0,0.0,0.356,v18_4084,0,M,corpus_expansion_5000,0.09226008857726449,0
0.0,0.0,0.1408,0.0,0.0731,0.0,0.0,0.6634,v18_3402,0,H,corpus_expansion_5000,0.10211997827926901,0
0.0,0.0,0.0,0.6,0.0,1.0,0.6667,0.0,v18_1009,1,H,corpus_expansion_5000,0.8289922386607282,1
0.0,0.0,0.0,0.0,0.6142,0.0,0.0,0.8276,v18_2408,1,M,corpus_expansion_5000,0.16030025523256217,0
0.0,0.0,0.0,0.15,0.0,0.5833,0.8,0.0,v18_1092,1,M,corpus_expansion_5000,0.45695316866104163,1
1.0,0.0,0.0,0.0,0.0,0.3333,0.0,0.4798,v18_1327,1,H,corpus_expansion_5000,0.9936447029379689,1
0.0,0.0,0.0,0.5,0.0,0.0,0.0,0.0,v18_1677,1,M,corpus_expansion_5000,0.22311587068072297,0
0.0,0.0,0.0,0.0,0.0,0.0,0.0,0.0,v18_1999,1,L,corpus_expansion_5000,0.0945363922261271,0
0.0,0.0,0.0,0.7,0.4656,0.0,0.0,0.0,v18_1310,1,M,corpus_expansion_5000,0.4162918217506515,0
0.0,0.0,0.2305,0.0,0.0,0.0,0.0,0.1855,v18_3258,0,H,corpus_expansion_5000,0.10145866979272927,0
0.0,0.0,0.0,0.4,0.7225,0.0,0.0,0.6195,v18_1987,1,L,corpus_expansion_5000,0.32885607572943965,0
0.0,0.0,0.0,0.5,0.3875,1.0,0.0,0.0,v18_3648,0,M,corpus_expansion_5000,0.7999872051082617,1
0.0,0.0,0.0,0.0,0.0,0.0,0.0,0.0,v18_0344,0,H,new_mid_w0_p0,0.0945363922261271,0
0.0,0.0,0.0,0.5,0.0,0.0,0.0,0.2167,v18_4482,0,M,corpus_expansion_5000,0.2202921804174737,0
0.0,0.0,0.0,1.0,0.0,0.9167,0.0,0.0,v18_0986,1,M,corpus_expansion_5000,0.857358402957619,1
0.0,0.0,0.0,0.9,0.0,0.0,0.0,0.0,v18_4544,0,L,corpus_expansion_5000,0.3921913672632442,0
0.0,0.0,0.0,0.0,0.0,0.0,0.0,0.0,v18_3807,0,H,corpus_expansion_5000,0.0945363922261271,0
0.0,0.0,0.334,0.5,0.0,0.3333,0.0,0.9418,v18_4523,0,M,corpus_expansion_5000,0.39005198395457485,0
0.0,0.0,0.0,0.0,0.6959,0.0,0.0,0.0,v18_4002,0,M,corpus_expansion_5000,0.18169401678403652,0
0.0,0.0,0.0,0.0,0.1769,0.0,0.0,0.1418,v18_3091,0,H,corpus_expansion_5000,0.11121782421578802,0
0.0,0.0,0.0,0.6,0.3414,0.0,0.0,0.1528,v18_3961,0,M,corpus_expansion_5000,0.33479127664861597,0
0.0,0.0,0.0,0.35,0.0,0.3333,0.0,0.7364,v18_1142,1,H,corpus_expansion_5000,0.29547122136686543,0
0.0,0.0,0.0,0.7,0.0,0.0,0.0,0.0,v18_2358,1,M,corpus_expansion_5000,0.30093381222399707,0
0.0,0.0,0.0,0.0,0.0,0.3333,0.0,0.7062,v18_1198,1,M,corpus_expansion_5000,0.17150751268632555,0
0.0,0.0,0.0,0.0,0.0,0.3333,0.0,0.0,v18_0085,0,H,new_mid_w0_p0,0.17921858498670093,0
0.3,0.0,0.0,0.5,0.0,0.0,0.0,0.0,v18_1518,1,M,corpus_expansion_5000,0.6759874883291183,1
0.0,0.0,0.0,0.0,0.0,0.0,0.0,0.0,v18_0516,0,H,v17_reused,0.0945363922261271,0
0.0,0.0,0.0,0.2,0.4949,0.0,0.0,0.0,v18_1381,1,H,corpus_expansion_5000,0.21113332559758566,0
0.0,0.0,0.0,0.3,0.0,0.0,0.0,0.4606,v18_2716,1,M,corpus_expansion_5000,0.15615391165301176,0
0.0,0.0,0.0,0.9,0.0,0.0,0.0,0.0,v18_3084,0,H,corpus_expansion_5000,0.3921913672632442,0
0.0,0.0,0.0,0.75,0.0,0.0,0.0,0.4866,v18_1014,1,M,corpus_expansion_5000,0.3146615032205769,0
0.0,0.0,0.0,0.2,0.0,0.0,0.0,0.4184,v18_0128,0,H,v17_reused,0.13166536003795398,0
0.5,0.0,0.0,0.7,0.0,0.0,0.0,0.7817,v18_1364,1,M,corpus_expansion_5000,0.9170634400849348,1
0.0,0.0,0.0,0.1,0.4707,0.0,0.0,0.0,v18_3623,0,M,corpus_expansion_5000,0.17556057585665213,0
0.0,0.0,0.0,0.35,0.0,0.0,0.0,0.0,v18_4970,0,L,corpus_expansion_5000,0.17491898592996105,0
0.0,0.0,0.5355,0.1,0.0,0.0,0.0,0.8657,v18_0891,1,H,corpus_expansion_5000,0.12921497622897038,0
0.0,0.0,0.0,0.4,0.0,0.0,0.0,0.5232,v18_2793,1,M,corpus_expansion_5000,0.18399935453925217,0
0.0,0.0,0.0,0.6,0.0,0.0,0.0,0.5136,v18_4238,0,M,corpus_expansion_5000,0.2527473384693233,0
0.0,0.0,0.0,0.0,0.0,0.3333,0.0,0.9517,v18_1359,1,M,corpus_expansion_5000,0.1688892184147768,0
0.0,0.0,0.0,0.7,0.3596,0.0,0.0,0.0,v18_0307,0,H,new_mid_w0_p0,0.3886600208139076,0
0.0,0.0,0.0,0.1,0.0,0.6667,0.0,0.0,v18_1661,1,M,corpus_expansion_5000,0.3586461204198161,0
0.0,0.0,0.0,0.35,0.0,0.0,0.75,0.0,v18_2431,1,M,corpus_expansion_5000,0.25164664892226296,0
0.0,0.0,0.0,0.3,0.0,0.0,0.0,0.0,v18_3934,0,H,corpus_expansion_5000,0.16079228470839807,0
0.0,0.0,0.0,0.3,0.0,0.6667,0.0,0.0,v18_1317,1,M,corpus_expansion_5000,0.45598911548315474,1
0.0,0.0,0.0,0.6,0.0,1.0,0.0,0.0,v18_4303,0,M,corpus_expansion_5000,0.7628608656713506,1
0.0,0.0,0.0,0.05,0.0,0.0,0.0,0.0,v18_2474,1,M,corpus_expansion_5000,0.10356039088419995,0
0.0,0.0,0.0,0.0,0.0,0.0,0.0,0.0,v18_2542,1,M,corpus_expansion_5000,0.0945363922261271,0
0.0,0.0,0.0,0.2,0.0,0.0,0.0,0.0,v18_1246,1,M,corpus_expansion_5000,0.1353199798207458,0
0.0,0.0,0.0,0.3,0.0,0.0,0.0,0.7802,v18_1208,1,M,corpus_expansion_5000,0.1529999444070336,0
0.5,0.0,0.0,0.1,0.0,0.0,0.0,0.2883,v18_0216,0,M,new_low_w0_pany,0.7731398223594247,1
0.0,0.0,0.7171,0.8,0.0,0.3333,0.0,0.0,v18_4292,0,M,corpus_expansion_5000,0.5949902477013599,1
0.0,0.0,0.0,0.0,0.1001,1.0,0.0,0.1542,v18_3062,0,H,corpus_expansion_5000,0.5127686169846464,1
0.3,0.0,0.0,0.1,0.2268,0.0,0.0,0.4545,v18_1239,1,M,corpus_expansion_5000,0.5343196303265172,1
0.0,0.0,0.0,0.45,0.0,0.0,0.0,0.0,v18_2289,1,L,corpus_expansion_5000,0.2060688837501653,0
0.0,0.0,0.0,0.3,0.0,1.0,0.8333,0.0,v18_2740,1,M,corpus_expansion_5000,0.7453296568641017,1
0.0,0.0,0.3611,0.8,0.0,0.3333,0.0,0.0,v18_0275,1,H,new_mid_w1_p1,0.5602072154200267,1
0.0,0.0,0.0,0.0,0.0,0.0,0.0,0.0,v18_0489,0,H,v17_reused,0.0945363922261271,0
0.3,0.0,0.0,0.0,0.3007,1.0,1.0,0.2475,v18_1035,1,H,corpus_expansion_5000,0.9458137126631405,1
0.0,0.0,0.0,0.15,0.0,0.0,0.0,0.7364,v18_1229,1,M,corpus_expansion_5000,0.11799929209559501,0
0.0,0.0,0.0,0.55,0.0,0.0,1.0,0.4866,v18_4585,0,M,corpus_expansion_5000,0.36167968966794356,0
0.0,0.0,0.0,0.2,0.0,0.0,0.0,0.0,v18_1008,1,M,corpus_expansion_5000,0.1353199798207458,0
0.0,0.0,0.0,0.3,0.0,1.0,0.0,0.6457,v18_4689,0,M,corpus_expansion_5000,0.625404060151702,1
0.0,0.0,0.0,0.9,0.5478,0.3333,0.0,0.0,v18_4026,0,M,corpus_expansion_5000,0.7096468676471739,1
0.5,0.0,0.0,0.2,0.1358,0.6667,0.0,0.0,v18_3182,0,H,corpus_expansion_5000,0.9557803858825213,1
0.0,0.0,0.0,0.45,0.0,0.0,0.0,0.0,v18_2532,1,M,corpus_expansion_5000,0.2060688837501653,0
0.0,0.0,0.0,0.0,0.3875,0.5833,0.6667,0.5312,v18_4169,0,M,corpus_expansion_5000,0.45558742060634794,1
0.0,0.0,0.0,0.0,0.0,0.3333,0.8,0.1535,v18_1058,1,H,corpus_expansion_5000,0.26092252728168924,0
0.0,0.0,0.0,0.1,0.0,0.0,0.0,0.9084,v18_2166,1,M,corpus_expansion_5000,0.10662490912122989,0
0.0,0.0,0.0,0.8,0.0,0.0,0.75,0.2859,v18_4578,0,L,corpus_expansion_5000,0.44997700126851603,1
0.0,0.0,0.0,0.4,0.0,0.0,0.0,0.8625,v18_0281,0,H,new_mid_w0_p0,0.18018334642021447,0
0.0,0.0,0.0,0.0,0.4453,0.0,0.0,0.089,v18_3565,0,H,corpus_expansion_5000,0.1438895168710474,0
0.0,0.0,0.0,0.2,0.0,0.0,0.0,0.0,v18_1316,1,M,corpus_expansion_5000,0.1353199798207458,0
0.0,0.0,0.0,0.0,0.8234,0.3333,0.6667,0.0,v18_4978,0,M,corpus_expansion_5000,0.4455216645784503,1
0.0,0.0,0.5411,0.6,0.0,0.0,0.0,0.6992,v18_0968,1,M,corpus_expansion_5000,0.29292126276683517,0
0.0,0.0,0.0,0.0,0.0,0.0,0.0,0.0,v18_3126,0,H,corpus_expansion_5000,0.0945363922261271,0
0.0,0.0,0.0,0.2,0.1777,0.0,0.0,0.0,v18_3920,0,M,corpus_expansion_5000,0.15948822064619705,0
0.0,0.0,0.0,0.6,0.0,0.0,0.0,0.0,v18_3166,0,H,corpus_expansion_5000,0.2601425988962303,0
0.0,0.0,0.0,0.9,0.0,0.0,0.0,0.0,v18_3519,0,H,corpus_expansion_5000,0.3921913672632442,0
0.0,0.0,0.0,1.0,0.7117,0.3333,0.0,0.0,v18_0619,0,H,new_low_w0_pany,0.7813849355968113,1
0.0,0.0,0.0,0.8,0.0,0.0,0.0,0.0,v18_3346,0,H,corpus_expansion_5000,0.3451374483123983,0
0.0,0.0,0.0,0.0,0.0,0.0,0.0,0.7515,v18_1742,1,M,corpus_expansion_5000,0.08978906165502865,0
0.0,0.0,0.0,0.3,0.0,0.0,0.0,0.5825,v18_1390,1,M,corpus_expansion_5000,0.1549447378721334,0
0.0,0.0,0.4342,0.3,0.1729,0.3333,0.6667,0.1399,v18_4050,0,M,corpus_expansion_5000,0.4616774322215451,1
0.3,0.0,0.0,0.9,0.7999,0.0,0.0,0.0,v18_1847,1,M,corpus_expansion_5000,0.9177526859220754,1
0.3,0.0,0.0,0.5,0.3061,1.0,0.0,0.0,v18_1579,1,M,corpus_expansion_5000,0.9637693471999705,1
0.5,0.0,0.0,0.0,0.0,0.0,0.0,0.2946,v18_1655,1,M,corpus_expansion_5000,0.7356105907957158,1
0.0,0.0,0.0,0.8,0.0,0.0,0.0,0.0,v18_2352,1,M,corpus_expansion_5000,0.3451374483123983,0
0.0,0.0,0.0,0.2,0.3642,0.0,0.0,0.9142,v18_2212,1,M,corpus_expansion_5000,0.17816048182871552,0
0.0,0.0,0.0,0.2,0.0,0.3333,0.8333,0.0,v18_2020,1,M,corpus_expansion_5000,0.35334675295551243,0
0.5,0.0,0.0,0.4,0.0,0.0,0.0,0.0,v18_4972,0,L,corpus_expansion_5000,0.8647148386764033,1
0.0,0.0,0.0,0.1,0.422,0.0,0.0,0.0,v18_1956,1,M,corpus_expansion_5000,0.16804816347286713,0
0.3,0.0,0.0,0.2,0.0,0.6667,0.0,0.0,v18_1307,1,M,corpus_expansion_5000,0.8325933756623927,1
0.0,0.0,0.2903,0.2,0.0,0.0,0.0,0.9862,v18_2003,1,M,corpus_expansion_5000,0.14028993660786881,0
0.0,0.0,0.0,0.2,0.422,0.3333,0.0,0.0,v18_4455,0,L,corpus_expansion_5000,0.34088791434345983,0
0.3,0.0,0.0,0.0,0.0,0.0,0.0,0.0,v18_0575,0,H,v17_reused,0.43131946097737195,1
0.0,0.0,0.0,0.3,0.0,0.0,0.0,0.0,v18_4089,0,M,corpus_expansion_5000,0.16079228470839807,0
0.0,0.0,0.0,0.5,0.3018,0.0,0.0,0.0,v18_4319,0,M,corpus_expansion_5000,0.28488363158836005,0
0.0,0.0,0.0,0.2,0.0,0.0,0.0,0.0,v18_4436,0,L,corpus_expansion_5000,0.1353199798207458,0
0.3,0.0,0.0,0.8,0.0,0.0,0.0,0.0,v18_1706,1,M,corpus_expansion_5000,0.7929023714352891,1
0.0,0.0,0.0,0.3,0.3408,0.0,0.0,0.9268,v18_3742,0,M,corpus_expansion_5000,0.20541108736259658,0
0.0,0.0,0.0,0.0,0.0,0.0,0.0,0.0,v18_3470,0,H,corpus_expansion_5000,0.0945363922261271,0
0.0,0.0,0.0,0.2,0.0,1.0,0.75,0.8484,v18_1280,1,H,corpus_expansion_5000,0.6805237002591247,1
0.3,0.2,0.1963,0.0,0.3994,0.3333,0.0,0.0565,v18_0861,1,H,corpus_expansion_5000,0.7690400041847572,1
0.0,0.0,0.0,0.6,0.6553,0.3333,0.0,0.0,v18_4145,0,M,corpus_expansion_5000,0.5994351863163495,1
0.0,0.0,0.0,0.0,0.0,0.0,0.0,0.3882,v18_1801,1,M,corpus_expansion_5000,0.09205664450878451,0
0.0,0.0,0.8111,0.45,0.0,0.0,0.0,0.8647,v18_1628,1,M,corpus_expansion_5000,0.251784049039197,0
0.0,0.0,0.0,0.65,0.0,0.0,0.0,0.0,v18_1993,1,M,corpus_expansion_5000,0.28008474130873345,0
0.3,0.0,0.4159,0.9,0.4159,0.0,0.0,0.0,v18_2639,1,L,corpus_expansion_5000,0.8968277237448956,1
0.0,0.0,0.0,1.0,0.0,0.0,0.0,0.0,v18_0269,0,H,new_low_w0_pany,0.4413369854724032,1
0.0,0.0,0.0,0.7,0.0,0.0,0.0,0.8741,v18_0629,0,H,v17_reused,0.28723226255857187,0
0.0,0.0,0.0,0.25,0.8111,0.0,0.0,0.0,v18_3081,0,H,corpus_expansion_5000,0.29440767111094635,0
0.0,0.0,0.0,0.3,0.0,0.0,0.0,0.9421,v18_2334,1,M,corpus_expansion_5000,0.15142225308135454,0
0.0,0.0,0.0,0.3,0.0,0.0,0.0,0.0,v18_2966,0,H,corpus_expansion_5000,0.16079228470839807,0
0.0,0.0,0.0,0.7,0.0,0.3333,0.0,0.8511,v18_0300,1,H,new_mid_w1_p1,0.4577718444251897,1
0.0,0.0,0.0,0.35,0.0,0.0,0.0,0.7364,v18_0459,1,H,new_mid_w1_p1,0.1670376321608323,0
0.0,0.0,0.0,0.0,0.0,0.0,0.0,0.0,v18_1447,1,M,corpus_expansion_5000,0.0945363922261271,0
0.3,0.0,0.0,0.5,0.2357,0.0,0.75,0.0,v18_1472,1,H,corpus_expansion_5000,0.8103469848173168,1
0.0,0.0,0.0,0.45,0.0,0.0,0.0,0.0,v18_2046,1,M,corpus_expansion_5000,0.2060688837501653,0
0.0,0.0,0.0,0.5,0.4327,0.0,0.0,0.0,v18_4228,0,M,corpus_expansion_5000,0.31465785094721327,0
0.0,0.0,0.0,0.4,0.0,0.0,0.0,0.979,v18_3764,0,M,corpus_expansion_5000,0.17888742480736192,0
0.0,0.0,0.0,0.0,0.3506,0.0,0.0,0.0,v18_2113,1,M,corpus_expansion_5000,0.13246769876087705,0
0.0,0.0,0.0,0.15,0.0,0.0,0.0,0.0,v18_0027,0,H,new_mid_w0_p0,0.1239110617250224,0
0.0,0.0,0.0,0.5,0.3039,0.0,0.75,0.0,v18_3839,0,M,corpus_expansion_5000,0.3877504015409701,0
0.0,0.0,0.0,0.1,0.0,0.0,0.0,0.8222,v18_4522,0,L,corpus_expansion_5000,0.10724657384242221,0
0.5,0.0,0.1293,0.0,0.0,0.0,0.6667,0.4236,v18_0837,1,M,corpus_expansion_5000,0.8138787715148491,1
0.0,0.0,0.0,0.85,0.8111,0.0,0.0,0.0,v18_3826,0,M,corpus_expansion_5000,0.5842299967955413,1
0.0,0.0,0.0,0.3,0.0,0.0,0.0,0.0,v18_2008,1,M,corpus_expansion_5000,0.16079228470839807,0
0.0,0.0,0.0,0.65,0.0,0.0,0.0,0.0,v18_4907,0,L,corpus_expansion_5000,0.28008474130873345,0
0.0,0.0,0.0,0.4,0.0,0.6667,0.0,0.8903,v18_0503,0,H,v17_reused,0.48966132152579944,1
0.0,0.0,0.0,0.3,0.0,0.0,0.0,0.9784,v18_3206,0,H,corpus_expansion_5000,0.1510703546236744,0
0.0,0.0,0.2041,0.0,0.0,0.3333,0.0,0.9946,v18_4304,0,M,corpus_expansion_5000,0.18020082663894488,0
0.0,0.0,0.0,1.0,0.0,0.0,0.0,0.0,v18_0380,0,H,v17_reused,0.4413369854724032,1
0.5,0.0,0.0,0.35,0.0,0.0,0.0,0.9643,v18_1851,1,M,corpus_expansion_5000,0.8430379220936498,1
0.3,0.0,0.1965,0.1,0.4812,0.6667,0.0,0.0,v18_1525,1,M,corpus_expansion_5000,0.8810309912650127,1
0.0,0.0,0.0,0.9,0.3118,0.3333,0.0,0.0,v18_2365,1,M,corpus_expansion_5000,0.6542513843327843,1
0.0,0.0,0.0,0.0,0.2262,0.3333,0.0,0.3308,v18_4147,0,M,corpus_expansion_5000,0.21393493130447327,0
0.0,0.0,0.0,0.6,0.0,0.0,0.0,0.709,v18_3052,0,H,corpus_expansion_5000,0.2499706087904228,0
0.0,0.0,0.0,0.2,0.0,0.3333,0.75,0.8538,v18_2884,1,M,corpus_expansion_5000,0.327376953254207,0
0.0,0.0,0.0,1.0,0.0,1.0,1.0,0.0988,v18_2340,1,L,corpus_expansion_5000,0.9299249078685765,1
0.0,0.0,0.0,1.0,0.0,1.0,0.0,0.2883,v18_0374,1,H,new_high_w1_pany,0.8761153520309891,1
0.0,0.0,0.0,0.0,0.0,0.0,0.0,0.0,v18_3260,0,H,corpus_expansion_5000,0.0945363922261271,0
0.0,0.0,0.7702,0.0,0.0,0.0,0.0,0.6769,v18_2381,1,M,corpus_expansion_5000,0.11899306097647908,0
0.0,0.0,0.0,0.4,0.0982,0.0,0.0,0.2808,v18_4309,0,M,corpus_expansion_5000,0.20347726995080836,0
0.0,0.0,0.0,0.1,0.2119,0.0,1.0,0.913,v18_0939,1,H,corpus_expansion_5000,0.21734621341070942,0
0.0,0.0,0.0,0.6,0.1465,0.0,0.0,0.0,v18_4198,0,M,corpus_expansion_5000,0.29185730548280786,0
0.0,0.0,0.0,0.0,0.0,0.0,0.0,0.0,v18_4165,0,M,corpus_expansion_5000,0.0945363922261271,0
0.0,0.0,0.0,0.9,0.0,1.0,0.0,0.0,v18_2799,1,L,corpus_expansion_5000,0.8551460124766889,1
0.0,0.0,0.9997,0.0,0.0,0.3333,0.0,0.0,v18_2147,1,M,corpus_expansion_5000,0.24580312834896165,0
0.0,0.0,0.0,0.3,0.3165,0.0,0.0,0.1394,v18_3817,0,M,corpus_expansion_5000,0.21086861733993073,0
0.0,0.0,0.0,0.6,0.0,0.3333,0.0,0.4486,v18_4540,0,M,corpus_expansion_5000,0.4154954659600304,0
0.0,0.0,0.0,0.0,0.0,0.3333,0.0,0.4545,v18_4216,0,M,corpus_expansion_5000,0.17422524334032757,0
0.0,0.0,0.0,0.0,0.3394,0.0,0.0,0.0,v18_2068,1,M,corpus_expansion_5000,0.13107833668650262,0
0.0,0.2,0.0,0.5,0.0,0.6667,0.0,0.0,v18_0529,0,H,new_low_w0_pany,0.613573783181372,1
0.0,0.0,0.0,0.9,0.0,1.0,0.0,0.6739,v18_4604,0,M,corpus_expansion_5000,0.8487274716908,1
0.5,0.0,0.0,0.6,0.0,0.0,0.0,0.0,v18_0636,0,H,new_mid_w0_p0,0.9054890794443278,1
0.0,0.0,0.0,0.0,0.0,0.0,0.0,0.8805,v18_1269,1,H,corpus_expansion_5000,0.08899607809524344,0
0.0,0.0,0.0,0.7,0.4394,0.3333,0.0,0.0,v18_0185,0,H,v17_reused,0.5917945251976683,1
0.0,0.0,0.0,0.0,0.2097,0.0,0.0,0.1686,v18_4349,0,M,corpus_expansion_5000,0.11457673533787811,0
0.0,0.0,0.0,0.0,0.1437,0.0,0.0,0.1157,v18_3179,0,H,corpus_expansion_5000,0.10789853279053614,0
0.0,0.0,0.0,0.0,0.376,0.0,0.0,0.1928,v18_3454,0,H,corpus_expansion_5000,0.13396660839906327,0
0.0,0.0,0.0,0.4,0.0,0.0,0.0,0.0,v18_1797,1,M,corpus_expansion_5000,0.19000580961738978,0
0.0,0.0,0.0,0.0,0.0,0.0,0.0,0.0,v18_2979,0,H,corpus_expansion_5000,0.0945363922261271,0
0.0,0.0,0.0,0.3,0.0,0.0,0.0,0.9539,v18_1441,1,H,corpus_expansion_5000,0.15130778803211262,0
0.0,0.0,0.0,0.0,0.3263,0.0,0.0,0.0,v18_3427,0,H,corpus_expansion_5000,0.1294690000819236,0
0.0,0.0,0.0,1.0,0.0,0.0,0.0,0.0,v18_4874,0,M,corpus_expansion_5000,0.4413369854724032,1
0.3,0.0,0.0,0.3,0.0,1.0,0.0,0.9098,v18_1535,1,M,corpus_expansion_5000,0.9224133719441009,1
0.0,0.0,0.0,0.6,0.3627,0.0,0.0,0.0,v18_3443,0,H,corpus_expansion_5000,0.3425481180455554,0
0.0,0.0,0.0,0.0,0.0,0.0,0.0,0.8431,v18_1273,1,M,corpus_expansion_5000,0.08922532913407681,0
0.0,0.0,0.0,0.45,0.0,0.0,0.0,0.0,v18_2467,1,M,corpus_expansion_5000,0.2060688837501653,0
0.0,0.0,0.0,0.9,0.0,0.3333,0.0,0.7003,v18_0607,1,H,new_high_w1_pany,0.5613928756465806,1
0.0,0.0,0.0,0.1,0.0,0.0,0.0,0.0,v18_3513,0,H,corpus_expansion_5000,0.1133379569328199,0
0.0,0.0,0.0,0.3,0.0,0.0,0.0,0.0,v18_1712,1,M,corpus_expansion_5000,0.16079228470839807,0
0.0,0.0,0.0,0.45,0.0,0.3333,0.75,0.0,v18_2199,1,M,corpus_expansion_5000,0.46265336235897875,1
0.0,0.0,0.0,0.0,0.2398,0.0,0.6667,0.1935,v18_0955,1,M,corpus_expansion_5000,0.1674245054418044,0
0.3,0.2,0.0,1.0,0.3288,0.3333,0.0,0.0,v18_2579,1,L,corpus_expansion_5000,0.9558788656983287,1
0.0,0.0,0.0,0.0,0.0,0.0,0.0,0.609,v18_3897,0,H,corpus_expansion_5000,0.0906724302709322,0
0.0,0.0,0.0,0.45,0.5654,0.0,0.0,0.0,v18_4425,0,M,corpus_expansion_5000,0.32393754926875235,0
0.0,0.0,0.0,0.0,0.0,0.0,0.0,0.5769,v18_3380,0,H,corpus_expansion_5000,0.09087249753497764,0
0.0,0.0,0.0,0.7,0.0,0.0,0.0,0.0,v18_3685,0,M,corpus_expansion_5000,0.30093381222399707,0
0.0,0.0,0.0,0.3,0.0,0.0,0.0,0.0,v18_0403,0,H,v17_reused,0.16079228470839807,0
0.0,0.0,0.0,0.0,0.0,0.0,0.0,0.6377,v18_2071,1,M,corpus_expansion_5000,0.09049388979642847,0
0.0,0.0,0.0,0.7,0.6908,0.0,0.0,0.0,v18_4755,0,L,corpus_expansion_5000,0.4765584566896055,1
0.0,0.0,0.0,0.1,0.0,0.3333,0.0,0.9324,v18_1977,1,M,corpus_expansion_5000,0.19945722193903265,0
0.0,0.0,0.0,0.0,0.0,0.0,0.0,0.0,v18_0158,0,H,new_mid_w1_p0,0.0945363922261271,0
0.3,0.0,0.0,0.4,0.8064,0.0,0.0,0.0,v18_1748,1,M,corpus_expansion_5000,0.8033528119458268,1
0.0,0.0,0.0,0.3,0.0,0.0,0.0,0.0,v18_2909,0,H,corpus_expansion_5000,0.16079228470839807,0
0.0,0.0,0.0,0.7,0.4119,0.0,0.0,0.0,v18_3534,0,H,corpus_expansion_5000,0.4022159462003973,0
0.0,0.0,0.0,0.3,0.0,0.0,0.0,0.0,v18_0902,1,M,corpus_expansion_5000,0.16079228470839807,0
0.3,0.0,0.0,0.8,0.0,0.0,0.0,0.0,v18_0352,0,H,v17_reused,0.7929023714352891,1
0.0,0.0,0.0,0.0,0.1754,0.0,0.0,0.7286,v18_1230,1,H,corpus_expansion_5000,0.10675720451393979,0
0.0,0.0,0.0,0.1,0.0,0.3333,0.0,0.6558,v18_4670,0,M,corpus_expansion_5000,0.20281343892974146,0
0.0,0.0,0.0,0.5,0.0,0.0,0.0,0.0,v18_2140,1,M,corpus_expansion_5000,0.22311587068072297,0
0.0,0.0,0.0,0.2,0.6227,0.0,0.0,0.0,v18_0444,0,H,new_mid_w0_p0,0.23513552209024569,0
0.0,0.0,0.0,0.2,0.0,0.0,0.0,0.0,v18_4948,0,H,corpus_expansion_5000,0.1353199798207458,0
0.0,0.0,0.0,0.6,0.0,0.0,0.0,0.0,v18_0754,0,H,new_low_w0_pany,0.2601425988962303,0
0.0,0.0,0.0,0.0,0.4963,0.0,0.0,0.127,v18_1737,1,M,corpus_expansion_5000,0.15046929043686888,0
0.0,0.0,0.0,0.2,0.0,0.0,0.0,0.0,v18_2971,0,H,corpus_expansion_5000,0.1353199798207458,0
0.0,0.0,0.0,0.0,0.0,0.3333,0.75,0.0,v18_4979,0,M,corpus_expansion_5000,0.2572442336686685,0
0.0,0.0,0.0,0.3,0.0,0.0,0.0,0.0,v18_2920,0,H,corpus_expansion_5000,0.16079228470839807,0
0.0,0.0,0.0,0.0,0.0,0.6667,0.0,0.0,v18_0311,0,H,new_high_w1_pany,0.31354072118734344,0
0.0,0.0,0.6959,0.7,0.0,0.0,0.0,0.9378,v18_0548,1,H,new_mid_w1_p1,0.3464085234587083,0
0.0,0.0,0.0,0.2,0.0,0.0,0.0,0.3357,v18_4052,0,H,corpus_expansion_5000,0.13238102109565444,0
0.0,0.0,0.0,0.2,0.3269,0.6667,0.0,0.7539,v18_4761,0,M,corpus_expansion_5000,0.4796726841676232,1
0.0,0.0,0.0,0.2,0.0,0.0,0.0,0.0,v18_1989,1,M,corpus_expansion_5000,0.1353199798207458,0
0.0,0.0,0.0,0.35,0.5654,0.0,0.0,0.0,v18_0306,0,H,v17_reused,0.2812828468573762,0
0.0,0.0,0.0,0.1,0.0,0.0,0.0,0.0,v18_2335,1,M,corpus_expansion_5000,0.1133379569328199,0
0.0,0.0,0.0,0.75,0.0,0.0,0.0,0.4866,v18_0694,1,H,new_mid_w1_p1,0.3146615032205769,0
0.0,0.0,0.0,0.2,0.0,0.0,0.0,0.0,v18_2356,1,M,corpus_expansion_5000,0.1353199798207458,0
0.0,0.0,0.0,0.2,0.4992,0.0,0.0,0.2374,v18_1927,1,M,corpus_expansion_5000,0.20893237187875455,0
0.0,0.0,0.0,0.0,0.4003,0.0,0.0,0.0,v18_0684,1,H,new_mid_w1_p1,0.1387841604687886,0
0.0,0.0,0.0,0.9,0.3674,0.5833,0.0,0.0,v18_0749,1,H,new_high_w1_pany,0.7775558918136727,1
0.0,0.0,0.0,0.7,0.5424,0.6667,0.0,0.0,v18_4008,0,M,corpus_expansion_5000,0.7722575201874857,1
0.0,0.0,0.8111,0.85,0.0,0.0,0.0,0.0,v18_1266,1,M,corpus_expansion_5000,0.4466215426458558,1
0.0,0.0,0.0,0.2,0.0,0.0,0.0,0.3374,v18_3285,0,H,corpus_expansion_5000,0.13236627667706374,0
0.0,0.0,0.0,0.3,0.0,0.0,0.0,0.0,v18_3529,0,H,corpus_expansion_5000,0.16079228470839807,0
0.0,0.0,0.0,0.6,0.1815,0.3333,0.0,0.0,v18_4423,0,M,corpus_expansion_5000,0.4723733544730572,1
0.0,0.0,0.0,0.0,0.0,0.0,0.0,0.0,v18_3984,0,H,corpus_expansion_5000,0.0945363922261271,0
0.0,0.0,0.0,0.3,0.0,0.3333,0.0,0.2823,v18_3083,0,H,corpus_expansion_5000,0.2817390380883005,0
0.0,0.0,0.0,0.75,0.0,0.0,0.0,0.0,v18_3061,0,H,corpus_expansion_5000,0.32263931900913917,0
0.0,0.0,0.0,0.0,0.0,0.0,0.7143,0.0,v18_3025,0,H,corpus_expansion_5000,0.13942052569283175,0
0.0,0.0,0.0,0.4,0.0,0.0,0.0,0.8956,v18_0970,1,M,corpus_expansion_5000,0.17981440572177182,0
0.0,0.0,0.0,0.1,0.0,0.0,0.0,0.2986,v18_0013,0,H,v17_reused,0.11109159712109588,0
0.0,0.0,0.0,0.5,0.406,0.0,0.0,0.5565,v18_0873,1,M,corpus_expansion_5000,0.29955710378908307,0
0.0,0.0,0.0,0.4,0.0,0.0,0.0,0.0,v18_0808,1,M,corpus_expansion_5000,0.19000580961738978,0
0.0,0.0,0.0,0.6,0.0,0.0,0.0,0.4428,v18_3198,0,H,corpus_expansion_5000,0.25375846438189426,0
0.0,0.0,0.0,0.5,0.0,0.0,0.0,0.0,v18_0514,1,H,new_high_w1_pany,0.22311587068072297,0
0.0,0.0,0.0,0.5,0.2733,0.3333,0.0,0.1188,v18_4472,0,L,corpus_expansion_5000,0.44462155765211714,1
0.0,0.0,0.0,0.0,0.4284,0.0,0.0,0.0,v18_0409,0,H,new_low_w0_pany,0.14246605707043347,0
0.0,0.0,0.0,0.0,0.5592,0.0,0.0,0.1118,v18_3408,0,H,corpus_expansion_5000,0.15955054385956244,0
0.0,0.0,0.0,0.9,0.2103,0.3333,0.0,0.0,v18_4342,0,M,corpus_expansion_5000,0.6289524288175076,1
0.0,0.0,0.0,0.2,0.3706,0.0,0.0,0.0,v18_0207,0,H,new_low_w0_pany,0.1895581999903006,0
0.0,0.0,0.0,0.6,0.1769,0.0,0.0,0.3719,v18_3691,0,M,corpus_expansion_5000,0.2928663589404013,0
0.0,0.0,0.0,0.8,0.0,0.0,0.0,0.0,v18_0458,0,H,new_low_w0_pany,0.3451374483123983,0
0.0,0.0,0.0,0.3,0.0,0.0,0.0,0.0,v18_3471,0,H,corpus_expansion_5000,0.16079228470839807,0
0.0,0.0,0.0,0.2,0.0,0.0,0.0,0.0,v18_2430,1,M,corpus_expansion_5000,0.1353199798207458,0
0.0,0.0,0.0,0.8,0.0,0.0,0.0,0.9586,v18_3657,0,M,corpus_expansion_5000,0.32896428330137245,0
0.0,0.0,0.0,0.2,0.0,0.0,0.0,0.0,v18_0110,1,H,new_mid_w1_p1,0.1353199798207458,0
0.0,0.0,0.0,0.3,0.0,0.6667,0.0,0.0,v18_4589,0,L,corpus_expansion_5000,0.45598911548315474,1
0.0,0.0,0.0,0.0,0.0,0.0,0.0,0.6248,v18_4044,0,M,corpus_expansion_5000,0.09057410049468442,0
0.0,0.0,0.0,0.75,0.0,0.0,0.0,0.7364,v18_1883,1,M,corpus_expansion_5000,0.3106077524538265,0
0.0,0.0,0.0,0.2,0.4284,0.0,0.0,0.1975,v18_1713,1,M,corpus_expansion_5000,0.19700384386852884,0
0.0,0.0,0.0,0.0,0.0,0.0,0.0,0.9805,v18_3958,0,M,corpus_expansion_5000,0.08838571586817505,0
0.0,0.0,0.126,0.3,0.126,0.0,0.0,0.0,v18_3399,0,H,corpus_expansion_5000,0.1876665788099469,0
0.3,0.2,0.3755,0.7,0.0,0.0,0.0,0.6608,v18_0552,0,H,v17_reused,0.8137849817080538,1
0.0,0.0,0.0,0.8,0.0,0.0,0.0,0.6529,v18_1439,1,H,corpus_expansion_5000,0.3340803135187008,0
0.0,0.0,0.0,0.1,0.0,0.0,0.8333,0.709,v18_2270,1,M,corpus_expansion_5000,0.16824930686643721,0
0.0,0.0,0.1965,0.1,0.1965,0.0,0.0,0.0,v18_3144,0,H,corpus_expansion_5000,0.14612760614652553,0
0.0,0.0,0.0,0.0,0.2384,0.0,0.0,0.5746,v18_2821,1,L,corpus_expansion_5000,0.11462330173016233,0
0.0,0.0,0.0,0.0,0.1942,0.3333,0.0,0.1564,v18_4781,0,L,corpus_expansion_5000,0.21033713649385755,0
0.0,0.0,0.0,0.4,0.0,0.0,0.75,0.6471,v18_1925,1,M,corpus_expansion_5000,0.2616268361742812,0
0.3,0.2,0.3772,0.0,0.0,0.0,0.0,0.8382,v18_0634,0,H,new_low_w0_pany,0.5113658950647699,1
0.0,0.0,0.0,0.0,0.2454,0.0,0.0,0.5817,v18_4805,0,M,corpus_expansion_5000,0.11534110190653235,0
0.0,0.0,0.6205,0.5,0.0,0.0,0.0,0.6648,v18_0316,0,H,new_mid_w1_p0,0.2593784886203919,0
0.0,0.0,0.0,0.3,0.2331,0.3333,0.0,0.9439,v18_4217,0,M,corpus_expansion_5000,0.32452178611957316,0
0.0,0.0,0.4581,1.0,0.0,0.6667,0.0,0.0,v18_4699,0,L,corpus_expansion_5000,0.8059090166377582,1
0.5,0.0,0.0,0.0,0.3573,0.3333,0.0,0.2946,v18_1328,1,M,corpus_expansion_5000,0.8955287504848776,1
0.0,0.0,0.0,0.45,0.0,0.0,0.0,0.4866,v18_0427,0,H,v17_reused,0.2001218854158135,0
0.5,0.0,0.0,0.2,0.0,0.3333,0.0,0.9904,v18_4374,0,M,corpus_expansion_5000,0.8921881669493438,1
0.8,0.2,0.7603,0.1,0.0,0.0,0.0,0.0,v18_0105,0,M,v17_reused,0.9774589431803128,1
0.0,0.0,0.0,0.1,0.0,0.0,0.0,0.0,v18_3041,0,H,corpus_expansion_5000,0.1133379569328199,0
0.0,0.0,0.0,0.9,0.0,0.0,0.0,0.0,v18_0142,1,H,new_mid_w1_p1,0.3921913672632442,0
0.0,0.0,0.1644,0.0,0.0,0.3333,0.0,0.392,v18_2169,1,M,corpus_expansion_5000,0.18461517002231315,0
0.0,0.0,0.0,0.2,0.0,0.3333,0.0,0.0,v18_3458,0,H,corpus_expansion_5000,0.24658569031706137,0
0.0,0.0,0.0,0.3,0.0,0.0,0.0,0.8849,v18_0089,0,H,v17_reused,0.1519781260616431,0
0.0,0.0,0.0,0.4,0.2566,0.0,0.0,0.3726,v18_2918,0,H,corpus_expansion_5000,0.23149585571110112,0
0.0,0.0,0.0,0.1,0.0,0.0,0.0,0.0,v18_3237,0,H,corpus_expansion_5000,0.1133379569328199,0
0.0,0.0,0.0,1.0,0.0,1.0,0.6667,0.0,v18_2241,1,M,corpus_expansion_5000,0.9159070110828628,1
0.0,0.0,0.0,0.7,0.4949,0.0,0.0,0.0,v18_3174,0,H,corpus_expansion_5000,0.4240314889997679,1
0.0,0.0,0.0,1.0,0.0,0.0,0.0,0.0,v18_3412,0,H,corpus_expansion_5000,0.4413369854724032,1
0.3,0.0,0.0,0.1,0.3975,0.3333,0.75,0.0,v18_2163,1,M,corpus_expansion_5000,0.8257821616888562,1
0.0,0.0,0.0,0.0,0.0,0.0,0.0,0.0,v18_2636,1,M,corpus_expansion_5000,0.0945363922261271,0
0.0,0.0,0.0,0.0,0.0,0.0,0.0,0.5136,v18_1949,1,M,corpus_expansion_5000,0.09126818727457064,0
0.0,0.0,0.7545,0.2,0.0,0.0,0.0,0.8876,v18_1768,1,M,corpus_expansion_5000,0.16527976681727438,0
0.0,0.0,0.0,0.0,0.0,0.0,0.0,0.0,v18_4290,0,M,corpus_expansion_5000,0.0945363922261271,0
0.0,0.0,0.0,0.5,0.0,0.0,0.0,0.4457,v18_2272,1,M,corpus_expansion_5000,0.21733618007273164,0
0.0,0.0,0.0,1.0,0.0,0.3333,0.0,0.3198,v18_0001,0,H,new_high_w1_pany,0.6172574301542848,1
0.0,0.0,0.0,0.5,0.0,0.0,0.0,0.6801,v18_3282,0,H,corpus_expansion_5000,0.21434025806949827,0
0.0,0.15,0.0,0.0,0.3911,0.0,0.0,0.0,v18_4957,0,M,corpus_expansion_5000,0.1597869185120376,0
0.0,0.0,0.0,0.75,0.0,0.0,0.0,0.4866,v18_1951,1,M,corpus_expansion_5000,0.3146615032205769,0
0.0,0.0,0.0,0.0,0.0,0.0,0.0,0.2753,v18_0935,1,M,corpus_expansion_5000,0.0927717379481044,0
0.0,0.0,0.0,0.4,0.0,0.0,0.0,0.3138,v18_4296,0,M,corpus_expansion_5000,0.18638548645303207,0
0.0,0.0,0.0,0.1,0.0,0.0,0.0,0.6703,v18_2720,1,L,corpus_expansion_5000,0.10834982258322454,0
0.0,0.0,0.0,0.3,0.0,0.0,0.0,0.0,v18_4447,0,M,corpus_expansion_5000,0.16079228470839807,0
0.0,0.0,0.0,0.05,0.0,0.0,0.0,0.0,v18_1109,1,M,corpus_expansion_5000,0.10356039088419995,0
0.0,0.0,0.0,0.4,0.0,0.0,0.0,0.4812,v18_3960,0,M,corpus_expansion_5000,0.18447604414278093,0
0.0,0.0,0.0,0.4,0.0,0.3333,0.0,0.8451,v18_0591,1,H,new_mid_w1_p1,0.31518688967161806,0
0.0,0.0,0.0,0.3,0.0,0.3333,0.0,0.9056,v18_1695,1,M,corpus_expansion_5000,0.2723124927123739,0
0.0,0.0,0.0,0.45,0.0,0.0,0.0,0.0,v18_3450,0,H,corpus_expansion_5000,0.2060688837501653,0
0.0,0.0,0.0,0.0,0.0,0.0,0.0,0.2254,v18_2936,0,H,corpus_expansion_5000,0.09308938418347346,0
0.0,0.0,0.0,1.0,0.2007,0.3333,0.0,0.0,v18_4204,0,M,corpus_expansion_5000,0.6725384659854543,1
0.0,0.0,0.3039,0.2,0.3039,0.0,0.0,0.0,v18_3411,0,H,corpus_expansion_5000,0.1972695619197408,0
0.3,0.0,0.0,0.2,0.6358,1.0,0.0,0.55,v18_1576,1,M,corpus_expansion_5000,0.9521103564987594,1
0.0,0.0,0.0,0.8,0.0,0.3333,0.0,0.0,v18_3954,0,M,corpus_expansion_5000,0.5243130518360242,1
0.0,0.0,0.0,0.4,0.0,0.6667,0.0,0.0,v18_0213,0,H,v17_reused,0.5064676726861228,1
0.0,0.0,0.0,0.4,0.0,0.3333,0.0,0.9539,v18_0778,0,H,v17_reused,0.3134161604247795,0
0.5,0.0,0.0,0.45,0.0,0.0,0.0,0.7329,v18_1415,1,M,corpus_expansion_5000,0.8699882392132995,1
0.0,0.0,0.0,0.0,0.2893,0.0,0.0,0.2341,v18_3759,0,H,corpus_expansion_5000,0.12309321863282052,0
0.0,0.0,0.0,0.3,0.5618,0.0,0.0,0.4637,v18_2043,1,M,corpus_expansion_5000,0.2538441500257361,0
0.0,0.0,0.0,1.0,0.0,0.6667,0.0,0.0,v18_2848,1,M,corpus_expansion_5000,0.7755826087477349,1
0.0,0.0,0.0,0.9,0.0,0.0,0.0,0.0,v18_4537,0,L,corpus_expansion_5000,0.3921913672632442,0
0.0,0.0,0.0,0.4,0.6857,0.0,0.0,0.3607,v18_3505,0,H,corpus_expansion_5000,0.3243786892850878,0
0.0,0.15,0.0,0.0,0.4785,0.0,0.0,0.0,v18_3813,0,M,corpus_expansion_5000,0.17292343442270808,0
0.0,0.0,0.0,0.2,0.0,0.6667,0.0,0.0,v18_1567,1,M,corpus_expansion_5000,0.40639880133444034,0
0.0,0.0,0.0,0.8,0.0,0.0,0.8,0.9929,v18_0165,0,H,v17_reused,0.44438108719604036,1
0.0,0.0,0.0,0.5,0.0,1.0,0.0,0.0,v18_4714,0,M,corpus_expansion_5000,0.7243327133623413,1
0.0,0.0,0.0,0.2,0.3869,0.0,0.0,0.2273,v18_4272,0,M,corpus_expansion_5000,0.1896363692972004,0
0.0,0.0,0.0,0.2,0.0,0.0,0.8,0.9891,v18_4926,0,L,corpus_expansion_5000,0.1919563802351471,0
0.0,0.0,0.4509,0.3,0.5931,0.0,0.0,0.6946,v18_1343,1,M,corpus_expansion_5000,0.2929580451558887,0
0.0,0.0,0.0,0.95,0.0,0.0,0.0,0.0,v18_2013,1,L,corpus_expansion_5000,0.4165568777450921,0
0.0,0.0,0.0,0.1,0.3772,0.3333,0.0,0.0,v18_0273,1,H,new_mid_w1_p1,0.28694089932106187,0
0.0,0.0,0.0,0.45,0.0,0.0,0.0,0.0,v18_0071,0,H,v17_reused,0.2060688837501653,0
0.0,0.0,0.0,0.6,0.0,0.0,0.0,0.0,v18_3887,0,M,corpus_expansion_5000,0.2601425988962303,0
0.0,0.0,0.0,0.85,0.5654,0.0,0.0,0.0,v18_1087,1,M,corpus_expansion_5000,0.5184304183984091,1
0.0,0.0,0.0,0.05,0.0,0.0,0.0,0.0,v18_0394,0,H,v17_reused,0.10356039088419995,0
0.0,0.0,0.0,0.9,0.5765,0.0,0.0,0.0,v18_0583,1,M,v17_reused,0.5466084952632765,1
0.0,0.0,0.3551,0.1,0.0,0.0,0.0,0.5774,v18_1367,1,M,corpus_expansion_5000,0.12363781125091886,0
0.0,0.0,0.9275,0.3,0.0,0.0,0.0,0.0,v18_4987,0,M,corpus_expansion_5000,0.2174236779963387,0
0.0,0.0,0.0,0.45,0.0,0.0,0.6667,0.0,v18_4088,0,M,corpus_expansion_5000,0.2811603874862428,0
0.3,0.0,0.0,0.2,0.0,0.0,0.0,0.0,v18_2548,1,M,corpus_expansion_5000,0.5320248714922053,1
0.0,0.0,0.0,0.0,0.0,0.0,0.0,0.2687,v18_1013,1,H,corpus_expansion_5000,0.09281369537083654,0
0.0,0.0,0.0,0.0,0.2274,0.0,0.0,0.0,v18_4897,0,M,corpus_expansion_5000,0.1178554437036857,0
0.0,0.0,0.0,0.6,0.0,0.0,0.0,0.0,v18_3003,0,H,corpus_expansion_5000,0.2601425988962303,0
0.0,0.0,0.0,0.4,0.0,0.0,0.0,0.0,v18_4788,0,M,corpus_expansion_5000,0.19000580961738978,0
0.0,0.0,0.0,0.95,0.0,0.0,0.0,0.0,v18_4407,0,M,corpus_expansion_5000,0.4165568777450921,0
0.0,0.0,0.0,0.3,0.0,0.0,0.0,0.3275,v18_3532,0,H,corpus_expansion_5000,0.15748295308059532,0
0.0,0.0,0.0,0.0,0.0,0.0,0.6667,0.0,v18_1763,1,M,corpus_expansion_5000,0.13594465100785882,0
0.0,0.0,0.0,0.95,0.0,0.0,0.0,0.0,v18_1875,1,M,corpus_expansion_5000,0.4165568777450921,0
0.0,0.0,0.0,0.3,0.0,0.0,0.0,0.9295,v18_1259,1,H,corpus_expansion_5000,0.15154455700247405,0
0.0,0.0,0.0,0.2,0.0,0.0,0.0,0.0,v18_4530,0,L,corpus_expansion_5000,0.1353199798207458,0
0.3,0.0,0.0,0.8,0.0,0.9167,0.0,0.0,v18_2253,1,M,corpus_expansion_5000,0.966810481866441,1
0.0,0.0,0.0,0.1,0.0,0.0,0.0,0.3747,v18_2781,1,L,corpus_expansion_5000,0.11052536229047102,0
0.0,0.0,0.0,0.0,0.0,0.0,0.0,0.2282,v18_3592,0,H,corpus_expansion_5000,0.09307153453103023,0
0.0,0.0,0.0,0.5,0.0,0.0,0.0,0.0,v18_0526,0,H,new_mid_w0_p0,0.22311587068072297,0
0.0,0.0,0.0,0.4,0.0,1.0,0.0,0.3081,v18_4263,0,M,corpus_expansion_5000,0.677087026765597,1
0.0,0.0,0.0,0.0,0.0,0.0,0.0,0.8704,v18_2946,0,H,corpus_expansion_5000,0.0890579356985667,0
0.0,0.0,0.0,0.6,0.0,0.0,0.0,0.0,v18_0377,1,H,new_mid_w1_p1,0.2601425988962303,0
0.0,0.0,0.5248,0.1,0.0,0.0,0.0,0.4344,v18_1559,1,M,corpus_expansion_5000,0.13243090648321865,0
0.0,0.0,0.0,0.8,0.4125,0.3333,0.0,0.0,v18_3820,0,M,corpus_expansion_5000,0.632880488560022,1
0.0,0.0,0.5654,0.65,0.0,0.0,0.0,0.8647,v18_1963,1,L,corpus_expansion_5000,0.313713665804669,0
0.0,0.0,0.0,0.25,0.0,0.3333,0.0,0.0,v18_4732,0,M,corpus_expansion_5000,0.265862027677618,0
0.0,0.0,0.6184,0.3,0.3823,0.3333,0.0,0.7634,v18_0348,0,H,v17_reused,0.4231386489410917,1
0.0,0.0,0.0,0.3,0.0,0.0,0.0,0.0,v18_2434,1,L,corpus_expansion_5000,0.16079228470839807,0
0.0,0.0,0.0,0.0,0.0,0.3333,0.0,0.3747,v18_2246,1,M,corpus_expansion_5000,0.17509394801617073,0
0.0,0.0,0.0,0.2,0.0,0.3333,0.6667,0.0,v18_4166,0,M,corpus_expansion_5000,0.3302991176393585,0
0.0,0.0,0.0,0.3,0.4949,0.0,0.0,0.6443,v18_1709,1,M,corpus_expansion_5000,0.23787039847628624,0
0.0,0.0,0.0,0.25,0.0,0.0,0.0,0.8647,v18_1050,1,M,corpus_expansion_5000,0.13957424974302188,0
0.0,0.0,0.0,0.95,0.0,0.0,0.0,0.7364,v18_0590,0,H,v17_reused,0.4031072867748539,0
0.0,0.0,0.0,0.2,0.3875,0.0,0.0,0.7746,v18_0519,0,H,v17_reused,0.18346369999141912,0
0.0,0.0,0.1634,0.0,0.0,0.0,0.0,0.9403,v18_4752,0,M,corpus_expansion_5000,0.0940630099218736,0
0.0,0.0,0.0,0.3,0.0,0.0,0.0,0.9841,v18_4308,0,M,corpus_expansion_5000,0.15101515895105644,0
0.0,0.0,0.0,0.6,0.0,0.0,0.0,0.3789,v18_2477,1,M,corpus_expansion_5000,0.2546733373227805,0
0.0,0.0,0.6177,0.1,0.0,0.3333,0.0,0.8961,v18_1083,1,H,corpus_expansion_5000,0.2424179660542685,0
0.0,0.0,0.0,0.25,0.0,0.0,0.0,0.0,v18_3588,0,H,corpus_expansion_5000,0.1476023763660605,0
0.0,0.0,0.0,0.0,0.0,0.0,0.0,0.9205,v18_4778,0,M,corpus_expansion_5000,0.08875147813243514,0
0.0,0.0,0.0,0.65,0.0,0.0,0.0,0.4866,v18_4509,0,M,corpus_expansion_5000,0.27273548435752637,0
0.0,0.0,0.0,0.5,0.0,0.0,0.0,0.7878,v18_1294,1,M,corpus_expansion_5000,0.2129738255605547,0
0.0,0.0,0.0,0.6,0.0,0.3333,0.0,0.0,v18_1809,1,M,corpus_expansion_5000,0.4237456057776692,1
0.0,0.0,0.0,1.0,0.3789,0.0,0.0,0.3095,v18_0791,0,H,v17_reused,0.5378581994476699,1
0.0,0.0,0.0,0.7,0.6184,0.0,0.0,0.0,v18_0792,0,H,v17_reused,0.45702212182231244,1
0.0,0.0,0.3107,0.8,0.5248,0.0,0.0,0.0,v18_4114,0,M,corpus_expansion_5000,0.5132540333492868,1
0.0,0.0,0.0,0.0,0.0,0.0,0.0,0.2921,v18_1855,1,M,corpus_expansion_5000,0.0926650140631507,0
0.0,0.0,0.0,0.1,0.1518,0.0,0.0,0.0,v18_4757,0,M,corpus_expansion_5000,0.13096011828701,0
0.0,0.0,0.0,1.0,0.0,0.5833,0.6667,0.0,v18_1980,1,L,corpus_expansion_5000,0.8123817611128566,1
0.0,0.0,0.0,0.2,0.0,0.0,0.0,0.6636,v18_3233,0,H,corpus_expansion_5000,0.12956274742646018,0
0.0,0.0,0.2582,0.1,0.2582,0.0,0.0,0.2079,v18_3908,0,M,corpus_expansion_5000,0.1558572028447664,0
0.0,0.0,0.0,0.5,0.0,0.6667,0.0,0.0,v18_4984,0,L,corpus_expansion_5000,0.5568147099660213,1
0.0,0.0,0.0,0.1,0.0,0.0,0.0,0.5594,v18_3328,0,H,corpus_expansion_5000,0.10916157387776716,0
0.0,0.0,0.0,0.0,0.0,0.0,0.0,0.2748,v18_1530,1,M,corpus_expansion_5000,0.09277491594451623,0
0.5,0.0,0.0,0.35,0.0,0.0,0.0,0.4866,v18_1410,1,H,corpus_expansion_5000,0.8477526177005714,1
0.0,0.0,0.0,0.3,0.5411,0.0,0.0,0.0,v18_4294,0,M,corpus_expansion_5000,0.25623285911248705,0
0.0,0.0,0.0,0.55,0.0,0.0,1.0,0.0,v18_4648,0,L,corpus_expansion_5000,0.3702056496403357,0
0.0,0.0,0.0,0.9,0.0,0.0,0.0,0.0,v18_0083,0,H,v17_reused,0.3921913672632442,0
0.0,0.0,0.0,0.0,0.491,0.3333,0.0,0.2746,v18_0868,1,M,corpus_expansion_5000,0.2669785860604388,0
0.0,0.0,0.0,0.0,0.0,0.0,0.0,0.0,v18_2350,1,M,corpus_expansion_5000,0.0945363922261271,0
0.0,0.0,0.0,0.0,0.0,0.0,0.0,0.3496,v18_0020,1,H,new_mid_w1_p1,0.09230057275406181,0
0.0,0.0,0.0,0.0,0.869,0.0,0.0,0.0,v18_3424,0,H,corpus_expansion_5000,0.2112805944585205,0
0.3,0.0,0.0,0.9,0.0,0.0,0.0,0.0,v18_2795,1,L,corpus_expansion_5000,0.8241733376871658,1
0.0,0.0,0.0,0.3,0.0,0.0,0.0,0.0,v18_4572,0,M,corpus_expansion_5000,0.16079228470839807,0
0.5,0.0,0.0,0.0,0.0,0.6667,0.0,0.0,v18_1562,1,M,corpus_expansion_5000,0.9256264024974182,1
0.0,0.0,0.0,0.9,0.3004,0.3333,0.0,0.0685,v18_3093,0,H,corpus_expansion_5000,0.6502744944031112,1
0.0,0.0,0.0,0.4,0.5186,0.0,0.0,0.0,v18_3155,0,H,corpus_expansion_5000,0.2915918829657555,0
0.0,0.0,0.0,0.0,0.0,0.0,0.0,0.8893,v18_0973,1,M,corpus_expansion_5000,0.0889422139683691,0
0.0,0.0,0.0,0.45,0.0,1.0,0.0,0.0,v18_1710,1,M,corpus_expansion_5000,0.7036771224655932,1
0.0,0.0,0.0,0.7,0.0,0.0,0.0,0.0,v18_3201,0,H,corpus_expansion_5000,0.30093381222399707,0
0.0,0.0,0.0,0.8,0.0,0.0,0.0,0.0,v18_4371,0,M,corpus_expansion_5000,0.3451374483123983,0
0.0,0.0,0.0,0.6,0.0,0.0,0.0,0.0,v18_4819,0,L,corpus_expansion_5000,0.2601425988962303,0
0.0,0.0,0.56,0.2,0.0,1.0,0.0,0.0,v18_1098,1,M,corpus_expansion_5000,0.6418268156653251,1
0.0,0.0,0.0,1.0,0.0,0.0,0.0,0.0,v18_4161,0,M,corpus_expansion_5000,0.4413369854724032,1
0.0,0.0,0.0,0.0,0.0,0.0,0.0,0.0,v18_2844,1,M,corpus_expansion_5000,0.0945363922261271,0
0.0,0.0,0.0,0.2,0.1928,0.0,0.0,0.0,v18_0886,1,M,corpus_expansion_5000,0.16169525329022097,0
0.0,0.0,0.0,0.7,0.0,0.0,0.0,0.0,v18_4931,0,M,corpus_expansion_5000,0.30093381222399707,0
0.0,0.15,0.0,0.3,0.0,0.0,0.0,0.0,v18_3678,0,M,corpus_expansion_5000,0.18591750799672993,0
0.0,0.0,0.0,0.0,0.653,0.0,0.0,0.0,v18_4580,0,L,corpus_expansion_5000,0.1748801359227659,0
0.0,0.0,0.0,0.0,0.1909,0.3333,0.0,0.5308,v18_3566,0,H,corpus_expansion_5000,0.20509552358148603,0
0.0,0.0,0.2835,0.3,0.0,0.0,0.0,0.9555,v18_4401,0,L,corpus_expansion_5000,0.16646126572267397,0
0.0,0.0,0.0,0.5,0.0,0.0,0.0,0.0,v18_0515,1,H,new_mid_w1_p1,0.22311587068072297,0
0.0,0.0,0.0,0.0,0.121,0.0,0.0,0.0,v18_4620,0,L,corpus_expansion_5000,0.10637986761825896,0
0.0,0.0,0.0,0.3,0.0,0.0,0.0,0.0,v18_0737,0,H,new_mid_w1_p0,0.16079228470839807,0
0.0,0.0,0.0,0.0,0.0,0.0,0.0,0.6186,v18_1453,1,H,corpus_expansion_5000,0.09061267414566113,0
0.0,0.0,0.0,0.35,0.0,0.0,0.0,0.0,v18_3971,0,M,corpus_expansion_5000,0.17491898592996105,0
0.0,0.0,0.0,0.5,0.0,0.0,0.0,0.0,v18_4700,0,M,corpus_expansion_5000,0.22311587068072297,0
0.3,0.0,0.0,0.8,0.0,0.3333,0.0,0.4959,v18_2506,1,L,corpus_expansion_5000,0.8852254434070264,1
0.0,0.0,0.0,0.0,0.0,0.0,0.0,0.0,v18_2994,0,H,corpus_expansion_5000,0.0945363922261271,0
0.0,0.0,0.0,0.15,0.0,0.0,0.0,0.0,v18_2126,1,M,corpus_expansion_5000,0.1239110617250224,0
0.0,0.0,0.0,0.7,0.1898,0.0,0.0,0.1532,v18_2926,0,H,corpus_expansion_5000,0.3432987646618716,0
0.0,0.0,0.0,1.0,0.0,0.3333,0.0,0.0,v18_4745,0,L,corpus_expansion_5000,0.6229465733397762,1
0.3,0.2,0.0,0.2,0.0,0.0,0.0,0.6832,v18_0906,1,H,corpus_expansion_5000,0.5770797629282955,1
0.0,0.0,0.1362,0.0,0.2539,0.0,0.0,0.0,v18_3647,0,M,corpus_expansion_5000,0.12679536793262494,0
0.0,0.0,0.0,0.15,0.0,0.0,0.0,0.0,v18_1030,1,M,corpus_expansion_5000,0.1239110617250224,0
0.0,0.0,0.0,0.8,0.2087,0.3333,0.0,0.0,v18_2507,1,M,corpus_expansion_5000,0.580205744579156,1
0.3,0.0,0.0,0.0,0.2913,0.0,0.0,0.0,v18_2428,1,L,corpus_expansion_5000,0.509843912879562,1
0.0,0.0,0.0,0.2,0.0,0.3333,0.75,0.3095,v18_0947,1,M,corpus_expansion_5000,0.33649146841046523,0
0.0,0.0,0.0,0.85,0.0,0.0,0.0,0.0,v18_3806,0,H,corpus_expansion_5000,0.36835127139997426,0
0.0,0.0,0.4785,0.1,0.0,0.3333,0.0,0.7866,v18_4754,0,L,corpus_expansion_5000,0.23380135908890787,0
0.0,0.0,0.3857,0.3,0.3857,0.0,0.0,0.0,v18_0715,0,H,v17_reused,0.25358014721277966,0
0.0,0.0,0.0,0.3,0.0,0.3333,0.0,0.858,v18_4055,0,M,corpus_expansion_5000,0.273025376960959,0
0.0,0.0,0.0,0.3,0.0,0.0,0.0,0.0,v18_0686,0,H,v17_reused,0.16079228470839807,0
0.0,0.0,0.5918,0.5,0.0,0.6667,0.0,0.0,v18_0703,1,H,new_mid_w1_p1,0.6142821605690717,1
0.0,0.0,0.0,0.6,0.0,0.0,0.0,0.7113,v18_3341,0,H,corpus_expansion_5000,0.24993804607137535,0
0.3,0.0,0.0,0.55,0.0,0.0,0.0,0.8647,v18_2353,1,M,corpus_expansion_5000,0.6837975349581018,1
0.0,0.0,0.0,0.05,0.0,0.0,0.75,0.4866,v18_2257,1,L,corpus_expansion_5000,0.15011323155239167,0
0.0,0.0,0.0,0.3,0.2672,0.0,0.0,0.0,v18_3551,0,H,corpus_expansion_5000,0.2038139281367805,0
0.0,0.0,0.0,0.85,0.0,0.0,0.0,0.0,v18_0473,0,H,new_mid_w0_p0,0.36835127139997426,0
0.0,0.0,0.0,0.0,0.0,0.0,0.7143,0.8127,v18_0021,0,H,new_mid_w1_p0,0.13221852653004737,0
0.0,0.0,0.0,0.4,0.0,0.0,0.0,0.0,v18_2752,1,M,corpus_expansion_5000,0.19000580961738978,0
0.3,0.2,0.0,0.0,0.2631,0.0,0.0,0.2132,v18_0885,1,M,corpus_expansion_5000,0.5564628483818103,1
0.0,0.0,0.0,0.0,0.0,0.0,0.0,0.9421,v18_2448,1,M,corpus_expansion_5000,0.0886196465970907,0
0.0,0.0,0.3007,0.0,0.3007,0.0,1.0,0.9196,v18_0917,1,M,corpus_expansion_5000,0.21971794354682952,0
0.0,0.0,0.0,0.6,0.0,0.0,0.0,0.0,v18_3757,0,H,corpus_expansion_5000,0.2601425988962303,0
0.0,0.0,0.0,0.0,0.0,0.0,0.0,0.1248,v18_3751,0,M,corpus_expansion_5000,0.09373273758283668,0
0.0,0.0,0.0,0.0,0.8939,0.0,0.0,0.2224,v18_2239,1,L,corpus_expansion_5000,0.21298593997187393,0
0.0,0.0,0.0,0.05,0.0,0.0,0.0,0.0,v18_3844,0,M,corpus_expansion_5000,0.10356039088419995,0
0.0,0.0,0.0,0.1,0.0,0.0,0.0,0.0,v18_3395,0,H,corpus_expansion_5000,0.1133379569328199,0
0.3,0.0,0.0,0.0,0.0,0.0,0.0,0.4839,v18_1265,1,M,corpus_expansion_5000,0.4223796017123981,1
0.0,0.0,0.0,0.7,0.3929,0.0,0.0,0.0,v18_0483,0,H,new_mid_w1_p0,0.39727273646490247,0
0.0,0.0,0.0,0.8,0.0,0.0,0.0,0.0,v18_4337,0,M,corpus_expansion_5000,0.3451374483123983,0
0.0,0.0,0.0,0.3,0.0,0.3333,0.0,0.0,v18_2963,0,H,corpus_expansion_5000,0.2860730847351194,0
0.0,0.0,0.0,0.1,0.0,0.0,0.0,0.4575,v18_1219,1,H,corpus_expansion_5000,0.10991214761032204,0
0.0,0.0,0.0,1.0,0.0,0.6667,0.8,0.0,v18_0277,0,H,v17_reused,0.8496897880192583,1
0.0,0.0,0.0,0.1,0.0,0.0,1.0,0.7488,v18_0988,1,M,corpus_expansion_5000,0.1826407225170351,0
0.0,0.0,0.0,0.25,0.0,0.0,0.8,0.0,v18_2084,1,L,corpus_expansion_5000,0.22072131531565672,0
0.0,0.0,0.0,0.0,0.0,0.0,0.0,0.7555,v18_1245,1,M,corpus_expansion_5000,0.08976437762208551,0
0.3,0.0,0.2778,0.6,0.2778,0.0,0.0,0.0,v18_2382,1,L,corpus_expansion_5000,0.7941750355846705,1
0.0,0.0,0.0,0.2,0.0,0.0,0.0,0.0,v18_0571,0,H,new_low_w0_pany,0.1353199798207458,0
0.0,0.0,0.0,0.35,0.0,0.0,0.0,0.4866,v18_1435,1,M,corpus_expansion_5000,0.16967882471207463,0
0.0,0.0,0.1549,0.0,0.0,1.0,0.0,0.8227,v18_0993,1,M,corpus_expansion_5000,0.48853365088869605,1
0.0,0.0,0.0,0.1,0.0,0.0,0.0,0.0,v18_3930,0,M,corpus_expansion_5000,0.1133379569328199,0
0.0,0.0,0.0,0.8,0.0,0.0,0.0,0.3726,v18_3447,0,H,corpus_expansion_5000,0.3388058594216572,0
0.0,0.0,0.0,0.8,0.4021,0.0,0.0,0.0,v18_0585,0,H,new_low_w0_pany,0.4490539293828558,1
0.0,0.0,0.0,0.6,0.0,0.0,0.0,0.0,v18_3658,0,M,corpus_expansion_5000,0.2601425988962303,0
0.0,0.0,0.0,0.7,0.7506,0.0,0.0,0.0,v18_2514,1,M,corpus_expansion_5000,0.49275174177246295,1
0.0,0.0,0.0,0.25,0.0,0.0,0.0,0.0,v18_1349,1,H,corpus_expansion_5000,0.1476023763660605,0
0.0,0.0,0.0,0.0,0.0,0.0,0.0,0.5777,v18_1007,1,M,corpus_expansion_5000,0.09086750661082646,0
0.0,0.0,0.6227,0.4,0.0,0.0,0.0,0.5272,v18_0674,0,H,new_mid_w1_p0,0.22438355088697723,0
0.0,0.0,0.0,0.25,0.0,0.0,0.0,0.4866,v18_2412,1,M,corpus_expansion_5000,0.14303868621675692,0
0.0,0.0,0.0,0.3,0.0,0.0,0.0,0.0,v18_2903,0,H,corpus_expansion_5000,0.16079228470839807,0
0.0,0.0,0.3596,0.8,0.0,0.0,0.6667,0.0,v18_0447,1,L,new_mid_w1_p1,0.47842932749622413,1
0.0,0.0,0.0,0.2,0.0,0.0,0.0,0.9734,v18_3834,0,M,corpus_expansion_5000,0.12694711759937702,0
0.0,0.0,0.0,0.5,0.0,0.0,0.0,0.0,v18_3758,0,M,corpus_expansion_5000,0.22311587068072297,0
0.0,0.0,0.0,0.0,0.0,0.0,0.0,0.263,v18_3703,0,M,corpus_expansion_5000,0.09284994503453323,0
0.0,0.0,0.0,0.5,0.3449,0.0,0.0,0.0,v18_0359,0,H,new_mid_w1_p0,0.2944991083897624,0
0.0,0.0,0.4732,0.3,0.0,0.0,0.0,0.8613,v18_2064,1,M,corpus_expansion_5000,0.1783156758482476,0
0.0,0.0,0.0,0.0,0.2108,0.0,0.0,0.1695,v18_4449,0,M,corpus_expansion_5000,0.11469088865127364,0
0.0,0.0,0.0,0.6,0.0,0.0,0.0,0.0,v18_3810,0,H,corpus_expansion_5000,0.2601425988962303,0
0.0,0.0,0.0,0.1,0.0,0.0,1.0,0.0,v18_1690,1,M,corpus_expansion_5000,0.19123417356477487,0
0.0,0.0,0.0,0.3,0.0,0.0,0.0,0.1625,v18_4326,0,M,corpus_expansion_5000,0.15914327568737893,0
0.0,0.0,0.0,0.55,0.0,0.0,0.6667,0.4866,v18_1548,1,M,corpus_expansion_5000,0.31581168703472284,0
0.0,0.0,0.0,0.0,0.0,0.3333,0.75,0.3357,v18_1247,1,M,corpus_expansion_5000,0.25243030271998756,0
0.0,0.0,0.0,0.1,0.0,0.3333,0.0,0.6152,v18_1985,1,L,corpus_expansion_5000,0.20330960006711157,0
0.0,0.0,0.0,0.3,0.0,0.0,0.0,0.9623,v18_0294,0,H,v17_reused,0.1512263477674225,0
0.0,0.0,0.0,0.1,0.0,0.6667,0.0,0.0,v18_1547,1,M,corpus_expansion_5000,0.3586461204198161,0
0.0,0.0,0.0,0.4,0.0,0.0,0.0,0.2934,v18_2012,1,M,corpus_expansion_5000,0.18661921684725488,0
0.0,0.0,0.0,0.5,0.0,0.0,0.0,0.6628,v18_0588,0,H,v17_reused,0.21456034327808687,0
0.0,0.0,0.0,0.0,0.7128,0.0,0.0,0.0,v18_3329,0,H,corpus_expansion_5000,0.18443440776540876,0
0.0,0.2,0.0,0.6,0.7317,1.0,0.0,0.0,v18_2403,1,L,corpus_expansion_5000,0.8998816940708994,1
0.0,0.0,0.0,0.3,0.0,0.0,0.0,0.2434,v18_2129,1,M,corpus_expansion_5000,0.1583274479081531,0
0.0,0.0,0.0,0.5,0.8153,0.0,0.0,0.0,v18_4388,0,M,corpus_expansion_5000,0.41009150983172754,0
0.0,0.0,0.9543,0.0,0.7336,0.0,0.0,0.6414,v18_2410,1,M,corpus_expansion_5000,0.24413658493827411,0
0.0,0.0,0.0,0.5,0.0,0.0,0.0,0.0,v18_2719,1,L,corpus_expansion_5000,0.22311587068072297,0
0.0,0.0,0.0,0.65,0.0,0.0,0.0,0.0,v18_0425,0,H,v17_reused,0.28008474130873345,0
0.0,0.0,0.0,0.2,0.0,0.0,0.0,0.0,v18_2582,1,L,corpus_expansion_5000,0.1353199798207458,0
0.0,0.0,0.0,0.0,0.0,0.0,0.0,0.3308,v18_1054,1,H,corpus_expansion_5000,0.09241958732655593,0
0.0,0.0,0.0,0.9,0.0,0.0,0.0,0.0,v18_3966,0,H,corpus_expansion_5000,0.3921913672632442,0
0.0,0.0,0.0,0.45,0.0,0.0,0.0,0.0,v18_4562,0,M,corpus_expansion_5000,0.2060688837501653,0
0.0,0.0,0.0,0.5,0.0,0.0,0.0,0.0,v18_0556,0,H,new_low_w0_pany,0.22311587068072297,0
0.0,0.0,0.0,0.0,0.3984,0.0,0.0,0.7878,v18_4358,0,M,corpus_expansion_5000,0.13158946353483902,0
0.0,0.0,0.0,0.1,0.0,0.3333,0.0,0.0,v18_3938,0,M,corpus_expansion_5000,0.21093841116397974,0
0.0,0.0,0.0,0.8,0.1122,1.0,0.0,0.0904,v18_4712,0,M,corpus_expansion_5000,0.8439613449596811,1
0.3,0.0,0.0,0.5,0.0,0.3333,0.0,0.0,v18_2469,1,L,corpus_expansion_5000,0.8135438949441869,1
0.0,0.0,0.0,0.1,0.0,0.0,0.0,0.0,v18_4710,0,M,corpus_expansion_5000,0.1133379569328199,0
0.0,0.0,0.0,0.95,0.8111,0.0,0.0,0.0,v18_0355,1,H,new_mid_w1_p1,0.6324019153695057,1
0.0,0.0,0.0,0.8,0.4284,0.0,0.0,0.5769,v18_1193,1,H,corpus_expansion_5000,0.44533361579510267,1
0.0,0.0,0.0,0.2,0.0,0.0,0.0,0.2677,v18_1716,1,M,corpus_expansion_5000,0.1329719399002499,0
0.0,0.0,0.0,0.7,0.6612,0.3333,0.0,0.0,v18_3416,0,H,corpus_expansion_5000,0.6483699846078952,1
0.0,0.0,0.8795,0.0,0.0,0.0,0.0,0.8466,v18_2604,1,M,corpus_expansion_5000,0.12227886773638716,0
0.0,0.0,0.0,0.0,0.0,0.0,0.0,0.4953,v18_4129,0,M,corpus_expansion_5000,0.0913828694744917,0
0.0,0.0,0.4656,0.7,0.0,0.3333,0.0,0.0,v18_2828,1,M,corpus_expansion_5000,0.5203633226770925,1
0.0,0.0,0.0,0.2,0.0,0.0,0.0,0.421,v18_1704,1,M,corpus_expansion_5000,0.13164291372293302,0
0.3,0.0,0.0,0.0,0.0,0.0,0.0,0.6573,v18_2863,1,M,corpus_expansion_5000,0.41918812550522666,1
0.0,0.0,0.0,1.0,0.0,0.0,0.0,0.4637,v18_2618,1,M,corpus_expansion_5000,0.43272176701257653,1
0.0,0.0,0.0,0.0,0.0,0.3333,0.0,0.6761,v18_2400,1,M,corpus_expansion_5000,0.17183073913456223,0
0.0,0.0,0.0,0.2,0.0,0.0,0.0,0.0,v18_2139,1,M,corpus_expansion_5000,0.1353199798207458,0
0.0,0.0,0.0,0.3,0.3611,0.0,0.0,0.0,v18_3239,0,H,corpus_expansion_5000,0.22083420564697603,0
0.0,0.0,0.0,0.3,0.0,0.0,0.0,0.8511,v18_2383,1,M,corpus_expansion_5000,0.15230738306657418,0
0.0,0.0,0.0,0.2,0.0,0.3333,0.8333,0.0,v18_3218,0,H,corpus_expansion_5000,0.35334675295551243,0
0.0,0.0,0.0,0.3,0.0,0.0,0.0,0.0,v18_3935,0,M,corpus_expansion_5000,0.16079228470839807,0
0.0,0.0,0.0,1.0,0.9296,0.0,0.75,0.0,v18_1285,1,M,corpus_expansion_5000,0.7744336396963323,1
0.0,0.0,0.0,0.3,0.0,0.0,0.0,0.2614,v18_3796,0,H,corpus_expansion_5000,0.15814639120196952,0
0.0,0.0,0.0,0.0,0.0,0.6667,0.0,0.2399,v18_4894,0,L,corpus_expansion_5000,0.30965468332125357,0
0.0,0.0,0.0,0.0,0.0,0.0,0.8333,0.0,v18_4468,0,L,corpus_expansion_5000,0.14843649813252802,0
0.0,0.0,0.0,0.0,0.0,0.0,0.0,0.7677,v18_2087,1,M,corpus_expansion_5000,0.08968912909615748,0
0.3,0.0,0.0,1.0,0.0,0.9167,0.0,0.0,v18_1889,1,M,corpus_expansion_5000,0.9776103697994902,1
0.0,0.0,0.0,0.5,0.0,0.3333,0.0,0.6678,v18_4622,0,M,corpus_expansion_5000,0.3634968811389612,0
0.0,0.0,0.0,0.3,0.0,0.0,0.0,0.0,v18_1591,1,M,corpus_expansion_5000,0.16079228470839807,0
0.0,0.0,0.0,0.25,0.0,0.0,0.0,0.0,v18_1346,1,M,corpus_expansion_5000,0.1476023763660605,0
0.0,0.0,0.0,0.3,0.1664,0.0,0.0,0.0,v18_4431,0,L,corpus_expansion_5000,0.18665083641899738,0
0.0,0.0,0.0,0.2,0.0,0.0,0.0,0.0,v18_2162,1,M,corpus_expansion_5000,0.1353199798207458,0
0.0,0.0,0.0,0.2,0.0,0.3333,0.0,0.7917,v18_2396,1,M,corpus_expansion_5000,0.23564741479666593,0
0.0,0.0,0.0,0.35,0.0,0.0,0.0,0.9305,v18_4768,0,M,corpus_expansion_5000,0.1650081392547073,0
0.0,0.15,0.0,0.9,0.0,1.0,0.0,0.0,v18_2271,1,M,corpus_expansion_5000,0.8755700464052033,1
0.0,0.0,0.0,0.0,0.4252,0.0,0.8333,0.0,v18_4490,0,H,corpus_expansion_5000,0.21655076171467344,0
0.0,0.0,0.0,0.65,0.0,0.0,1.0,0.0,v18_3111,0,H,corpus_expansion_5000,0.41849315049290436,1
0.0,0.0,0.0,0.0,0.0,0.3333,0.8,0.4457,v18_1137,1,H,corpus_expansion_5000,0.25668976786775505,0
0.0,0.0,0.0,0.0,0.0,0.0,0.0,0.0,v18_3895,0,H,corpus_expansion_5000,0.0945363922261271,0
0.0,0.0,0.0,0.0,0.1365,0.0,0.0,0.3711,v18_0972,1,M,corpus_expansion_5000,0.10531814684901732,0
0.0,0.0,0.3596,0.2,0.0,0.3333,0.0,0.2921,v18_0795,0,H,v17_reused,0.26994707742500207,0
0.5,0.0,0.0,0.1,0.0,0.0,0.0,0.0,v18_3020,0,H,corpus_expansion_5000,0.776935710435143,1
0.0,0.0,0.0,0.3,0.0,0.0,0.0,0.0,v18_1711,1,M,corpus_expansion_5000,0.16079228470839807,0
0.0,0.0,0.6079,0.0,0.0,0.0,0.0,0.7665,v18_3387,0,H,corpus_expansion_5000,0.11167033142107502,0
0.0,0.0,0.3738,0.8,0.0,0.6667,0.0,0.0,v18_0036,0,H,new_low_w0_pany,0.7281237989030456,1
0.0,0.0,0.0,0.8,0.4394,0.0,0.0,0.0,v18_0453,0,H,v17_reused,0.4590791519542306,1
0.0,0.0,0.0,0.4,0.0,0.0,0.75,0.4515,v18_0913,1,M,corpus_expansion_5000,0.26449032466568606,0
0.0,0.0,0.0,0.5,0.0,0.3333,0.0,0.0,v18_4081,0,M,corpus_expansion_5000,0.3752431354790696,0
0.0,0.0,0.0,0.8,0.0,0.3333,0.0,0.8085,v18_1199,1,M,corpus_expansion_5000,0.5090673835294992,1
0.0,0.0,0.0,0.5,0.4262,0.3333,0.0,0.0,v18_1274,1,M,corpus_expansion_5000,0.488085116590311,1
0.0,0.0,0.0,0.25,0.0,0.0,0.0,0.0,v18_2375,1,L,corpus_expansion_5000,0.1476023763660605,0
0.0,0.0,0.0,0.4,0.4533,0.3333,0.0,0.3726,v18_0037,0,H,new_mid_w0_p0,0.4381201976461753,1
0.0,0.0,0.0,0.8,0.0,0.6667,0.0,0.0,v18_0974,1,H,corpus_expansion_5000,0.6974874866511146,1
0.0,0.0,0.0,0.3,0.0,0.0,0.0,0.4353,v18_3195,0,H,corpus_expansion_5000,0.15640583380442766,0
0.3,0.0,0.0,0.2,0.3421,0.3333,0.0,0.0,v18_0983,1,M,corpus_expansion_5000,0.7750446360249409,1
0.0,0.0,0.0,0.8,0.0,0.0,0.0,0.0,v18_3904,0,M,corpus_expansion_5000,0.3451374483123983,0
0.0,0.0,0.0,0.55,0.0,0.0,0.0,0.9643,v18_4069,0,M,corpus_expansion_5000,0.2280711483070672,0
0.0,0.0,0.0,0.1,0.0,0.0,0.0,0.0,v18_1418,1,M,corpus_expansion_5000,0.1133379569328199,0
0.0,0.0,0.0,0.6,0.0,0.0,0.0,0.6392,v18_3332,0,H,corpus_expansion_5000,0.2509601613082978,0
0.0,0.0,0.0,0.5,0.0,0.3333,0.0,0.0,v18_1560,1,M,corpus_expansion_5000,0.3752431354790696,0
0.0,0.0,0.0,0.9,0.0,0.3333,0.0,0.4653,v18_0039,0,H,new_mid_w0_p0,0.5657577385029811,1
0.3,0.0,0.0,0.8,0.2351,0.0,0.0,0.0,v18_1486,1,H,corpus_expansion_5000,0.8316580229786484,1
0.0,0.0,0.0,0.5,0.0,1.0,0.0,0.3153,v18_3883,0,M,corpus_expansion_5000,0.719553052075768,1
0.0,0.0,0.0,0.1,0.0,0.0,0.0,0.5394,v18_0169,0,H,new_mid_w0_p0,0.1093085340118682,0
0.0,0.0,0.0,0.0,0.4509,0.0,0.0,0.6038,v18_1355,1,M,corpus_expansion_5000,0.13989554079563668,0
0.0,0.0,0.0,0.55,0.0,0.0,0.0,0.0,v18_2785,1,M,corpus_expansion_5000,0.2411447352040636,0
0.0,0.0,0.0,0.0,0.3823,0.0,0.0,0.173,v18_3632,0,M,corpus_expansion_5000,0.13493555728515033,0
0.0,0.0,0.0,0.1,0.0,0.0,0.0,0.4012,v18_4748,0,L,corpus_expansion_5000,0.11032877866604021,0
0.0,0.0,0.0,0.0,0.2384,0.0,0.0,0.904,v18_4004,0,M,corpus_expansion_5000,0.11212293679075264,0
0.0,0.0,0.0,0.0,0.0,0.0,0.0,0.4184,v18_2682,1,M,corpus_expansion_5000,0.09186620316180659,0
0.0,0.0,0.0,0.8,0.4119,0.3333,0.0,0.1891,v18_4704,0,H,corpus_expansion_5000,0.6294045879603134,1
0.0,0.0,0.0,0.1,0.2505,0.0,0.0,0.837,v18_4025,0,H,corpus_expansion_5000,0.1360273073302293,0
0.3,0.0,0.0,0.4,0.0,0.0,0.0,0.9944,v18_1640,1,M,corpus_expansion_5000,0.6125220337361617,1
0.0,0.0,0.0,0.1,0.0,0.0,0.8,0.3478,v18_1290,1,M,corpus_expansion_5000,0.16920229631993716,0
0.0,0.0,0.0,0.75,0.0,0.0,0.0,0.0,v18_1380,1,M,corpus_expansion_5000,0.32263931900913917,0
0.0,0.0,0.0,0.3,0.0,0.3333,0.0,0.0,v18_1933,1,M,corpus_expansion_5000,0.2860730847351194,0
0.0,0.0,0.0,0.45,0.0,0.3333,0.0,0.0,v18_0579,1,H,new_high_w1_pany,0.35183690948447854,0
0.0,0.0,0.0,0.2,0.0,0.0,0.0,0.0,v18_4220,0,M,corpus_expansion_5000,0.1353199798207458,0
0.0,0.0,0.0,0.3,0.0,0.0,0.0,0.2277,v18_3160,0,H,corpus_expansion_5000,0.15848550696982344,0
0.0,0.0,0.0,0.45,0.0,0.0,0.0,0.0,v18_2030,1,M,corpus_expansion_5000,0.2060688837501653,0
0.0,0.0,0.0,0.0,0.0,0.0,0.0,0.5829,v18_0892,1,M,corpus_expansion_5000,0.09083507161715394,0
0.0,0.0,0.0,0.5,0.3893,0.0,0.0,0.0,v18_3951,0,M,corpus_expansion_5000,0.3045995168144518,0
0.0,0.0,0.0,0.8,0.3806,0.0,0.0,0.0,v18_0780,0,H,v17_reused,0.44329353692729795,1
0.0,0.0,0.0,1.0,0.7526,0.3333,0.75,0.0,v18_0159,0,H,new_mid_w0_p0,0.8556242132714119,1
0.0,0.0,0.0,0.4,0.0,0.3333,0.0,0.5415,v18_0002,0,H,v17_reused,0.32015637523129953,0
0.3,0.0,0.0,1.0,0.0,0.0,0.8,0.0,v18_2263,1,M,corpus_expansion_5000,0.903725131514506,1
0.0,0.0,0.0,0.1,0.2208,0.0,0.0,0.0,v18_3216,0,H,corpus_expansion_5000,0.13971237781928053,0
0.3,0.0,0.0,0.3,0.0,0.0,0.0,0.0,v18_2109,1,M,corpus_expansion_5000,0.581916924460261,1
0.0,0.0,0.0,0.1,0.2119,0.0,0.0,0.1712,v18_0849,1,H,corpus_expansion_5000,0.1370206048252281,0
0.3,0.0,0.0,0.3,0.0,0.0,0.0,0.8714,v18_2737,1,M,corpus_expansion_5000,0.565826203989932,1
0.0,0.0,0.0,0.3,0.4003,0.0,0.0,0.7955,v18_2466,1,M,corpus_expansion_5000,0.21782583317073023,0
0.0,0.0,0.0,0.0,0.1902,0.0,0.0,0.0,v18_3650,0,M,corpus_expansion_5000,0.11372618185194458,0
0.0,0.0,0.0,0.0,0.0,0.0,0.0,0.7904,v18_1596,1,M,corpus_expansion_5000,0.08954926881988429,0
0.0,0.0,0.0,0.3,0.2707,0.0,0.0,0.8603,v18_1776,1,M,corpus_expansion_5000,0.19406691221414885,0
0.3,0.2,0.0,0.0,0.3275,0.0,0.0,0.6673,v18_1913,1,M,corpus_expansion_5000,0.565214912592122,1
0.0,0.0,0.0,0.7,0.0,0.0,0.0,0.0,v18_1043,1,M,corpus_expansion_5000,0.30093381222399707,0
0.0,0.0,0.0,0.1,0.0,0.0,0.0,0.2853,v18_4713,0,L,corpus_expansion_5000,0.11119081820255733,0
0.0,0.0,0.0,0.3,0.0,0.0,0.0,0.9449,v18_1544,1,M,corpus_expansion_5000,0.1513950854472003,0
0.0,0.15,0.0,0.4,0.7364,0.0,0.0,0.0,v18_2736,1,M,corpus_expansion_5000,0.3832153261428061,0
0.0,0.0,0.0,0.0,0.0,0.0,0.6667,0.0,v18_3706,0,M,corpus_expansion_5000,0.13594465100785882,0
0.0,0.0,0.0,1.0,0.0,0.0,0.0,0.0,v18_4617,0,M,corpus_expansion_5000,0.4413369854724032,1
0.0,0.0,0.0,0.0,0.0,0.0,0.0,0.0,v18_0053,0,H,new_mid_w1_p0,0.0945363922261271,0
0.0,0.0,0.3536,0.3,0.0,0.0,0.0,0.0,v18_1796,1,M,corpus_expansion_5000,0.1808386857797211,0
0.0,0.0,0.0,0.3,0.0,0.3333,0.0,0.7752,v18_1911,1,M,corpus_expansion_5000,0.274268209008867,0
0.0,0.0,0.3055,0.4,0.253,1.0,0.6667,0.8531,v18_2306,1,M,corpus_expansion_5000,0.8184756957756283,1
0.3,0.0,0.0,1.0,0.7742,0.3333,0.0,0.0,v18_2553,1,L,corpus_expansion_5000,0.9652603202614585,1
0.0,0.0,0.0,0.8,0.0,1.0,0.0,0.0,v18_2800,1,M,corpus_expansion_5000,0.8282355492157261,1
0.0,0.0,0.5296,0.0,0.3141,0.0,0.0,0.9272,v18_4086,0,M,corpus_expansion_5000,0.14470786768322905,0
0.0,0.0,0.0,0.8,0.728,0.0,0.0,0.0,v18_4127,0,M,corpus_expansion_5000,0.5371495813291624,1
0.0,0.0,0.0,0.1,0.0,0.3333,0.0,0.0,v18_0824,1,M,corpus_expansion_5000,0.21093841116397974,0
0.0,0.0,0.0,0.7,0.4721,0.3333,0.0,0.0702,v18_4733,0,L,corpus_expansion_5000,0.599058438409889,1
0.0,0.0,0.0,0.55,0.0,0.0,0.0,0.0,v18_3178,0,H,corpus_expansion_5000,0.2411447352040636,0
0.0,0.0,0.0,0.0,0.0,0.0,0.0,0.5457,v18_3401,0,H,corpus_expansion_5000,0.0910673361138763,0
0.0,0.0,0.0,0.15,0.0,0.0,0.0,0.8647,v18_1389,1,M,corpus_expansion_5000,0.11699464936207442,0
0.0,0.0,0.6011,0.0,0.0,0.0,0.0,0.5142,v18_3564,0,H,corpus_expansion_5000,0.11330042152870937,0
0.0,0.0,0.4327,0.8,0.0,0.0,0.0,0.0,v18_4876,0,L,corpus_expansion_5000,0.38529762792756156,0
0.0,0.0,0.0,0.65,0.0,0.0,0.0,0.7364,v18_0884,1,H,corpus_expansion_5000,0.26900985020626034,0
0.0,0.0,0.0,0.0,0.2965,0.0,0.0,0.5609,v18_3805,0,M,corpus_expansion_5000,0.12128357029579274,0
0.3,0.0,0.0,0.0,0.0,0.5833,0.0,0.6443,v18_1607,1,M,corpus_expansion_5000,0.7243415138685636,1
0.3,0.0,0.0,0.8,0.3627,0.3333,0.0,0.0,v18_1594,1,M,corpus_expansion_5000,0.9222694788751578,1
0.0,0.0,0.0,0.9,0.334,0.0,0.0,0.0,v18_0771,0,H,new_mid_w0_p0,0.4810188991784051,1
0.0,0.0,0.0,0.0,0.249,0.0,0.0,0.2026,v18_2611,1,M,corpus_expansion_5000,0.11870233988843988,0
0.0,0.0,0.0,0.1,0.2202,0.0,0.0,0.326,v18_4661,0,M,corpus_expansion_5000,0.13670277390246421,0
0.0,0.0,0.0,0.2,0.2082,0.0,0.0,0.0,v18_2273,1,M,corpus_expansion_5000,0.16397145736911356,0
0.0,0.0,0.0,0.45,0.5654,0.0,0.0,0.0,v18_1868,1,M,corpus_expansion_5000,0.32393754926875235,0
0.0,0.0,0.0,0.3,0.0,0.0,0.0,0.841,v18_1085,1,M,corpus_expansion_5000,0.15240588400164884,0
0.0,0.0,0.0,0.45,0.0,0.0,0.0,0.4832,v18_0010,0,H,v17_reused,0.2001629885758341,0
0.0,0.0,0.0,0.0,0.272,0.6667,0.0,0.2217,v18_3611,0,M,corpus_expansion_5000,0.3762640858868449,0
0.0,0.0,0.0,0.0,0.0,0.0,0.6667,0.3831,v18_1325,1,M,corpus_expansion_5000,0.13258201302671047,0
0.0,0.0,0.0,0.0,0.0,0.0,0.0,0.2545,v18_3390,0,H,corpus_expansion_5000,0.09290402515698817,0
0.0,0.0,0.0,0.0,0.2077,0.0,0.0,0.0,v18_1463,1,M,corpus_expansion_5000,0.11565277201298187,0
0.0,0.0,0.0,0.0,0.4357,0.0,0.0,0.5946,v18_0806,1,M,corpus_expansion_5000,0.1380068350611643,0
0.0,0.0,0.0,0.2,0.0,0.3333,0.0,0.0,v18_4260,0,M,corpus_expansion_5000,0.24658569031706137,0
0.0,0.0,0.5312,0.8,0.0,0.3333,0.6667,0.9682,v18_3985,0,M,corpus_expansion_5000,0.6563591504090336,1
0.0,0.0,0.0,0.5,0.0,0.0,0.0,0.1669,v18_3771,0,M,corpus_expansion_5000,0.2209388185884849,0
0.3,0.0,0.5433,0.9,0.0,0.0,0.0,0.0,v18_2108,1,M,corpus_expansion_5000,0.8535292994452353,1
0.0,0.0,0.0,0.4,0.0,0.0,0.0,0.0,v18_4235,0,M,corpus_expansion_5000,0.19000580961738978,0
0.0,0.0,0.0,0.4,0.0,0.0,0.0,0.0,v18_4956,0,M,corpus_expansion_5000,0.19000580961738978,0
0.0,0.0,0.0,0.85,0.0,0.3333,0.75,0.9305,v18_2234,1,M,corpus_expansion_5000,0.6432632590708909,1
0.0,0.0,0.0,1.0,0.0,0.0,0.0,0.0,v18_3211,0,H,corpus_expansion_5000,0.4413369854724032,1
0.0,0.0,0.3627,0.0,0.2017,0.0,0.0,0.1629,v18_0963,1,H,corpus_expansion_5000,0.12923387659351546,0
0.0,0.0,0.0,1.0,0.0,0.0,0.0,0.0,v18_3415,0,H,corpus_expansion_5000,0.4413369854724032,1
0.0,0.0,0.0,0.3,0.2162,1.0,0.0,0.0,v18_3753,0,M,corpus_expansion_5000,0.689060873413982,1
0.0,0.0,0.0,0.5,0.926,0.0,0.0,0.0,v18_0398,1,H,new_mid_w1_p1,0.4394098775908154,1
0.0,0.0,0.0,0.0,0.0,0.3333,0.0,0.898,v18_2632,1,M,corpus_expansion_5000,0.1694592022316949,0
0.0,0.0,0.0,1.0,0.5155,0.3333,0.0,0.0,v18_4851,0,M,corpus_expansion_5000,0.7428853870821743,1
0.0,0.0,0.0,0.6,0.0,0.3333,0.0,0.0,v18_2996,0,H,corpus_expansion_5000,0.4237456057776692,1
0.0,0.0,0.0,0.3,0.0,0.3333,0.0,0.0,v18_0704,0,H,new_mid_w0_p0,0.2860730847351194,0
0.0,0.0,0.0,0.4,0.0,0.0,0.0,0.0,v18_0431,0,H,new_mid_w0_p0,0.19000580961738978,0
0.0,0.0,0.3772,0.8,0.0,0.0,0.6667,0.0,v18_0292,0,H,new_low_w0_pany,0.4801891594557295,1
0.0,0.0,0.0,0.1,0.8927,1.0,0.0,0.0,v18_4867,0,M,corpus_expansion_5000,0.7548229253355702,1
0.0,0.0,0.0,0.25,0.0,0.0,0.0,0.0,v18_0145,0,H,new_mid_w1_p0,0.1476023763660605,0
0.0,0.0,0.3354,0.9,0.0,1.0,0.0,0.2731,v18_4393,0,L,corpus_expansion_5000,0.8686756666592437,1
0.0,0.0,0.0,0.85,0.0,0.0,0.8,0.0,v18_2033,1,M,corpus_expansion_5000,0.488193908604315,1
0.0,0.0,0.0,0.4,0.0,0.0,0.0,0.1674,v18_4283,0,M,corpus_expansion_5000,0.18806785168750853,0
0.0,0.0,0.0,0.1,0.0,0.0,0.0,0.3965,v18_1165,1,M,corpus_expansion_5000,0.11036362208258738,0
0.0,0.0,0.0,0.1,0.0,0.0,0.0,0.0,v18_3500,0,H,corpus_expansion_5000,0.1133379569328199,0
0.0,0.0,0.0,0.0,0.0,0.0,0.0,0.2308,v18_2050,1,M,corpus_expansion_5000,0.09305496260396817,0
0.0,0.0,0.6908,0.0,0.0,0.3333,0.0,0.833,v18_2624,1,M,corpus_expansion_5000,0.21285716074792205,0
0.0,0.0,0.1571,0.0,0.3478,0.9167,0.0,0.1844,v18_4378,0,M,corpus_expansion_5000,0.5488252202129049,1
0.0,0.0,0.0,0.0,0.0,0.0,0.0,0.0,v18_0339,0,H,v17_reused,0.0945363922261271,0
0.0,0.0,0.0,0.0,0.0,0.0,0.0,0.1929,v18_3879,0,M,corpus_expansion_5000,0.09329679250687892,0
0.0,0.0,0.0,1.0,0.0,0.0,0.0,0.0,v18_4632,0,L,corpus_expansion_5000,0.4413369854724032,1
0.0,0.0,0.0,0.0,0.283,0.3333,0.0,0.6017,v18_2973,0,H,corpus_expansion_5000,0.22093289970179,0
0.0,0.0,0.0,0.9,0.0,0.0,0.0,0.3183,v18_0265,0,H,new_mid_w0_p0,0.38647656565572,0
0.0,0.0,0.0,0.3,0.0,0.6667,0.0,0.2002,v18_2424,1,M,corpus_expansion_5000,0.4522413409599613,1
0.0,0.0,0.4119,0.4,0.4119,0.0,0.0,0.9419,v18_1262,1,M,corpus_expansion_5000,0.2871103142469497,0
0.0,0.0,0.0,0.4,0.0,0.0,0.0,0.3965,v18_1771,1,M,corpus_expansion_5000,0.18544027373139169,0
0.0,0.0,0.0,0.85,0.0,0.3333,0.7143,0.0,v18_3511,0,H,corpus_expansion_5000,0.6542709475511214,1
0.0,0.0,0.0,1.0,0.0,0.0,0.0,0.0,v18_0271,0,H,v17_reused,0.4413369854724032,1
0.0,0.0,0.0,1.0,0.0,1.0,0.0,0.2799,v18_0696,0,H,v17_reused,0.8761841853808728,1
0.0,0.0,0.0,0.0,0.0,0.0,0.0,0.0,v18_0747,0,H,new_low_w0_pany,0.0945363922261271,0
0.0,0.0,0.0,1.0,0.0,0.0,1.0,0.4935,v18_0244,0,H,v17_reused,0.5846941680858114,1
0.0,0.0,0.0,1.0,0.0,1.0,0.0,0.0,v18_0317,0,H,v17_reused,0.8784590901281101,1
0.0,0.0,0.0,0.4,0.0,0.0,0.0,0.8479,v18_0476,0,H,new_mid_w1_p0,0.18034626920257127,0
0.0,0.0,0.0,0.3,0.5582,0.3333,0.0,0.0,v18_2032,1,M,corpus_expansion_5000,0.4232883946426938,1
0.0,0.0,0.1868,0.2,0.0,0.3333,0.0,0.8805,v18_0957,1,H,corpus_expansion_5000,0.24813995017626644,0
0.0,0.0,0.0,0.8,0.0,0.6667,0.0,0.0,v18_3816,0,M,corpus_expansion_5000,0.6974874866511146,1
0.3,0.0,0.0,0.8,0.0,0.0,0.0,0.0,v18_0813,1,M,corpus_expansion_5000,0.7929023714352891,1
0.0,0.0,0.0,0.5,0.0,0.3333,0.0,0.0,v18_4532,0,M,corpus_expansion_5000,0.3752431354790696,0
0.0,0.0,0.0,0.1,0.0,0.3333,0.0,0.4866,v18_1914,1,M,corpus_expansion_5000,0.20488714817642423,0
0.0,0.0,0.0,0.4,0.0,0.3333,0.0,0.0,v18_4602,0,M,corpus_expansion_5000,0.32912155184893244,0
0.0,0.0,0.0,0.8,0.0,0.0,0.0,0.0,v18_3487,0,H,corpus_expansion_5000,0.3451374483123983,0
0.0,0.0,0.0,0.0,0.0,0.0,0.0,0.0,v18_1297,1,M,corpus_expansion_5000,0.0945363922261271,0
0.0,0.0,0.0,0.6,0.0,0.0,0.0,0.6558,v18_4030,0,M,corpus_expansion_5000,0.2507245877034634,0
0.0,0.0,0.0,0.1,0.0,0.0,0.0,0.0,v18_1804,1,M,corpus_expansion_5000,0.1133379569328199,0
0.0,0.0,0.7623,0.0,0.0,0.0,0.0,0.3067,v18_0758,0,H,new_low_w0_pany,0.12161666746629052,0
0.0,0.0,0.0,0.0,0.0,0.0,0.0,0.5232,v18_0250,1,H,new_high_w1_pany,0.09120807790699394,0
0.0,0.0,0.0,0.85,0.0,0.0,0.8,0.0,v18_2461,1,L,corpus_expansion_5000,0.488193908604315,1
0.0,0.0,0.0,0.8,0.0,0.0,0.0,0.0,v18_0545,0,H,v17_reused,0.3451374483123983,0
0.0,0.0,0.4551,0.0,0.0,0.0,0.0,0.1126,v18_3241,0,H,corpus_expansion_5000,0.1105013366460632,0
0.0,0.0,0.0,0.35,0.0,0.0,0.0,0.0,v18_0738,0,H,new_mid_w0_p0,0.17491898592996105,0
0.0,0.0,0.0,0.85,0.0,0.0,0.0,0.7329,v18_0310,0,H,v17_reused,0.3555702953995473,0
0.5,0.0,0.0,0.3,0.0,0.0,0.0,0.0,v18_3780,0,M,corpus_expansion_5000,0.8392478694603321,1
0.0,0.0,0.1021,0.3,0.4759,0.0,0.0,0.0818,v18_2941,0,H,corpus_expansion_5000,0.24943882436057568,0
0.0,0.0,0.0,0.65,0.0,0.0,0.0,0.4866,v18_1131,1,H,corpus_expansion_5000,0.27273548435752637,0
0.0,0.0,0.0,1.0,0.0,0.0,0.0,0.4866,v18_1449,1,H,corpus_expansion_5000,0.4322973095567889,1
0.0,0.0,0.1641,0.0,0.0,0.0,0.0,0.346,v18_4919,0,M,corpus_expansion_5000,0.09798252903309293,0
0.0,0.0,0.0,0.85,0.0,0.3333,0.0,0.0,v18_0015,0,H,new_mid_w0_p0,0.5494664555230963,1
0.0,0.0,0.0,0.9,0.2788,0.0,0.0,0.0,v18_3232,0,H,corpus_expansion_5000,0.4660988128928254,1
0.0,0.0,0.0,0.1,0.0,0.3333,0.0,0.6317,v18_2769,1,M,corpus_expansion_5000,0.2031078492546176,0
0.0,0.0,0.0,0.0,0.2913,0.6667,0.0,0.6112,v18_3468,0,H,corpus_expansion_5000,0.3742743165155272,0
0.0,0.0,0.0,0.3,0.0,0.0,0.0,0.4918,v18_0920,1,H,corpus_expansion_5000,0.1558436963198693,0
0.0,0.0,0.0,0.55,0.0,0.0,0.0,0.0,v18_3029,0,H,corpus_expansion_5000,0.2411447352040636,0
0.0,0.0,0.186,0.0,0.0,0.6667,0.0,0.0,v18_1372,1,M,corpus_expansion_5000,0.3297983837708939,0
0.0,0.0,0.0,0.3,0.0,0.0,0.0,0.0,v18_3587,0,H,corpus_expansion_5000,0.16079228470839807,0
0.0,0.0,0.0,0.2,0.0,0.0,0.0,0.5624,v18_2544,1,M,corpus_expansion_5000,0.13042706172662621,0
0.0,0.0,0.0,0.7,0.3543,0.0,0.0,0.0,v18_3598,0,M,corpus_expansion_5000,0.3872954668772206,0
0.0,0.0,0.0,0.1,0.0,0.0,0.0,0.0,v18_0038,1,H,new_high_w1_pany,0.1133379569328199,0
0.0,0.0,0.0,0.2,0.0,0.0,0.0,0.0,v18_0363,0,H,v17_reused,0.1353199798207458,0
0.0,0.0,0.0,0.4,0.3095,0.0,0.0,0.0,v18_4101,0,M,corpus_expansion_5000,0.24705373609533757,0
0.0,0.0,0.0,0.4,0.3738,0.0,0.0,0.0,v18_0182,0,H,v17_reused,0.26025014359382553,0
0.5,0.0,0.0,0.05,0.0,0.0,0.0,0.4798,v18_3033,0,H,corpus_expansion_5000,0.752218275028346,1
0.0,0.0,0.0,0.1,0.0,0.0,0.0,0.0,v18_2983,0,H,corpus_expansion_5000,0.1133379569328199,0
0.0,0.0,0.0,0.55,0.0,0.0,0.0,0.4866,v18_1194,1,M,corpus_expansion_5000,0.2344844413536289,0
0.0,0.0,0.0,0.2,0.0,0.0,0.0,0.3646,v18_2852,1,M,corpus_expansion_5000,0.1321305551995193,0
0.0,0.0,0.0,0.3,0.0,0.0,0.0,0.0,v18_4542,0,L,corpus_expansion_5000,0.16079228470839807,0
0.0,0.0,0.0,0.85,0.0,0.0,1.0,0.0,v18_1121,1,M,corpus_expansion_5000,0.5189366056681108,1
0.0,0.15,0.0,1.0,0.0,0.3333,0.6667,0.0,v18_2235,1,L,corpus_expansion_5000,0.7479546523438566,1
0.0,0.0,0.0,0.3,0.0,0.0,0.0,0.7653,v18_2667,1,H,corpus_expansion_5000,0.15314581743321837,0
0.0,0.0,0.0,0.95,0.0,0.0,0.0,0.4866,v18_3699,0,M,corpus_expansion_5000,0.4076543965940803,0
0.0,0.0,0.0,0.5,0.0,0.0,0.0,0.0,v18_3223,0,H,corpus_expansion_5000,0.22311587068072297,0
0.0,0.0,0.0,0.0,0.2788,0.0,0.0,0.8339,v18_1182,1,M,corpus_expansion_5000,0.11710464446720181,0
0.0,0.0,0.6107,0.1,0.0,0.0,0.0,0.8552,v18_4184,0,M,corpus_expansion_5000,0.13273430606046585,0
0.0,0.0,0.0,0.95,0.0,0.0,0.0,0.7364,v18_4293,0,M,corpus_expansion_5000,0.4031072867748539,0
0.0,0.0,0.0,0.0,0.0,0.0,0.0,0.7878,v18_0614,1,H,new_mid_w1_p1,0.08956527808134776,0
0.0,0.0,0.0,0.6,0.0,0.0,0.0,0.862,v18_4908,0,M,corpus_expansion_5000,0.24781064986832865,0
0.0,0.0,0.0,0.85,0.0,0.0,0.75,0.0,v18_1466,1,M,corpus_expansion_5000,0.4805131009053714,1
0.0,0.0,0.0,0.2,0.0,0.0,0.0,0.0,v18_0401,0,H,new_mid_w0_p0,0.1353199798207458,0
0.0,0.0,0.0,0.3,0.0,0.0,0.0,0.3194,v18_3042,0,H,corpus_expansion_5000,0.157564130026696,0
0.0,0.0,0.0,0.1,0.0,0.0,0.0,0.9517,v18_0934,1,M,corpus_expansion_5000,0.1063138333332219,0
0.0,0.0,0.0,0.1,0.0,0.0,0.0,0.0,v18_2419,1,M,corpus_expansion_5000,0.1133379569328199,0
0.0,0.0,0.0,0.0,0.0,0.0,0.6667,0.4344,v18_4860,0,L,corpus_expansion_5000,0.13213711899128838,0
0.0,0.0,0.0,0.0,0.0,0.0,0.0,0.1795,v18_4910,0,M,corpus_expansion_5000,0.09338242919353935,0
0.0,0.0,0.0,0.1,0.3521,0.0,0.0,0.49,v18_2641,1,M,corpus_expansion_5000,0.15286325658830527,0
0.0,0.0,0.0,0.0,0.4394,0.0,0.0,0.0,v18_4017,0,H,corpus_expansion_5000,0.14392940408988392,0
0.0,0.0,0.0,0.4,0.0,0.0,0.0,0.0,v18_0726,1,H,new_high_w1_pany,0.19000580961738978,0
0.0,0.0,0.0,0.1,0.3526,0.3333,0.0,0.1086,v18_0826,1,M,corpus_expansion_5000,0.2798587323632524,0
0.0,0.0,0.0,0.4,0.0,0.0,0.0,0.9449,v18_1521,1,M,corpus_expansion_5000,0.17926598973881527,0
0.0,0.0,0.0,0.0,0.2975,0.3333,0.0,0.2399,v18_4856,0,L,corpus_expansion_5000,0.22843062052528226,0
0.5,0.0,0.8111,0.75,0.0,0.0,0.0,0.9643,v18_2930,0,H,corpus_expansion_5000,0.9435057366743854,1
0.0,0.0,0.0,0.2,0.406,0.0,0.75,0.0,v18_0136,0,H,new_low_w0_pany,0.2782436120513043,0
0.0,0.0,0.0,0.2,0.0,0.0,0.75,0.0,v18_3590,0,H,corpus_expansion_5000,0.1988642435269017,0
0.0,0.0,0.0,1.0,0.0,0.0,0.0,0.0,v18_0628,0,H,new_low_w0_pany,0.4413369854724032,1
0.3,0.0,0.0,0.9,0.0,0.3333,0.0,0.0,v18_0334,0,H,new_mid_w0_p0,0.9074335713890842,1
0.0,0.0,0.0,0.1,0.3893,0.0,0.0,0.3168,v18_0390,0,H,new_mid_w1_p0,0.15990922684742784,0
0.0,0.0,0.0,0.9,0.0,0.0,0.0,0.0,v18_4387,0,M,corpus_expansion_5000,0.3921913672632442,0
0.5,0.0,0.0,0.0,0.0,0.0,0.0,0.8633,v18_4904,0,M,corpus_expansion_5000,0.7271739580586591,1
0.0,0.0,0.0,0.5,0.0,0.0,0.0,0.7917,v18_3832,0,M,corpus_expansion_5000,0.21292446412770244,0
0.3,0.0,0.0,0.9,0.4812,1.0,0.0,0.0,v18_1817,1,M,corpus_expansion_5000,0.9863502939426652,1
0.0,0.0,0.0,0.8,0.0,0.0,0.0,0.718,v18_0400,0,H,new_mid_w0_p0,0.33298750717799724,0
0.0,0.0,0.0,0.0,0.0,0.0,0.0,0.2986,v18_0710,0,H,new_high_w1_pany,0.09262375166819026,0
0.0,0.0,0.0,0.3,0.0,0.0,0.0,0.421,v18_1039,1,H,corpus_expansion_5000,0.15654837097718127,0
0.0,0.0,0.0,0.1,0.0,0.0,0.0,0.1315,v18_3989,0,M,corpus_expansion_5000,0.11234384390109488,0
0.0,0.0,0.0,0.5,0.0,0.0,0.0,0.8238,v18_3359,0,H,corpus_expansion_5000,0.2125184986220218,0
0.0,0.0,0.406,0.6,0.406,0.0,0.0,0.0,v18_0046,1,H,new_mid_w1_p1,0.39118188402147475,0
0.3,0.0,0.0,0.3,0.0,1.0,0.0,0.0,v18_1561,1,M,corpus_expansion_5000,0.9271898985651443,1
0.0,0.0,0.0,0.3,0.4139,0.0,0.0,0.0,v18_4799,0,H,corpus_expansion_5000,0.23084221797929655,0
0.0,0.0,0.0,0.1,0.0,0.0,0.0,0.0,v18_3642,0,H,corpus_expansion_5000,0.1133379569328199,0
0.5,0.0,0.305,0.4,0.0,0.3333,0.0,0.514,v18_3726,0,M,corpus_expansion_5000,0.9356080821453949,1
0.0,0.0,0.0,1.0,0.0,0.3333,0.0,0.0,v18_4982,0,M,corpus_expansion_5000,0.6229465733397762,1
0.0,0.0,0.6381,0.3,0.0,0.0,0.0,0.4146,v18_1112,1,M,corpus_expansion_5000,0.19341041766614195,0
0.0,0.0,0.0,0.7,0.4557,0.0,1.0,0.3768,v18_2513,1,M,corpus_expansion_5000,0.5591899765303632,1
0.0,0.0,0.4759,0.5,0.0,0.0,0.6667,0.0,v18_3608,0,M,corpus_expansion_5000,0.34369787728358525,0
0.0,0.0,0.4681,0.8,0.0,1.0,0.6667,0.0,v18_1223,1,H,corpus_expansion_5000,0.8975956246268766,1
0.0,0.0,0.0,1.0,0.0,0.3333,0.0,0.0,v18_4060,0,M,corpus_expansion_5000,0.6229465733397762,1
0.0,0.0,0.0,0.1,0.2797,0.0,0.0,0.0,v18_3023,0,H,corpus_expansion_5000,0.1475664263753733,0
0.0,0.0,0.0,0.4,0.0,0.0,0.0,0.0,v18_2421,1,M,corpus_expansion_5000,0.19000580961738978,0
0.0,0.0,0.0,0.8,0.0,0.0,0.0,0.949,v18_1508,1,M,corpus_expansion_5000,0.32912433633448773,0
0.0,0.0,0.0,0.1,0.0,0.0,0.0,0.3175,v18_1750,1,M,corpus_expansion_5000,0.1109507320206637,0
0.0,0.0,0.0,1.0,0.0,0.3333,0.0,0.0,v18_4837,0,L,corpus_expansion_5000,0.6229465733397762,1
0.0,0.0,0.0,0.0,0.0,0.0,0.0,0.4486,v18_4096,0,M,corpus_expansion_5000,0.0916761160086332,0
0.0,0.0,0.0,0.0,0.0,0.0,0.0,0.0,v18_1799,1,M,corpus_expansion_5000,0.0945363922261271,0
0.0,0.0,0.0,0.55,0.0,0.0,0.0,0.0,v18_0338,0,H,v17_reused,0.2411447352040636,0
0.0,0.0,0.0,0.35,0.0,0.0,0.0,0.7364,v18_0215,0,H,v17_reused,0.1670376321608323,0
0.0,0.0,0.0,0.7,0.0,0.0,0.0,0.0,v18_3663,0,M,corpus_expansion_5000,0.30093381222399707,0
0.0,0.0,0.0,0.7,0.0,0.0,0.8333,0.0,v18_1341,1,M,corpus_expansion_5000,0.4181652738511164,1
0.0,0.0,0.0,0.0,0.6494,0.0,0.0,0.0,v18_0011,0,H,v17_reused,0.17431760056595527,0
0.0,0.0,0.0,0.0,0.2017,0.0,0.0,0.8585,v18_1520,1,M,corpus_expansion_5000,0.10855426310924385,0
0.0,0.0,0.0,0.4,0.0,0.3333,0.0,0.0,v18_3640,0,M,corpus_expansion_5000,0.32912155184893244,0
0.0,0.0,0.0,0.5,0.0,0.0,0.0,0.0,v18_3937,0,M,corpus_expansion_5000,0.22311587068072297,0
0.0,0.0,0.0,0.7,0.0,0.0,0.0,0.6832,v18_4427,0,L,corpus_expansion_5000,0.29019271611269404,0
0.0,0.0,0.0,0.4,0.2742,0.0,0.0,0.0,v18_3004,0,H,corpus_expansion_5000,0.2400030018362426,0
0.0,0.0,0.0,0.3,0.0,0.3333,0.6667,0.0,v18_2864,1,M,corpus_expansion_5000,0.37649311241224453,0
0.0,0.0,0.0,0.3,0.0,0.0,0.0,0.0,v18_3115,0,H,corpus_expansion_5000,0.16079228470839807,0
0.0,0.0,0.0,1.0,0.0,0.0,0.6667,0.0,v18_4840,0,L,corpus_expansion_5000,0.5434738198858534,1
0.0,0.0,0.0,0.25,0.0,0.0,0.0,0.0,v18_2322,1,M,corpus_expansion_5000,0.1476023763660605,0
0.0,0.2,0.0,0.9,0.7144,0.0,0.0,0.3853,v18_2571,1,L,corpus_expansion_5000,0.632165294371068,1
0.0,0.0,0.0,0.9,0.0,0.3333,0.0,0.0,v18_2913,0,H,corpus_expansion_5000,0.5743695239102369,1
0.0,0.0,0.0,0.4,0.3722,0.0,0.0,0.9186,v18_0101,1,H,new_mid_w1_p1,0.24679608652994997,0
0.0,0.0,0.0,0.7,0.2631,0.0,0.0,0.0,v18_3549,0,H,corpus_expansion_5000,0.3641073066875722,0
0.3,0.0,0.0,0.7,0.7772,1.0,0.0,0.0,v18_1458,1,M,corpus_expansion_5000,0.9851748684123818,1
0.0,0.0,0.0,0.1,0.0,0.5833,0.0,0.3229,v18_0171,1,H,new_high_w1_pany,0.3121153010270905,0
0.0,0.0,0.0,0.4,0.0,0.0,0.0,0.0,v18_0107,1,H,new_high_w1_pany,0.19000580961738978,0
0.0,0.0,0.0,0.4,0.5344,0.0,0.0,0.0,v18_4196,0,M,corpus_expansion_5000,0.29514328552989294,0
0.0,0.0,0.0,0.65,0.0,0.0,1.0,0.0,v18_3569,0,H,corpus_expansion_5000,0.41849315049290436,1
0.0,0.0,0.0,0.8,0.5296,0.3333,0.0,0.0,v18_4991,0,M,corpus_expansion_5000,0.6618531119973856,1
0.0,0.0,0.0,0.1,0.0,0.3333,0.0,0.8459,v18_4295,0,M,corpus_expansion_5000,0.20050229529672584,0
0.0,0.15,0.0,0.1,0.0,0.0,0.0,0.8138,v18_4063,0,M,corpus_expansion_5000,0.12532311444865932,0
0.0,0.0,0.3536,0.7,0.0,0.0,0.0,0.8674,v18_3861,0,M,corpus_expansion_5000,0.31719572432578674,0
0.0,0.0,0.0,0.3,0.0,0.0,0.0,0.5478,v18_4122,0,M,corpus_expansion_5000,0.1552881601700861,0
0.0,0.0,0.0,1.0,0.0,0.3333,0.75,0.0,v18_4629,0,M,corpus_expansion_5000,0.7237986610120617,1
0.0,0.0,0.3611,0.3,0.0,0.0,0.0,0.0,v18_0060,1,H,new_mid_w1_p1,0.18128424119739683,0
0.3,0.0,0.0,0.85,0.5654,0.0,0.0,0.0,v18_1240,1,H,corpus_expansion_5000,0.8866276429286175,1
0.0,0.0,0.0,0.2,0.0,0.0,0.0,0.0,v18_4637,0,L,corpus_expansion_5000,0.1353199798207458,0
0.0,0.0,0.0,0.0,0.0,0.0,0.0,0.3425,v18_1040,1,M,corpus_expansion_5000,0.0923455035588974,0
0.0,0.0,0.0,0.7,0.0,0.0,0.0,0.5865,v18_4187,0,M,corpus_expansion_5000,0.2916991908617233,0
0.0,0.0,0.0,0.1,0.0,0.0,0.0,0.5312,v18_2760,1,M,corpus_expansion_5000,0.1093688378200317,0
0.0,0.0,0.0,0.2,0.0,0.0,0.0,0.5841,v18_2120,1,L,corpus_expansion_5000,0.13024131768998384,0
0.0,0.0,0.0,0.6,0.0,0.0,0.0,0.0,v18_1524,1,M,corpus_expansion_5000,0.2601425988962303,0
0.0,0.0,0.0,0.7,0.4631,0.5833,0.0,0.0,v18_3521,0,H,corpus_expansion_5000,0.7212157781452585,1
0.0,0.0,0.0,0.0,0.0,0.0,0.0,0.7488,v18_0153,1,H,new_mid_w1_p1,0.08980572683579384,0
0.0,0.0,0.0,0.9,0.0,0.0,0.0,0.8755,v18_2248,1,M,corpus_expansion_5000,0.3765482288833574,0
0.3,0.0,0.0,1.0,0.3435,0.0,0.8,0.2799,v18_0481,1,L,new_mid_w0_p0,0.930256146161955,1
0.0,0.0,0.0,0.65,0.0,0.0,0.0,0.0,v18_4233,0,M,corpus_expansion_5000,0.28008474130873345,0
0.0,0.0,0.0,0.5,0.0,0.3333,0.0,0.4457,v18_4305,0,M,corpus_expansion_5000,0.36738625312459416,0
0.0,0.0,0.0,0.0,0.5411,0.3333,0.0,0.0,v18_3578,0,H,corpus_expansion_5000,0.28192213062142907,0
0.0,0.0,0.0,0.5,0.0,0.0,0.0,0.2516,v18_4125,0,M,corpus_expansion_5000,0.21983982419587095,0
0.0,0.0,0.0,0.0,0.2498,0.0,0.0,0.0,v18_3562,0,H,corpus_expansion_5000,0.12040407341991612,0
0.0,0.0,0.0,0.3,0.0,0.0,0.0,0.609,v18_3315,0,H,corpus_expansion_5000,0.1546828880154378,0
0.5,0.0,0.0,0.0,0.0,0.0,0.0,0.47,v18_1762,1,M,corpus_expansion_5000,0.733026444011865,1
0.0,0.0,0.0,0.0,0.2087,0.0,0.0,0.4245,v18_3538,0,H,corpus_expansion_5000,0.11252248802907369,0
0.0,0.0,0.0,0.9,0.0,0.0,0.0,0.0,v18_4803,0,L,corpus_expansion_5000,0.3921913672632442,0
0.0,0.0,0.0,0.1,0.0,0.3333,0.0,0.55,v18_0750,0,H,new_mid_w1_p0,0.20410828139651088,0
0.0,0.0,0.0,0.1,0.0,0.0,0.0,0.2086,v18_3619,0,M,corpus_expansion_5000,0.1117645318940722,0
0.3,0.0,0.0,0.9,0.0,0.3333,0.6667,0.0,v18_1785,1,M,corpus_expansion_5000,0.936598492588218,1
0.0,0.0,0.0,0.0,0.4349,0.0,0.0,0.3514,v18_4270,0,M,corpus_expansion_5000,0.1401016651233248,0
0.0,0.0,0.0,0.5,0.2334,0.0,0.0,0.1902,v18_3383,0,H,corpus_expansion_5000,0.26719664194453807,0
0.0,0.0,0.0,1.0,0.0,0.3333,0.0,0.0,v18_4348,0,M,corpus_expansion_5000,0.6229465733397762,1
0.0,0.0,0.0,0.3,0.0,0.0,0.0,0.8544,v18_0405,1,H,new_high_w1_pany,0.15227521091378396,0
0.0,0.0,0.0,0.0,0.0,0.0,0.0,0.0,v18_0757,1,H,new_mid_w1_p1,0.0945363922261271,0
0.0,0.0,0.0,0.9,0.0,0.3333,0.0,0.0,v18_2711,1,M,corpus_expansion_5000,0.5743695239102369,1
0.0,0.0,0.0,0.8,0.0,0.0,0.75,0.4159,v18_2670,1,M,corpus_expansion_5000,0.4475484780168006,1
0.0,0.0,0.0,0.9,0.0,0.3333,0.6667,0.2105,v18_3983,0,M,corpus_expansion_5000,0.6668291217743905,1
0.0,0.0,0.5654,0.25,0.0,0.3333,0.0,0.9906,v18_0097,0,H,new_mid_w1_p0,0.2965043000387916,0
0.0,0.0,0.5672,0.0,0.0,0.0,0.0,0.7294,v18_1333,1,M,corpus_expansion_5000,0.11033767263254333,0
0.0,0.0,0.0,0.95,0.0,0.0,0.0,0.0,v18_4451,0,M,corpus_expansion_5000,0.4165568777450921,0
0.3,0.0,0.0,0.7,0.0,0.0,0.0,0.0,v18_2791,1,M,corpus_expansion_5000,0.7577048528648269,1
0.0,0.0,0.0,0.2,0.0,0.3333,0.8,0.4036,v18_2854,1,M,corpus_expansion_5000,0.34179144143122736,0
0.0,0.0,0.0,0.45,0.0,0.0,0.0,0.8647,v18_0186,0,H,new_mid_w1_p0,0.19559043216514294,0
0.0,0.0,0.2479,0.6,0.0,0.6667,0.0,0.107,v18_4003,0,M,corpus_expansion_5000,0.627581993707543,1
0.0,0.0,0.0,1.0,0.0,0.0,0.6667,0.0,v18_2723,1,L,corpus_expansion_5000,0.5434738198858534,1
0.0,0.0,0.0,1.0,0.5853,0.3333,0.0,0.0,v18_3583,0,H,corpus_expansion_5000,0.7570737030869277,1
0.0,0.0,0.0,0.4,0.6708,0.0,0.0,0.0,v18_2058,1,L,corpus_expansion_5000,0.32681236481183706,0
0.0,0.0,0.0,0.0,0.1235,0.0,0.0,0.6494,v18_1319,1,M,corpus_expansion_5000,0.10205522841223881,0
0.0,0.0,0.0,0.3,0.0,0.3333,0.0,0.2999,v18_0148,0,H,new_mid_w1_p0,0.28147015692111366,0
0.0,0.0,0.0,0.85,0.0,0.0,0.0,0.0,v18_0028,0,H,new_low_w0_pany,0.36835127139997426,0
0.0,0.0,0.0,0.0,0.0,0.0,0.0,0.0,v18_4140,0,M,corpus_expansion_5000,0.0945363922261271,0
0.0,0.0,0.0,0.0,0.0,0.0,0.0,0.0,v18_4009,0,H,corpus_expansion_5000,0.0945363922261271,0
0.0,0.0,0.0,0.85,0.0,0.0,0.0,0.0,v18_3363,0,H,corpus_expansion_5000,0.36835127139997426,0
0.0,0.0,0.0,0.3,0.0,0.0,0.0,0.0,v18_0692,0,H,v17_reused,0.16079228470839807,0
0.0,0.0,0.0,0.45,0.0,0.0,0.0,0.7364,v18_2866,1,M,corpus_expansion_5000,0.1971193189536589,0
0.0,0.0,0.0,1.0,0.0,0.0,0.0,0.0,v18_3776,0,M,corpus_expansion_5000,0.4413369854724032,1
0.0,0.0,0.0,0.0,0.0,0.0,0.0,0.1349,v18_1386,1,M,corpus_expansion_5000,0.09366796684423076,0
0.0,0.0,0.2364,0.0,0.0,0.0,0.0,0.1902,v18_1845,1,M,corpus_expansion_5000,0.10164195703380519,0
0.0,0.0,0.0,0.2,0.0,0.0,0.0,0.2847,v18_4730,0,M,corpus_expansion_5000,0.13282400116864834,0
0.0,0.0,0.0,0.9,0.0,0.3333,0.0,0.0,v18_0129,0,H,new_mid_w0_p0,0.5743695239102369,1
0.0,0.0,0.0,0.6,0.0,0.0,0.0,0.9794,v18_1599,1,M,corpus_expansion_5000,0.24616177789430432,0
0.0,0.0,0.0,0.3,0.5155,0.0,0.0,0.0,v18_3629,0,M,corpus_expansion_5000,0.2509787809648273,0
0.0,0.0,0.0,0.35,0.0,0.0,0.7143,0.4866,v18_4503,0,L,corpus_expansion_5000,0.24075326040039874,0
0.0,0.0,0.5654,0.45,0.0,0.0,0.0,0.4866,v18_0701,0,H,v17_reused,0.23884791100972985,0
0.0,0.0,0.0,0.0,0.0,0.0,0.0,0.1865,v18_3982,0,M,corpus_expansion_5000,0.093337684818556,0
0.0,0.0,0.0,0.75,0.0,0.0,1.0,0.4866,v18_3028,0,H,corpus_expansion_5000,0.45925645998979464,1
0.0,0.0,0.0,0.3,0.0,0.0,0.0,0.8092,v18_2969,0,H,corpus_expansion_5000,0.15271635690558322,0
0.0,0.0,0.0,0.9,0.0,0.0,0.0,0.0,v18_4356,0,M,corpus_expansion_5000,0.3921913672632442,0
0.0,0.0,0.0,0.0,0.0,1.0,0.0,0.8544,v18_1708,1,M,corpus_expansion_5000,0.4724460063671518,1
0.0,0.0,0.0,0.4,0.3213,0.0,0.7143,0.2594,v18_2953,0,H,corpus_expansion_5000,0.33585262826989726,0
0.0,0.0,0.0,0.1,0.3611,0.0,0.0,0.8238,v18_0454,0,H,v17_reused,0.15087337690794872,0
0.0,0.0,0.0,1.0,0.0,1.0,0.0,0.0,v18_2868,1,M,corpus_expansion_5000,0.8784590901281101,1
0.0,0.0,0.0,0.9,0.3611,0.0,0.0,0.0,v18_2040,1,M,corpus_expansion_5000,0.4883578698647088,1
0.0,0.0,0.1356,0.0,0.2528,0.3333,0.0,0.4383,v18_1772,1,M,corpus_expansion_5000,0.2268268626569928,0
0.3,0.0,0.0,0.4,0.363,0.0,0.6667,0.4765,v18_2315,1,M,corpus_expansion_5000,0.785953231252389,1
0.0,0.0,0.0,0.35,0.0,0.0,0.75,0.4866,v18_0609,0,H,new_mid_w0_p0,0.24478986370433012,0
0.0,0.0,0.0,0.9,0.0,0.0,1.0,0.0,v18_0167,0,L,new_mid_w1_p0,0.5441271193800749,1
0.0,0.0,0.0,0.7,0.0,0.0,0.0,0.0,v18_0730,0,H,v17_reused,0.30093381222399707,0
0.0,0.0,0.0,0.3,0.0,0.0,0.0,0.0,v18_4248,0,M,corpus_expansion_5000,0.16079228470839807,0
0.0,0.0,0.0,0.4,0.0,0.0,0.0,0.0,v18_3358,0,H,corpus_expansion_5000,0.19000580961738978,0
0.0,0.0,0.0,0.4,0.0,0.3333,0.75,0.1844,v18_2074,1,M,corpus_expansion_5000,0.43418981775363774,1
0.0,0.0,0.0,0.0,0.4694,0.0,0.0,0.0803,v18_4039,0,H,corpus_expansion_5000,0.14722100265841592,0
0.0,0.0,0.0,0.2,0.0,0.0,0.0,0.0,v18_3700,0,M,corpus_expansion_5000,0.1353199798207458,0
0.0,0.0,0.0,0.0,0.2917,0.3333,0.6667,0.5179,v18_1622,1,M,corpus_expansion_5000,0.30271480567356296,0
0.0,0.0,0.0,0.3,0.0,0.0,0.7143,0.0,v18_0587,1,H,new_high_w1_pany,0.2291717450339885,0
0.0,0.0,0.0,0.0,0.0,0.0,0.0,0.0,v18_1401,1,M,corpus_expansion_5000,0.0945363922261271,0
0.0,0.0,0.0,1.0,0.0,0.0,0.0,0.0,v18_3045,0,H,corpus_expansion_5000,0.4413369854724032,1
0.0,0.0,0.0,0.3,0.5998,0.0,0.0,0.5117,v18_3224,0,H,corpus_expansion_5000,0.26102725770834445,0
0.0,0.0,0.0,0.85,0.5654,0.0,0.75,0.0,v18_1700,1,M,corpus_expansion_5000,0.6306635255554889,1
0.0,0.0,0.0,0.8,0.0,0.0,0.0,0.0,v18_3088,0,H,corpus_expansion_5000,0.3451374483123983,0
0.0,0.0,0.0,0.0,0.0,0.0,0.0,0.4732,v18_4390,0,M,corpus_expansion_5000,0.09152153822740296,0
0.0,0.0,0.0,0.7,0.0,0.0,0.0,0.0,v18_2981,0,H,corpus_expansion_5000,0.30093381222399707,0
0.0,0.0,0.0,0.0,0.0,0.0,0.0,0.3229,v18_0040,0,H,v17_reused,0.09246963988584311,0
0.0,0.0,0.0,0.8,0.5186,0.0,0.0,0.0,v18_1379,1,M,corpus_expansion_5000,0.4804660962249117,1
0.0,0.0,0.0,0.8,0.0,1.0,0.0,0.0,v18_2089,1,M,corpus_expansion_5000,0.8282355492157261,1
0.0,0.0,0.0,0.35,0.0,0.0,0.0,0.0,v18_2175,1,M,corpus_expansion_5000,0.17491898592996105,0
0.0,0.0,0.0,0.0,0.0,0.0,0.0,0.0,v18_3217,0,H,corpus_expansion_5000,0.0945363922261271,0
0.0,0.2,0.0,0.7,0.2108,0.6667,1.0,0.0,v18_2885,1,M,corpus_expansion_5000,0.8469334877109648,1
0.0,0.0,0.0,0.5,0.0,0.0,0.0,0.0,v18_0074,0,H,v17_reused,0.22311587068072297,0
0.0,0.0,0.0,0.1,0.0,0.0,0.0,0.0,v18_3909,0,M,corpus_expansion_5000,0.1133379569328199,0
0.0,0.0,0.0,0.2,0.0,0.0,0.0,0.0,v18_4964,0,M,corpus_expansion_5000,0.1353199798207458,0
0.3,0.0,0.1336,1.0,0.3497,0.6667,1.0,0.0,v18_2657,1,M,corpus_expansion_5000,0.9862229379082085,1
0.0,0.0,0.0,0.6,0.0,0.3333,0.0,0.0,v18_3180,0,H,corpus_expansion_5000,0.4237456057776692,1
0.0,0.0,0.0,0.9,0.4179,1.0,0.6667,0.0,v18_2076,1,M,corpus_expansion_5000,0.9333135546013915,1
0.0,0.0,0.0,0.8,0.0,0.0,0.0,0.0,v18_0441,0,H,v17_reused,0.3451374483123983,0
0.0,0.0,0.0,0.0,0.1196,0.0,0.0,0.0962,v18_4051,0,M,corpus_expansion_5000,0.10554783578209072,0
0.0,0.0,0.0,0.2,0.6358,0.0,0.0,0.0,v18_2051,1,M,corpus_expansion_5000,0.23769968028866886,0
0.0,0.0,0.0,0.2,0.6933,0.0,0.0,0.0,v18_2541,1,M,corpus_expansion_5000,0.24918073046152106,0
0.0,0.0,0.0,0.3,0.0,0.0,0.0,0.0,v18_3306,0,H,corpus_expansion_5000,0.16079228470839807,0
0.0,0.0,0.0,0.4,0.5654,0.0,0.0,0.9249,v18_1301,1,M,corpus_expansion_5000,0.2876619544036851,0
0.0,0.0,0.0,0.2,0.0,0.3333,0.0,0.0,v18_1781,1,M,corpus_expansion_5000,0.24658569031706137,0
0.0,0.0,0.0,0.1,0.0,0.0,0.0,0.2526,v18_4814,0,M,corpus_expansion_5000,0.11143509747915374,0
0.0,0.0,0.0,0.45,0.0,0.0,0.0,0.0,v18_3430,0,H,corpus_expansion_5000,0.2060688837501653,0
0.0,0.0,0.2864,0.7,0.0,0.0,0.0,0.6558,v18_1304,1,M,corpus_expansion_5000,0.3148301618602623,0
0.0,0.0,0.0,0.35,0.0,0.0,0.0,0.0,v18_0236,0,H,new_mid_w0_p0,0.17491898592996105,0
0.0,0.0,0.0,0.3,0.9184,0.0,0.0,0.6116,v18_2599,1,M,corpus_expansion_5000,0.3312074583700762,0
0.0,0.0,0.0,0.45,0.0,0.0,0.0,0.0,v18_0520,0,H,new_low_w0_pany,0.2060688837501653,0
0.0,0.0,0.0,0.6,0.0,0.0,0.0,0.2559,v18_2573,1,M,corpus_expansion_5000,0.2564404626367503,0
0.0,0.0,0.0,0.6,0.0,0.0,0.0,0.5373,v18_3280,0,H,corpus_expansion_5000,0.25240946459900226,0
0.0,0.0,0.0,0.4,0.0,0.0,0.6667,0.0,v18_3186,0,H,corpus_expansion_5000,0.26116944252095853,0
0.0,0.0,0.0,0.65,0.0,0.0,0.0,0.0,v18_2768,1,M,corpus_expansion_5000,0.28008474130873345,0
0.0,0.0,0.0,0.2,0.3755,0.0,0.0,0.0,v18_0735,0,H,v17_reused,0.1903757560088177,0
0.0,0.0,0.0,0.7,0.0,0.0,0.0,0.0,v18_4703,0,H,corpus_expansion_5000,0.30093381222399707,0
0.0,0.0,0.0,0.7,0.0,0.0,0.0,0.0,v18_4929,0,L,corpus_expansion_5000,0.30093381222399707,0
0.0,0.0,0.0,0.9,0.0,0.0,1.0,0.0,v18_2106,1,M,corpus_expansion_5000,0.5441271193800749,1
0.0,0.0,0.0,1.0,0.0,0.6667,0.0,0.0,v18_2679,1,M,corpus_expansion_5000,0.7755826087477349,1
0.0,0.0,0.0,0.5,0.0,0.0,0.0,0.0,v18_3229,0,H,corpus_expansion_5000,0.22311587068072297,0
0.0,0.0,0.0,0.0,0.2707,0.3333,0.0,0.6276,v18_2761,1,H,corpus_expansion_5000,0.21831196300346276,0
0.0,0.0,0.0,0.55,0.0,0.0,0.0,0.0,v18_0592,0,H,v17_reused,0.2411447352040636,0
0.0,0.0,0.0,0.0,0.0,0.0,0.0,0.9663,v18_1303,1,H,corpus_expansion_5000,0.08847215645385523,0
0.0,0.0,0.0,0.0,0.0,0.0,0.0,0.0,v18_1387,1,M,corpus_expansion_5000,0.0945363922261271,0
0.0,0.0,0.0,0.0,0.0,0.0,0.0,0.651,v18_4695,0,L,corpus_expansion_5000,0.09041125892154032,0
0.0,0.0,0.0,0.0,0.6837,0.0,0.6667,0.0,v18_4526,0,M,corpus_expansion_5000,0.24823138462729824,0
0.0,0.0,0.0,0.3,0.0,0.3333,0.0,0.4223,v18_3947,0,M,corpus_expansion_5000,0.2796045351792173,0
0.0,0.0,0.0,0.7,0.0,0.0,0.0,0.0,v18_1890,1,M,corpus_expansion_5000,0.30093381222399707,0
0.0,0.0,0.0,0.1,0.0,0.0,0.0,0.2835,v18_2987,0,H,corpus_expansion_5000,0.1112042525746624,0
0.0,0.0,0.0,0.0,0.3007,0.0,0.0,0.6708,v18_4924,0,H,corpus_expansion_5000,0.1208849807461734,0
0.0,0.0,0.0,0.0,0.2391,0.0,0.0,0.0,v18_3297,0,H,corpus_expansion_5000,0.11918076479068819,0
0.0,0.0,0.0,0.0,0.0,0.0,0.6667,0.8236,v18_0904,1,H,corpus_expansion_5000,0.12880291667506635,0
0.0,0.0,0.0,0.6,0.0,0.0,0.0,0.0,v18_4609,0,L,corpus_expansion_5000,0.2601425988962303,0
0.0,0.0,0.0,0.9,0.3213,0.0,0.0,0.0,v18_1279,1,M,corpus_expansion_5000,0.4775822262978241,1
0.0,0.0,0.0,0.35,0.5654,0.0,1.0,0.0,v18_0933,1,M,corpus_expansion_5000,0.4199379594326006,1
0.0,0.0,0.0,0.2,0.0,0.0,0.0,0.9984,v18_4899,0,M,corpus_expansion_5000,0.12673802340834764,0
0.3,0.0,0.0,0.5,0.0,0.0,0.0,0.0,v18_2308,1,L,corpus_expansion_5000,0.6759874883291183,1
0.0,0.0,0.0,0.0,0.0,0.0,0.0,0.1819,v18_1555,1,M,corpus_expansion_5000,0.09336708609791207,0
0.0,0.0,0.0,0.0,0.0,0.0,0.0,0.1743,v18_4533,0,L,corpus_expansion_5000,0.0934156803262923,0
0.3,0.2,0.0,0.5,0.1442,0.3333,0.0,0.3081,v18_3190,0,H,corpus_expansion_5000,0.8629966370101639,1
0.0,0.0,0.3551,0.4,0.0,0.3333,0.0,0.0,v18_4441,0,M,corpus_expansion_5000,0.3612620651944157,0
0.0,0.0,0.0,0.6,0.3492,0.0,0.0,0.2788,v18_0706,0,H,v17_reused,0.3345557487416237,0
0.0,0.0,0.0,0.2,0.0,0.0,0.0,0.0,v18_4690,0,H,corpus_expansion_5000,0.1353199798207458,0
0.0,0.0,0.0,0.9,0.0,0.6667,0.0,0.0,v18_3070,0,H,corpus_expansion_5000,0.7384126165357974,1
0.0,0.0,0.0,0.0,0.0,0.0,0.0,0.0,v18_0745,0,H,v17_reused,0.0945363922261271,0
0.0,0.0,0.0,0.1,0.0,0.0,0.0,0.0,v18_3594,0,H,corpus_expansion_5000,0.1133379569328199,0
0.0,0.0,0.0,0.0,0.3118,0.3333,0.0,0.2545,v18_1939,1,M,corpus_expansion_5000,0.23097901142858202,0
0.0,0.0,0.488,0.9,0.2844,0.3333,0.0,0.0,v18_4400,0,M,corpus_expansion_5000,0.6907412119007033,1
0.0,0.0,0.1401,0.0,0.0,0.3333,0.7143,0.3008,v18_2862,1,L,corpus_expansion_5000,0.25943940086428063,0
0.0,0.0,0.0,0.7,0.0,1.0,0.0,0.2516,v18_3996,0,M,corpus_expansion_5000,0.7944239158457118,1
0.0,0.0,0.0,0.55,0.0,0.0,0.0,0.7364,v18_0513,1,H,new_high_w1_pany,0.23111527620721362,0
0.0,0.0,0.0,0.2,0.0,0.0,0.0,0.0,v18_0081,0,H,v17_reused,0.1353199798207458,0
0.0,0.0,0.0,0.35,0.0,0.6667,0.0,0.1809,v18_4976,0,M,corpus_expansion_5000,0.47777088605592066,1
0.0,0.0,0.0,0.1,0.0,0.0,0.0,0.9122,v18_1308,1,H,corpus_expansion_5000,0.10659757711309217,0
0.0,0.0,0.0,0.0,0.0,0.0,0.0,0.0,v18_4614,0,M,corpus_expansion_5000,0.0945363922261271,0
0.0,0.0,0.0,0.3,0.0,0.0,0.0,0.0,v18_0914,1,M,corpus_expansion_5000,0.16079228470839807,0
0.0,0.0,0.0,0.0,0.3516,0.0,0.0,0.6383,v18_3452,0,H,corpus_expansion_5000,0.12714601832439487,0
0.0,0.0,0.0,1.0,0.0,0.0,0.0,0.0,v18_3695,0,M,corpus_expansion_5000,0.4413369854724032,1
0.0,0.0,0.0,0.1,0.7863,0.0,0.0,0.6832,v18_4804,0,L,corpus_expansion_5000,0.22164354125354868,0
0.0,0.0,0.0,0.3,0.0,0.0,0.0,0.0,v18_3156,0,H,corpus_expansion_5000,0.16079228470839807,0
0.0,0.0,0.0,0.7,0.0,0.0,0.0,0.0,v18_2198,1,M,corpus_expansion_5000,0.30093381222399707,0
0.0,0.0,0.0,0.1,0.0,0.0,0.0,0.0,v18_4232,0,M,corpus_expansion_5000,0.1133379569328199,0
0.0,0.0,0.0,0.45,0.5654,0.0,0.0,0.0,v18_0774,0,H,new_mid_w0_p0,0.32393754926875235,0
0.0,0.0,0.0,0.45,0.0,0.0,0.75,0.0,v18_0329,0,H,new_mid_w1_p0,0.2916307820044533,0
0.3,0.2,0.0,0.4,0.0,0.0,0.0,0.0,v18_2054,1,L,corpus_expansion_5000,0.682900806358024,1
0.0,0.0,0.0,0.2,0.0,0.0,0.0,0.0,v18_2001,1,M,corpus_expansion_5000,0.1353199798207458,0
0.0,0.0,0.0,0.0,0.0,0.0,0.0,0.9871,v18_0943,1,M,corpus_expansion_5000,0.08834556522553806,0
0.3,0.0,0.0,0.4,0.3984,0.3333,0.0,0.0,v18_0822,1,H,corpus_expansion_5000,0.8459011778834558,1
0.0,0.0,0.0,0.45,0.0,0.0,0.0,0.0,v18_4527,0,L,corpus_expansion_5000,0.2060688837501653,0
0.0,0.0,0.0,0.0,0.2996,0.3333,0.0,0.61,v18_0909,1,M,corpus_expansion_5000,0.2239375284529074,0
0.0,0.0,0.0,0.0,0.0,0.3333,0.0,0.3706,v18_2516,1,M,corpus_expansion_5000,0.17513867273575015,0
0.0,0.0,0.0,0.2,0.3674,0.0,0.0,0.0,v18_0181,0,H,new_low_w0_pany,0.1890257392882424,0
0.0,0.0,0.0,1.0,0.0,0.3333,0.6667,0.4866,v18_0164,0,L,new_mid_w0_p0,0.7058681933148517,1
0.0,0.0,0.0,0.3,0.0,0.3333,0.0,0.3346,v18_1523,1,M,corpus_expansion_5000,0.28094049076461447,0
0.0,0.0,0.0,0.4,0.0,0.0,0.0,0.0,v18_0451,0,H,v17_reused,0.19000580961738978,0
0.0,0.0,0.0,0.35,0.0,0.0,0.0,0.4798,v18_2538,1,M,corpus_expansion_5000,0.1697511850846718,0
0.0,0.0,0.0,0.45,0.0,0.0,0.0,0.0,v18_4137,0,M,corpus_expansion_5000,0.2060688837501653,0
0.0,0.0,0.0,0.0,0.1965,0.0,0.0,0.0,v18_4775,0,M,corpus_expansion_5000,0.11441651040978107,0
0.0,0.0,0.0,0.1,0.0,0.0,0.0,0.5746,v18_1311,1,M,corpus_expansion_5000,0.10905000015211078,0
0.0,0.0,0.0,0.9,0.0,0.0,0.0,0.0,v18_3149,0,H,corpus_expansion_5000,0.3921913672632442,0
0.0,0.0,0.1527,0.8,0.0,0.0,0.0,0.6938,v18_1111,1,M,corpus_expansion_5000,0.3471257808784495,0
0.0,0.0,0.123,0.6,0.0,0.6667,0.0,0.0,v18_4547,0,L,corpus_expansion_5000,0.6177234991132422,1
0.0,0.0,0.0,0.5,0.4978,0.0,0.0,0.65,v18_4085,0,M,corpus_expansion_5000,0.31931278045824174,0
0.0,0.0,0.0,0.0,0.0,0.0,0.0,0.0,v18_3489,0,H,corpus_expansion_5000,0.0945363922261271,0
0.0,0.0,0.9044,0.3,0.0,0.0,0.0,0.3646,v18_1287,1,M,corpus_expansion_5000,0.21122919284467728,0
0.0,0.0,0.0,0.2,0.0,0.0,0.0,0.4036,v18_4177,0,M,corpus_expansion_5000,0.13179319322220806,0
0.5,0.0,0.0,0.2,0.3018,0.0,0.0,0.0,v18_4645,0,L,corpus_expansion_5000,0.8553885739362491,1
0.0,0.0,0.0,1.0,0.249,0.3333,0.7143,0.0,v18_3680,0,M,corpus_expansion_5000,0.7705484054494306,1
0.0,0.0,0.108,0.4,0.0,0.0,0.0,0.0864,v18_4511,0,L,corpus_expansion_5000,0.19572556096251867,0
0.0,0.0,0.0,0.25,0.0,0.0,0.0,0.0,v18_4168,0,M,corpus_expansion_5000,0.1476023763660605,0
0.0,0.0,0.0,0.4,0.0,0.0,0.0,0.9639,v18_3300,0,H,corpus_expansion_5000,0.17905498194232122,0
0.0,0.0,0.0,0.3,0.0,0.3333,0.0,0.0,v18_3310,0,H,corpus_expansion_5000,0.2860730847351194,0
0.0,0.0,0.5654,0.75,0.0,0.3333,0.0,0.0,v18_4556,0,L,corpus_expansion_5000,0.5554384523057331,1
0.0,0.0,0.0,0.5,0.0,0.0,0.0,0.0,v18_3125,0,H,corpus_expansion_5000,0.22311587068072297,0
0.0,0.0,0.0,0.1,0.0,0.0,0.0,0.0,v18_0327,1,H,new_high_w1_pany,0.1133379569328199,0
0.0,0.0,0.0,0.35,0.0,0.0,0.0,0.0,v18_1790,1,M,corpus_expansion_5000,0.17491898592996105,0
0.0,0.0,0.9898,0.2,0.1881,0.3333,0.0,0.6257,v18_2490,1,M,corpus_expansion_5000,0.3627051767063001,0
0.0,0.0,0.0,0.3,0.0,0.0,0.0,0.0,v18_2006,1,M,corpus_expansion_5000,0.16079228470839807,0
0.0,0.0,0.0,0.3,0.0,0.0,0.0,0.0,v18_2007,1,M,corpus_expansion_5000,0.16079228470839807,0
0.3,0.0,0.0,0.6,0.4935,0.0,0.0,0.0,v18_1858,1,M,corpus_expansion_5000,0.8134912023747664,1
0.0,0.0,0.0,0.0,0.0,0.0,0.0,0.9605,v18_4685,0,M,corpus_expansion_5000,0.08850748512349486,0
0.0,0.0,0.0,0.5,0.4003,0.3333,0.0,0.0,v18_0312,0,H,new_low_w0_pany,0.4810712029553437,1
0.0,0.0,0.2733,0.1,0.0,0.0,0.0,0.0,v18_0832,1,M,corpus_expansion_5000,0.12481609892644996,0
0.0,0.0,0.0,0.1,0.0,0.0,0.0,0.0,v18_3079,0,H,corpus_expansion_5000,0.1133379569328199,0
0.0,0.0,0.0,0.7,0.0,0.3333,0.0,0.8863,v18_4717,0,M,corpus_expansion_5000,0.45711210982743866,1
0.0,0.0,0.0,0.3,0.0,0.3333,0.0,0.5536,v18_3462,0,H,corpus_expansion_5000,0.277611693562131,0
0.0,0.0,0.0,0.0,0.0,0.0,0.0,0.7955,v18_1201,1,M,corpus_expansion_5000,0.0895178735317595,0
0.0,0.0,0.0,0.4,0.0,0.0,0.0,0.0,v18_4391,0,L,corpus_expansion_5000,0.19000580961738978,0
0.0,0.0,0.0,0.1,0.0,0.3333,0.0,0.7591,v18_3547,0,H,corpus_expansion_5000,0.2015551116576312,0
0.0,0.0,0.0,0.5,0.406,0.3333,0.0,0.0,v18_4922,0,L,corpus_expansion_5000,0.48261426208226704,1
0.0,0.0,0.0,0.1,0.0,0.0,0.0,0.0,v18_2134,1,L,corpus_expansion_5000,0.1133379569328199,0
0.0,0.0,0.0,0.1,0.3107,0.6667,0.0,0.0,v18_3451,0,H,corpus_expansion_5000,0.43921226575863465,1
0.0,0.0,0.0,0.3,0.5815,0.0,0.0,0.2047,v18_2209,1,M,corpus_expansion_5000,0.26167230043470563,0
0.0,0.0,0.276,0.3,0.0,0.3333,0.0,0.8281,v18_1901,1,M,corpus_expansion_5000,0.29598519824657893,0
0.0,0.0,0.0,0.2,0.0,0.0,0.0,0.0,v18_1481,1,H,corpus_expansion_5000,0.1353199798207458,0
0.0,0.0,0.0,1.0,0.4305,0.0,1.0,0.0,v18_0777,0,H,new_low_w0_pany,0.6997533404606797,1
0.0,0.0,0.0,0.0,0.0,0.0,0.0,0.837,v18_0799,1,M,corpus_expansion_5000,0.08926277083535426,0
0.0,0.0,0.3738,0.4,0.0,0.0,0.0,0.0,v18_3714,0,H,corpus_expansion_5000,0.21412966139182768,0
0.0,0.0,0.0,0.0,0.0,0.0,0.0,0.0,v18_3942,0,M,corpus_expansion_5000,0.0945363922261271,0
0.0,0.0,0.0,0.9,0.0,0.0,0.75,0.3514,v18_0054,0,H,new_mid_w0_p0,0.4991656179322434,1
0.0,0.0,0.0,0.2,0.0,0.3333,0.0,0.0,v18_2972,0,H,corpus_expansion_5000,0.24658569031706137,0
0.0,0.0,0.4416,0.7,0.0,0.0,0.0,0.0,v18_3335,0,H,corpus_expansion_5000,0.33940905207553396,0
0.0,0.0,0.0,0.7,0.0,0.0,0.8,0.0,v18_1920,1,M,corpus_expansion_5000,0.41319042031880393,0
0.0,0.0,0.0,0.3,0.0,0.3333,0.0,0.0,v18_3715,0,M,corpus_expansion_5000,0.2860730847351194,0
0.0,0.0,0.0,0.0,0.0,0.3333,0.0,0.0,v18_4646,0,M,corpus_expansion_5000,0.17921858498670093,0
0.3,0.0,0.0,0.1,0.0,0.0,0.0,0.0,v18_0946,1,M,corpus_expansion_5000,0.48148413082813596,1
0.0,0.0,0.0,0.0,0.0,0.0,0.0,0.4399,v18_1701,1,M,corpus_expansion_5000,0.0917308399231837,0
0.0,0.0,0.0,0.9,0.0,0.0,0.0,0.8956,v18_3293,0,H,corpus_expansion_5000,0.3761919561957967,0
0.0,0.0,0.0,0.35,0.0,0.0,0.0,0.0,v18_2161,1,M,corpus_expansion_5000,0.17491898592996105,0
0.0,0.0,0.3213,0.3,0.0,0.0,0.0,0.0,v18_1136,1,H,corpus_expansion_5000,0.17892957765650133,0
0.0,0.0,0.0,0.0,0.436,0.0,0.0,0.9655,v18_0987,1,H,corpus_expansion_5000,0.1347464079180327,0
0.0,0.0,0.3706,0.1,0.0,0.3333,0.0,0.835,v18_2549,1,L,corpus_expansion_5000,0.22550749808684456,0
0.0,0.0,0.0,0.2,0.0,0.0,0.0,0.6853,v18_0193,0,H,new_mid_w1_p0,0.1293780511428651,0
0.0,0.0,0.0,0.5,0.0,0.0,0.0,0.4525,v18_3057,0,H,corpus_expansion_5000,0.21724884320473006,0
0.0,0.0,0.0,0.1,0.0,0.0,0.6667,0.0,v18_3246,0,H,corpus_expansion_5000,0.16151257862235233,0
0.0,0.0,0.0,0.3,0.0,0.0,0.0,0.4515,v18_1394,1,H,corpus_expansion_5000,0.15624448586703477,0
0.0,0.0,0.0,0.1,0.0,0.0,0.0,0.5332,v18_2637,1,M,corpus_expansion_5000,0.1093541268837828,0
0.0,0.0,0.0,0.3,0.4284,0.0,0.0,0.0,v18_0768,0,H,v17_reused,0.23364553720936315,0
0.0,0.0,0.0,0.9,0.0,0.0,0.0,0.4262,v18_4702,0,L,corpus_expansion_5000,0.38454630358817904,0
0.0,0.0,0.0,0.8,0.0,0.3333,0.0,0.8085,v18_3090,0,H,corpus_expansion_5000,0.5090673835294992,1
0.0,0.0,0.0,0.6,0.0,0.0,0.0,0.7008,v18_3495,0,H,corpus_expansion_5000,0.2500867249789114,0
0.0,0.0,0.0,0.2,0.4462,0.0,0.0,0.0,v18_3215,0,H,corpus_expansion_5000,0.20247255240588372,0
0.0,0.0,0.0,0.0,0.5978,0.0,0.0,0.5025,v18_0285,0,H,new_mid_w1_p0,0.1612134030469169,0
0.0,0.0,0.0,0.2,0.0,0.0,0.0,0.0,v18_4938,0,M,corpus_expansion_5000,0.1353199798207458,0
0.3,0.0,0.0,0.9,0.0,0.0,0.0,0.0,v18_0428,1,H,new_mid_w1_p1,0.8241733376871658,1
0.0,0.0,0.0,0.8,0.0,0.3333,0.0,0.0,v18_4448,0,L,corpus_expansion_5000,0.5243130518360242,1
0.0,0.0,0.0,0.15,0.0,0.0,0.0,0.4866,v18_2332,1,M,corpus_expansion_5000,0.11997677692282648,0
0.3,0.2,0.0,0.0,0.3371,0.0,0.0,0.0,v18_2717,1,M,corpus_expansion_5000,0.5800931325516304,1
0.0,0.0,0.0,0.2,0.0,0.0,0.0,0.0,v18_2079,1,M,corpus_expansion_5000,0.1353199798207458,0
0.0,0.0,0.0,0.1,0.0,0.3333,0.0,0.685,v18_3389,0,H,corpus_expansion_5000,0.2024571524685184,0
0.0,0.0,0.0,0.1,0.0,0.0,0.0,0.0,v18_0722,0,H,v17_reused,0.1133379569328199,0
0.3,0.0,0.0,0.55,0.0,0.0,0.0,0.4798,v18_0951,1,M,corpus_expansion_5000,0.6900484091975899,1
0.0,0.0,0.0,0.2,0.6464,0.3333,0.0,0.8052,v18_4383,0,M,corpus_expansion_5000,0.3830000408732567,0
0.0,0.0,0.0,0.7,0.0,0.3333,0.6667,0.0,v18_4366,0,M,corpus_expansion_5000,0.5756716152771768,1
0.0,0.0,0.9411,0.0,0.0,0.3333,0.8,0.0,v18_2262,1,M,corpus_expansion_5000,0.34241800347773793,0
0.0,0.0,0.0,0.65,0.0,0.0,0.75,0.7364,v18_0989,1,M,corpus_expansion_5000,0.3685732010778923,0
0.0,0.0,0.0,0.7,0.0,0.0,0.0,0.0,v18_3212,0,H,corpus_expansion_5000,0.30093381222399707,0
0.0,0.0,0.0,0.5,0.0,0.3333,0.0,0.65,v18_1759,1,M,corpus_expansion_5000,0.3638079419597918,0
0.0,0.0,0.0,0.9,0.0,0.3333,0.0,0.0,v18_4579,0,L,corpus_expansion_5000,0.5743695239102369,1
0.0,0.0,0.0,0.4,0.0,0.0,0.0,0.2921,v18_0326,0,H,v17_reused,0.18663411908337435,0
0.0,0.0,0.0,0.0,0.7449,0.0,0.0,0.8477,v18_2608,1,M,corpus_expansion_5000,0.1800810715847143,0
0.0,0.0,0.4119,0.7,0.6541,0.0,0.6667,0.0,v18_1383,1,H,corpus_expansion_5000,0.6086097812299858,1
0.0,0.0,0.0,0.5,0.0,0.6667,0.0,0.9528,v18_1724,1,M,corpus_expansion_5000,0.5389936643880885,1
0.0,0.0,0.0,0.0,0.0,0.0,0.0,0.5339,v18_1086,1,M,corpus_expansion_5000,0.09114112297988376,0
0.0,0.0,0.0,0.7,0.0,0.0,0.8333,0.0,v18_2523,1,M,corpus_expansion_5000,0.4181652738511164,1
0.0,0.0,0.0,1.0,0.0,0.3333,0.75,0.0,v18_0341,1,H,new_high_w1_pany,0.7237986610120617,1
0.0,0.0,0.0,0.85,0.0,0.0,0.0,0.4866,v18_3701,0,M,corpus_expansion_5000,0.359843617042447,0
0.0,0.0,0.0,0.45,0.0,0.0,0.75,0.0,v18_0147,0,H,new_mid_w0_p0,0.2916307820044533,0
0.0,0.0,0.0,0.1,0.0,0.0,0.0,0.0,v18_0688,0,H,new_low_w0_pany,0.1133379569328199,0
0.0,0.0,0.6049,0.2,0.2072,0.0,0.0,0.0,v18_3432,0,H,corpus_expansion_5000,0.19977479291380842,0
0.0,0.0,0.2087,0.3,0.5045,0.0,0.0,0.0,v18_1107,1,H,corpus_expansion_5000,0.26469431370590013,0
0.0,0.15,0.0,0.8,0.0,0.0,0.0,0.3442,v18_0848,1,M,corpus_expansion_5000,0.3796840884854685,0
0.0,0.0,0.0,0.0,0.169,0.0,0.0,0.5857,v18_0966,1,H,corpus_expansion_5000,0.10712508702858238,0
0.3,0.2,0.0,0.1,0.2873,0.3333,0.0,0.236,v18_4727,0,L,corpus_expansion_5000,0.7670129227084282,1
0.0,0.0,0.0,1.0,0.0,0.6667,0.0,0.3109,v18_1492,1,M,corpus_expansion_5000,0.7714697028869502,1
0.0,0.0,0.0,0.7,0.0,0.0,0.0,0.4515,v18_3953,0,M,corpus_expansion_5000,0.2938100082305897,0
0.0,0.0,0.0,0.4,0.0,0.0,0.0,0.3768,v18_2203,1,L,corpus_expansion_5000,0.18566509680387197,0
0.3,0.0,0.0,0.0,0.0,0.0,0.0,0.7855,v18_2713,1,L,corpus_expansion_5000,0.41683289233841836,1
0.0,0.0,0.0,0.2,0.0,0.0,0.0,0.0,v18_0661,0,H,new_mid_w1_p0,0.1353199798207458,0
0.0,0.0,0.0,0.2,0.0,0.0,1.0,0.5252,v18_1002,1,H,corpus_expansion_5000,0.21766944478228883,0
0.0,0.15,0.0,0.6,0.5618,0.0,0.0,0.0,v18_0062,0,H,new_low_w0_pany,0.43524247383630577,1
0.0,0.0,0.0,0.1,0.0,0.0,0.0,0.0,v18_0284,0,H,v17_reused,0.1133379569328199,0
0.3,0.2,0.0,1.0,0.6381,0.3333,0.0,0.0,v18_2224,1,L,corpus_expansion_5000,0.968048401237124,1
0.0,0.0,0.0,0.55,0.0,0.0,1.0,0.0,v18_4706,0,L,corpus_expansion_5000,0.3702056496403357,0
0.0,0.0,0.0,0.0,0.0,0.0,0.0,0.4798,v18_1879,1,M,corpus_expansion_5000,0.09148010603445929,0
0.0,0.0,0.0,0.55,0.0,0.0,1.0,0.0,v18_3572,0,H,corpus_expansion_5000,0.3702056496403357,0
0.0,0.0,0.0,0.5,0.0,0.0,0.0,0.0,v18_4857,0,M,corpus_expansion_5000,0.22311587068072297,0
0.0,0.0,0.0,0.15,0.0,0.0,1.0,0.0,v18_1203,1,H,corpus_expansion_5000,0.20737450690593714,0
0.0,0.0,0.0,0.7,0.0,0.0,0.0,0.9075,v18_1990,1,M,corpus_expansion_5000,0.2867161565183974,0
0.0,0.0,0.0,0.6,0.0,0.0,0.0,0.0,v18_0024,0,H,new_low_w0_pany,0.2601425988962303,0
0.0,0.0,0.0,0.9,0.6769,0.3333,0.0,0.0,v18_4852,0,L,corpus_expansion_5000,0.737622921925416,1
0.0,0.0,0.0,0.85,0.0,0.0,0.0,0.0,v18_4102,0,M,corpus_expansion_5000,0.36835127139997426,0
0.0,0.0,0.6426,0.0,0.0,0.0,0.6667,0.9862,v18_4167,0,M,corpus_expansion_5000,0.15890377780405568,0
0.0,0.0,0.0,1.0,0.6038,0.3333,0.0,0.0,v18_0762,0,H,new_mid_w1_p0,0.7607437982008942,1
0.0,0.0,0.0,0.3,0.0,0.0,0.0,0.0,v18_0875,1,H,corpus_expansion_5000,0.16079228470839807,0
0.0,0.0,0.0,0.7,0.0,0.6667,0.0,0.0,v18_4742,0,M,corpus_expansion_5000,0.653167008581208,1
0.0,0.0,0.0,0.3,0.0,0.3333,0.0,0.3053,v18_0938,1,H,corpus_expansion_5000,0.28138769058947033,0
0.0,0.0,0.0,0.4,0.0,0.0,0.0,0.0,v18_2687,1,M,corpus_expansion_5000,0.19000580961738978,0
0.0,0.0,0.0,0.55,0.0,0.0,0.0,0.0,v18_3600,0,M,corpus_expansion_5000,0.2411447352040636,0
0.0,0.0,0.5618,0.7,0.0,0.3333,0.0,0.2776,v18_2394,1,L,corpus_expansion_5000,0.5247490657397237,1
0.0,0.0,0.0,0.6,0.0,0.0,0.0,0.0,v18_4567,0,M,corpus_expansion_5000,0.2601425988962303,0
0.0,0.0,0.0,0.0,0.2797,0.0,0.0,0.0,v18_4980,0,M,corpus_expansion_5000,0.12388004338606429,0
0.0,0.0,0.4439,0.0,0.0,0.0,0.0,0.9724,v18_4124,0,M,corpus_expansion_5000,0.10386052941832433,0
0.0,0.0,0.0,0.9,0.3789,0.3333,0.75,0.0,v18_4564,0,M,corpus_expansion_5000,0.7634781902389564,1
0.0,0.0,0.0,0.6,0.0,0.0,0.0,0.8414,v18_0385,0,H,v17_reused,0.24810073745926625,0
0.0,0.0,0.0,0.8,0.2528,0.0,0.0,0.0,v18_3877,0,M,corpus_expansion_5000,0.4094167958353085,0
0.0,0.0,0.0,0.85,0.0,0.0,0.0,0.0,v18_4370,0,M,corpus_expansion_5000,0.36835127139997426,0
0.0,0.0,0.0,0.4,0.0,0.0,0.0,0.0,v18_4569,0,M,corpus_expansion_5000,0.19000580961738978,0
0.0,0.0,0.0,0.5,0.0,0.3333,0.0,0.9075,v18_0536,0,H,new_low_w0_pany,0.359319249800036,0
0.0,0.0,0.0,0.45,0.0,0.0,0.0,0.7364,v18_2291,1,M,corpus_expansion_5000,0.1971193189536589,0
0.0,0.0,0.0,0.0,0.0,0.3333,0.0,0.0,v18_4665,0,M,corpus_expansion_5000,0.17921858498670093,0
0.0,0.0,0.0,0.0,0.0,0.0,0.0,0.4515,v18_3874,0,H,corpus_expansion_5000,0.0916578812273552,0
0.0,0.0,0.0,0.95,0.0,0.0,0.0,0.0,v18_0936,1,M,corpus_expansion_5000,0.4165568777450921,0
0.0,0.0,0.0,0.95,0.0,0.0,0.0,0.0,v18_3737,0,H,corpus_expansion_5000,0.4165568777450921,0
0.0,0.0,0.0,0.0,0.0,0.0,0.0,0.2742,v18_4728,0,M,corpus_expansion_5000,0.09277872966921756,0
0.0,0.0,0.0,0.4,0.0,0.0,0.0,0.0,v18_2360,1,M,corpus_expansion_5000,0.19000580961738978,0
0.0,0.0,0.0,0.5,0.2262,0.0,0.8333,0.1819,v18_3507,0,H,corpus_expansion_5000,0.37671213469792403,0
0.0,0.0,0.0,0.5,0.4949,0.0,0.0,0.4012,v18_0201,0,H,v17_reused,0.3227226515292555,0
0.0,0.0,0.0,0.2,0.5582,0.0,0.0,0.0,v18_3208,0,H,corpus_expansion_5000,0.2227914407315346,0
0.0,0.0,0.0,0.2,0.0,0.0,0.0,0.6693,v18_1332,1,M,corpus_expansion_5000,0.12951421101318517,0
0.0,0.0,0.1579,0.2,0.0,0.0,0.0,0.0,v18_3016,0,H,corpus_expansion_5000,0.1428944341129332,0
0.0,0.0,0.0,0.4,0.0,0.0,0.0,0.0,v18_3502,0,H,corpus_expansion_5000,0.19000580961738978,0
0.3,0.2,0.0,0.0,0.2082,0.0,0.0,0.0,v18_2708,1,M,corpus_expansion_5000,0.5457199625036879,1
0.0,0.0,0.0,0.0,0.2672,0.0,0.0,0.0,v18_4021,0,M,corpus_expansion_5000,0.12241651491083731,0
0.0,0.0,0.0,0.7,0.0,0.0,0.0,0.5098,v18_1854,1,M,corpus_expansion_5000,0.29289735375169945,0
0.0,0.0,0.0,1.0,0.0,0.6667,0.0,0.0,v18_4469,0,M,corpus_expansion_5000,0.7755826087477349,1
0.0,0.0,0.0,0.2,0.0,0.0,0.0,0.3275,v18_2872,1,L,corpus_expansion_5000,0.13245216078121258,0
0.0,0.0,0.0,0.8,0.0,0.0,0.0,0.0,v18_3030,0,H,corpus_expansion_5000,0.3451374483123983,0
0.0,0.0,0.0,0.0,0.0,0.0,0.0,0.5142,v18_1205,1,M,corpus_expansion_5000,0.09126442939532009,0
0.0,0.0,0.0,0.1,0.3755,0.0,0.0,0.0,v18_1645,1,M,corpus_expansion_5000,0.16111666554054133,0
0.0,0.0,0.0,0.0,0.3956,0.0,0.0,0.0,v18_3417,0,H,corpus_expansion_5000,0.13817617770056792,0
0.0,0.0,0.0,0.5,0.3061,0.0,0.0,0.2479,v18_3476,0,H,corpus_expansion_5000,0.2820282969970202,0
0.0,0.0,0.0,0.1,0.0,0.0,0.0,0.421,v18_2861,1,M,corpus_expansion_5000,0.11018209729822778,0
0.0,0.0,0.4978,0.6,0.0,0.0,0.0,0.2365,v18_1792,1,M,corpus_expansion_5000,0.29657845539599986,0
0.0,0.0,0.0,0.1,0.6396,0.0,0.0,0.0,v18_3797,0,M,corpus_expansion_5000,0.20365830302972585,0
0.0,0.0,0.0,1.0,0.0,0.3333,0.7143,0.0,v18_3368,0,H,corpus_expansion_5000,0.7193873804676804,1
0.0,0.0,0.0,0.5,0.0,0.0,0.0,0.3408,v18_3367,0,H,corpus_expansion_5000,0.21868669227686321,0
0.0,0.0,0.0,0.6,0.0,0.0,0.0,0.0,v18_3533,0,H,corpus_expansion_5000,0.2601425988962303,0
0.0,0.0,0.0,0.7,0.0,0.0,0.0,0.0,v18_3449,0,H,corpus_expansion_5000,0.30093381222399707,0
0.0,0.0,0.0,0.4,0.0,0.0,0.0,0.5746,v18_0603,0,H,new_high_w1_pany,0.18341727616695466,0
0.0,0.0,0.0,0.5,0.0,0.0,0.0,0.3551,v18_3056,0,H,corpus_expansion_5000,0.2185022348628059,0
0.0,0.0,0.0,0.45,0.8111,0.0,0.0,0.0,v18_4531,0,L,corpus_expansion_5000,0.38477547706397086,0
0.0,0.0,0.0,0.8,0.338,0.0,0.0,0.2776,v18_0126,0,H,v17_reused,0.42679007522570445,1
0.0,0.0,0.0,0.3,0.2923,0.3333,0.0,0.0,v18_3876,0,M,corpus_expansion_5000,0.35489332266036094,0
0.0,0.0,0.0,0.8,0.0,0.0,0.0,0.1952,v18_2935,0,H,corpus_expansion_5000,0.3418133919427532,0
0.0,0.0,0.0,0.9,0.0,0.0,0.0,0.0,v18_3531,0,H,corpus_expansion_5000,0.3921913672632442,0
0.0,0.0,0.0,0.4,0.2398,0.3333,1.0,0.822,v18_2730,1,M,corpus_expansion_5000,0.5251920201500875,1
0.0,0.0,0.0,0.3,0.0,0.0,0.0,0.0,v18_0827,1,M,corpus_expansion_5000,0.16079228470839807,0
0.0,0.0,0.0,0.0,0.0,1.0,0.0,0.2285,v18_1639,1,M,corpus_expansion_5000,0.4842398003427133,1
0.0,0.0,0.0,0.45,0.0,0.0,0.0,0.0,v18_0984,1,M,corpus_expansion_5000,0.2060688837501653,0
0.0,0.0,0.0,0.4,0.0,0.0,0.0,0.7878,v18_3281,0,H,corpus_expansion_5000,0.18101814080263204,0
0.0,0.0,0.3408,0.0,0.1881,0.0,0.0,0.8064,v18_4971,0,L,corpus_expansion_5000,0.12133320614051273,0
0.0,0.0,0.0,0.2,0.0,0.0,0.0,0.6895,v18_2188,1,M,corpus_expansion_5000,0.12934232937764809,0
0.0,0.0,0.0,0.6,0.0,0.0,0.0,0.0,v18_4612,0,M,corpus_expansion_5000,0.2601425988962303,0
0.0,0.0,0.0,0.1,0.0,0.0,0.6667,0.0,v18_2443,1,L,corpus_expansion_5000,0.16151257862235233,0
0.3,0.0,0.0,0.9,0.0,0.0,0.0,0.0,v18_0362,0,H,new_mid_w1_p0,0.8241733376871658,1
0.0,0.0,0.0,0.95,0.0,0.0,0.0,0.0,v18_2349,1,M,corpus_expansion_5000,0.4165568777450921,0
0.0,0.0,0.0,0.9,0.0,0.6667,0.0,0.0,v18_0345,0,H,new_low_w0_pany,0.7384126165357974,1
0.0,0.0,0.0,0.3,0.0,0.0,0.0,0.0,v18_0814,1,M,corpus_expansion_5000,0.16079228470839807,0
0.0,0.0,0.6199,0.0,0.0,0.3333,0.0,0.5823,v18_3205,0,H,corpus_expansion_5000,0.2112741424527735,0
0.0,0.0,0.0,0.55,0.0,0.0,0.0,0.4866,v18_4160,0,M,corpus_expansion_5000,0.2344844413536289,0
0.0,0.0,0.8007,0.5,0.0,0.3333,0.0,0.0,v18_4795,0,L,corpus_expansion_5000,0.45289280694802303,1
0.0,0.0,0.0,0.8,0.0,0.0,0.0,0.0,v18_3325,0,H,corpus_expansion_5000,0.3451374483123983,0
0.0,0.0,0.0,0.5,0.0,0.6667,0.0,0.113,v18_4106,0,M,corpus_expansion_5000,0.5547078925105016,1
0.0,0.0,0.0,0.7,0.1915,0.3333,0.0,0.0,v18_2116,1,L,corpus_expansion_5000,0.5256265245991961,1
0.0,0.0,0.0,0.0,0.0,0.0,0.0,0.8747,v18_1834,1,M,corpus_expansion_5000,0.08903159554271542,0
0.0,0.0,0.0,0.05,0.0,0.0,0.0,0.0,v18_0793,0,H,v17_reused,0.10356039088419995,0
0.0,0.0,0.0,0.0,0.0,0.0,0.0,0.3221,v18_4946,0,M,corpus_expansion_5000,0.09247470985672719,0
0.0,0.0,0.9157,0.0,0.0,0.3333,0.0,0.9837,v18_2674,1,M,corpus_expansion_5000,0.22634546527115054,0
0.5,0.0,0.0,0.2,0.7594,0.0,0.0,0.0,v18_0094,0,H,new_low_w0_pany,0.9066729410463942,1
0.0,0.0,0.0,0.7,0.0,0.0,0.0,0.0,v18_3756,0,M,corpus_expansion_5000,0.30093381222399707,0
0.0,0.0,0.0,0.4,0.0,0.0,0.0,0.7341,v18_2891,1,M,corpus_expansion_5000,0.18162011333610947,0
0.0,0.0,0.0,0.3,0.0,0.0,0.7778,0.3831,v18_2371,1,L,corpus_expansion_5000,0.23096560092601445,0
0.0,0.0,0.0,1.0,0.0,0.0,0.0,0.0,v18_4149,0,M,corpus_expansion_5000,0.4413369854724032,1
0.0,0.0,0.0,0.4,0.4241,0.0,0.0,0.0,v18_4432,0,L,corpus_expansion_5000,0.27088648176906205,0
0.0,0.0,0.0,0.0,0.0,0.0,0.0,0.0,v18_3228,0,H,corpus_expansion_5000,0.0945363922261271,0
0.0,0.0,0.2124,0.0,0.0,0.0,0.0,0.874,v18_2853,1,M,corpus_expansion_5000,0.09618369025814084,0
0.3,0.2,0.0,0.3,0.0,0.0,0.0,0.0,v18_2912,0,H,corpus_expansion_5000,0.6375537798701819,1
0.0,0.0,0.0,0.3,0.0,0.0,0.0,0.2017,v18_1865,1,M,corpus_expansion_5000,0.1587475424680632,0
0.0,0.0,0.0,0.0,0.0,0.3333,0.0,0.3006,v18_1857,1,M,corpus_expansion_5000,0.1759036542241389,0
0.3,0.0,0.0,0.9,0.0,1.0,0.0,0.8755,v18_2645,1,L,corpus_expansion_5000,0.9756939411651652,1
0.0,0.0,0.0,0.3,0.0,0.0,0.0,0.0,v18_2243,1,M,corpus_expansion_5000,0.16079228470839807,0
0.0,0.0,0.0,0.4,0.1747,0.0,0.0,0.1397,v18_2336,1,L,corpus_expansion_5000,0.21906925514310427,0
0.0,0.0,0.0,0.0,0.0,0.3333,0.0,0.0,v18_0950,1,M,corpus_expansion_5000,0.17921858498670093,0
0.0,0.0,0.0,0.0,0.1165,0.0,0.0,0.0933,v18_3068,0,H,corpus_expansion_5000,0.1052515497658996,0
0.0,0.0,0.0,0.0,0.0,0.0,0.0,0.0,v18_1120,1,H,corpus_expansion_5000,0.0945363922261271,0
0.0,0.0,0.0,0.4,0.3965,0.0,0.0,0.0,v18_2597,1,L,corpus_expansion_5000,0.26501655125611634,0
0.0,0.0,0.4839,0.0,0.0,0.0,0.0,0.4024,v18_2204,1,L,corpus_expansion_5000,0.10948849678307467,0
0.0,0.0,0.0,0.45,0.0,0.0,0.0,0.9643,v18_0419,1,H,new_high_w1_pany,0.19440974903866715,0
0.0,0.0,0.0,0.5,0.0,0.0,0.0,0.4289,v18_0922,1,M,corpus_expansion_5000,0.21755206222487392,0
0.0,0.0,0.0,0.0,0.0,0.6667,0.0,0.2461,v18_1254,1,H,corpus_expansion_5000,0.3095546046636726,0
0.3,0.0,0.0,0.3,0.0,0.0,0.0,0.3095,v18_0477,0,H,v17_reused,0.5762199906094913,1
0.3,0.0,0.1725,0.0,0.0,1.0,0.0,0.593,v18_2035,1,M,corpus_expansion_5000,0.8766969927312132,1
0.0,0.0,0.0,0.2,0.0,0.0,0.0,0.9741,v18_1202,1,H,corpus_expansion_5000,0.12694125895243044,0
0.0,0.0,0.0,0.0,0.0,0.0,0.0,0.0,v18_2626,1,L,corpus_expansion_5000,0.0945363922261271,0
0.0,0.0,0.0,0.0,0.5742,0.0,0.0,0.0,v18_4818,0,M,corpus_expansion_5000,0.1628915391132911,0
0.0,0.0,0.0,0.45,0.0,0.0,0.0,0.7364,v18_1970,1,M,corpus_expansion_5000,0.1971193189536589,0
0.0,0.0,0.0,0.2,0.0,0.0,0.0,0.1839,v18_3110,0,H,corpus_expansion_5000,0.1337032306449063,0
0.0,0.0,0.5783,0.6,0.3506,0.0,0.0,0.0,v18_4018,0,H,corpus_expansion_5000,0.3933184816239567,0
0.0,0.0,0.0,0.95,0.0,0.0,0.0,0.7364,v18_2151,1,M,corpus_expansion_5000,0.4031072867748539,0
0.0,0.0,0.0,0.4,0.0,0.3333,0.0,0.0,v18_3687,0,M,corpus_expansion_5000,0.32912155184893244,0
0.3,0.0,0.0,0.85,0.0,0.0,0.0,0.4832,v18_1997,1,M,corpus_expansion_5000,0.8033249166339964,1
0.0,0.0,0.0,0.1,0.0,0.0,0.0,0.4787,v18_4033,0,M,corpus_expansion_5000,0.1097556211896902,0
0.0,0.0,0.0,0.0,0.1207,1.0,0.0,0.6753,v18_3054,0,H,corpus_expansion_5000,0.5085166371557772,1
0.0,0.0,0.0,0.1,0.7603,0.0,0.0,0.0,v18_1248,1,H,corpus_expansion_5000,0.2257070711518263,0
0.0,0.0,0.338,0.4,0.338,0.0,0.0,0.8565,v18_2192,1,M,corpus_expansion_5000,0.266442567952954,0
0.0,0.0,0.0,0.5,0.0,0.0,0.0,0.8033,v18_2712,1,M,corpus_expansion_5000,0.2127776948376419,0
0.0,0.0,0.0,0.3,0.0,0.0,0.0,0.6938,v18_0992,1,M,corpus_expansion_5000,0.15384739765803893,0
0.0,0.0,0.0,0.2,0.0,0.0,0.0,0.8092,v18_2190,1,M,corpus_expansion_5000,0.12832778490171357,0
0.0,0.0,0.0,0.0,0.0,0.0,0.0,0.9643,v18_3762,0,M,corpus_expansion_5000,0.08848433731515847,0
0.0,0.0,0.0,0.9,0.4707,0.0,0.0,0.0,v18_3597,0,H,corpus_expansion_5000,0.5180571605843102,1
0.0,0.0,0.0,0.3,0.3772,0.0,0.0,0.5252,v18_1318,1,H,corpus_expansion_5000,0.21703723004064168,0
0.0,0.0,0.0,0.4,0.0,0.0,0.0,0.955,v18_1863,1,M,corpus_expansion_5000,0.1791537982491679,0
0.0,0.0,0.0,0.1,0.0,0.0,0.0,0.0,v18_2343,1,M,corpus_expansion_5000,0.1133379569328199,0
0.0,0.0,0.0,0.0,0.0,0.0,0.0,0.7144,v18_2449,1,L,corpus_expansion_5000,0.0900182977375145,0
0.0,0.0,0.0,0.95,0.0,0.0,0.75,0.0,v18_2136,1,L,corpus_expansion_5000,0.531056306716739,1
0.0,0.0,0.0,0.0,0.8318,0.0,0.0,0.0,v18_1065,1,M,corpus_expansion_5000,0.20463735885541537,0
0.0,0.0,0.0,1.0,0.0,0.3333,0.6667,0.0,v18_4960,0,L,corpus_expansion_5000,0.7134393218065029,1
0.3,0.0,0.194,0.0,0.2763,0.0,0.0,0.2902,v18_2621,1,M,corpus_expansion_5000,0.5197215888585238,1
0.0,0.0,0.0,0.9,0.0,0.0,0.0,0.8528,v18_0077,0,H,new_mid_w1_p0,0.3769507471532455,0
0.0,0.0,0.0,0.0,0.4428,0.0,0.0,0.0,v18_2898,0,H,corpus_expansion_5000,0.14438423413430984,0
0.0,0.0,0.0,0.0,0.3118,0.0,0.0,0.0,v18_1314,1,M,corpus_expansion_5000,0.12770731753909595,0
0.0,0.0,0.0,0.0,0.0,0.3333,0.0,0.9738,v18_4372,0,M,corpus_expansion_5000,0.16865508815473546,0
0.8,0.0,0.0,0.45,0.0,0.0,0.75,0.0,v18_0872,1,H,corpus_expansion_5000,0.9878775886498049,1
0.0,0.0,0.0,0.5,0.5742,0.6667,0.0,0.0,v18_3850,0,M,corpus_expansion_5000,0.7007428471970057,1
0.0,0.0,0.0,0.9,0.0,0.0,0.0,0.2202,v18_4787,0,L,corpus_expansion_5000,0.38823461554525096,0
0.0,0.0,0.0,0.4,0.0,0.0,0.0,0.0,v18_2965,0,H,corpus_expansion_5000,0.19000580961738978,0
0.0,0.0,0.0,0.05,0.0,0.0,0.0,0.0,v18_3391,0,H,corpus_expansion_5000,0.10356039088419995,0
0.3,0.0,0.4349,0.5,0.898,0.0,0.0,0.0,v18_2560,1,M,corpus_expansion_5000,0.8679916783173819,1
0.0,0.0,0.0,0.55,0.8111,0.0,0.0,0.4866,v18_4896,0,M,corpus_expansion_5000,0.424652897553496,1
0.0,0.0,0.0,0.0,0.0,0.0,1.0,0.4732,v18_2635,1,L,corpus_expansion_5000,0.1570798749492314,0
0.0,0.0,0.0,0.0,0.0817,0.0,0.0,0.0,v18_3530,0,H,corpus_expansion_5000,0.10239643515844697,0
0.0,0.0,0.0,1.0,0.0,0.0,1.0,0.0,v18_0375,0,H,new_mid_w0_p0,0.5937142332754775,1
0.0,0.0,0.0,0.3,0.0,0.0,0.0,0.0,v18_1908,1,M,corpus_expansion_5000,0.16079228470839807,0
0.3,0.2,0.0,0.0,0.1441,0.0,0.0,0.06,v18_4332,0,M,corpus_expansion_5000,0.5273124870770656,1
0.0,0.0,0.0,0.7,0.0,0.0,0.0,0.0,v18_4379,0,L,corpus_expansion_5000,0.30093381222399707,0
0.0,0.0,0.0,0.95,0.0,0.0,0.0,0.4866,v18_4027,0,M,corpus_expansion_5000,0.4076543965940803,0
0.3,0.0,0.0,0.8,0.6882,0.6667,0.0,0.0,v18_1604,1,M,corpus_expansion_5000,0.9724697972159916,1
0.0,0.0,0.0,1.0,0.9378,0.0,0.6667,0.0,v18_1118,1,M,corpus_expansion_5000,0.7669507138578997,1
0.0,0.0,0.0,1.0,0.0,0.0,0.0,0.7203,v18_3677,0,H,corpus_expansion_5000,0.42797140638860465,1
0.0,0.0,0.0,0.0,0.6796,0.0,0.0,0.0,v18_3490,0,H,corpus_expansion_5000,0.17908102814715546,0
0.0,0.0,0.0,1.0,0.0,1.0,0.0,0.5332,v18_4864,0,L,corpus_expansion_5000,0.8740940508494877,1
0.0,0.0,0.0,0.0,0.665,0.0,0.0,0.0,v18_2958,0,H,corpus_expansion_5000,0.17676558514356863,0
0.0,0.0,0.0,0.0,0.1535,0.0,0.0,0.0,v18_1994,1,M,corpus_expansion_5000,0.10977657017287824,0
0.0,0.0,0.0,0.9,0.0,0.0,0.0,0.6959,v18_4955,0,L,corpus_expansion_5000,0.37973752883620476,0
0.0,0.0,0.0,0.4,0.0,0.3333,0.0,0.0,v18_4355,0,M,corpus_expansion_5000,0.32912155184893244,0
0.3,0.0,0.0,0.0,0.5765,0.0,0.0,0.2374,v18_2376,1,M,corpus_expansion_5000,0.581927124000648,1
0.0,0.0,0.0,0.2,0.0,0.0,0.0,0.4545,v18_1342,1,M,corpus_expansion_5000,0.13135399189685676,0
0.0,0.0,0.5125,0.2,0.0,0.0,0.0,0.0,v18_0320,0,H,v17_reused,0.16119207681211056,0
0.0,0.0,0.0,0.0,0.1277,0.0,0.0,0.4771,v18_1619,1,M,corpus_expansion_5000,0.10367622339129512,0
0.0,0.0,0.0,0.3,0.4581,0.0,0.0,0.381,v18_3713,0,M,corpus_expansion_5000,0.2342604615175726,0
0.0,0.0,0.0,0.55,0.0,0.0,0.0,0.4866,v18_2060,1,M,corpus_expansion_5000,0.2344844413536289,0
0.0,0.0,0.0,0.1,0.3201,0.0,0.0,0.2584,v18_2219,1,M,corpus_expansion_5000,0.15064827559604077,0
0.3,0.0,0.0,0.2,0.3449,0.3333,0.0,0.0,v18_1673,1,M,corpus_expansion_5000,0.7755735187970393,1
0.0,0.0,0.0,0.1,0.0,0.0,0.0,0.8903,v18_0260,0,H,v17_reused,0.10675518051354932,0
0.0,0.0,0.0,1.0,0.0,0.0,0.0,0.2594,v18_4417,0,M,corpus_expansion_5000,0.4365128219944864,1
0.0,0.0,0.4893,0.6,0.0,0.0,0.0,0.929,v18_2039,1,M,corpus_expansion_5000,0.2850912595832408,0
0.3,0.0,0.0,0.8,0.305,1.0,0.0,0.0,v18_0901,1,M,corpus_expansion_5000,0.9799027652517531,1
0.0,0.0,0.0,0.1,0.0,0.0,0.0,0.0,v18_3744,0,M,corpus_expansion_5000,0.1133379569328199,0
0.0,0.0,0.0,0.05,0.0,0.0,0.0,0.0,v18_2026,1,M,corpus_expansion_5000,0.10356039088419995,0
0.0,0.0,0.0,0.4,0.0,0.0,0.0,0.0,v18_1917,1,M,corpus_expansion_5000,0.19000580961738978,0
0.0,0.0,0.0,0.25,0.0,0.0,0.0,0.0,v18_1828,1,M,corpus_expansion_5000,0.1476023763660605,0
0.0,0.0,0.0,0.75,0.0,0.6667,0.0,0.0,v18_1573,1,M,corpus_expansion_5000,0.6757209327399362,1
0.0,0.0,0.0,0.55,0.0,0.0,0.0,0.4866,v18_4394,0,M,corpus_expansion_5000,0.2344844413536289,0
0.0,0.0,0.0,0.0,0.0,0.3333,0.7143,0.4575,v18_4208,0,M,corpus_expansion_5000,0.24659629484526255,0
0.0,0.2,0.0,0.9,0.3521,0.0,0.0,0.0,v18_0224,0,H,v17_reused,0.5443281946329659,1
0.0,0.0,0.0,0.6,0.0,0.0,0.0,0.5292,v18_0723,0,H,new_mid_w1_p0,0.2525249068191308,0
0.0,0.0,0.0,0.3,0.1585,0.3333,0.0,0.1279,v18_4485,0,L,corpus_expansion_5000,0.32031302657145,0
0.0,0.0,0.0,0.0,0.2707,0.3333,0.0,0.2174,v18_1141,1,M,corpus_expansion_5000,0.22364435793465315,0
0.0,0.0,0.0,1.0,0.926,1.0,0.0,0.0,v18_2762,1,M,corpus_expansion_5000,0.9517525006819039,1
0.0,0.0,0.0,0.1,0.0,0.0,0.0,0.9449,v18_0846,1,H,corpus_expansion_5000,0.1063626329015985,0
0.0,0.0,0.0,0.5,0.2364,0.0,0.0,0.7203,v18_2551,1,M,corpus_expansion_5000,0.26005721124057557,0
0.0,0.0,0.0,0.4,0.0,0.0,0.0,0.0,v18_2928,0,H,corpus_expansion_5000,0.19000580961738978,0
0.0,0.0,0.0,0.7,0.0,0.0,0.0,0.9449,v18_0117,1,H,new_mid_w1_p1,0.28613890007391757,0
0.0,0.0,0.0,0.15,0.0,0.0,0.8333,0.0,v18_0645,0,H,new_mid_w1_p0,0.19102585756392693,0
0.0,0.0,0.0,0.6,0.0,0.0,0.0,0.0,v18_0003,0,H,new_mid_w1_p0,0.2601425988962303,0
0.0,0.0,0.0,0.8,0.6336,0.0,0.0,0.0,v18_4170,0,M,corpus_expansion_5000,0.5116270812992142,1
0.0,0.0,0.0,0.8,0.0,0.0,0.0,0.0,v18_0467,0,H,new_mid_w0_p0,0.3451374483123983,0
0.0,0.0,0.0,1.0,0.0,0.0,0.0,0.0,v18_0005,1,H,new_high_w1_pany,0.4413369854724032,1
0.0,0.6667,0.0,0.4,0.1847,0.0,0.0,0.0,v18_0919,1,H,corpus_expansion_5000,0.3847857905385054,0
0.0,0.0,0.0,0.4,0.0,0.0,0.0,0.2687,v18_2595,1,L,corpus_expansion_5000,0.1869025161402622,0
0.0,0.0,0.0,0.0,0.3929,0.0,0.0,0.3229,v18_1063,1,M,corpus_expansion_5000,0.13495579557238033,0
0.0,0.0,0.0,0.7,0.0,0.0,0.0,0.0,v18_2590,1,M,corpus_expansion_5000,0.30093381222399707,0
0.0,0.0,0.3706,0.9,0.3706,1.0,0.0,0.2999,v18_0242,1,H,new_high_w1_pany,0.9091427558970514,1
0.0,0.0,0.4486,0.5,0.0,0.3333,0.0,0.0,v18_1160,1,M,corpus_expansion_5000,0.4182266205664554,1
0.0,0.0,0.0,0.35,0.0,0.0,0.8,0.0,v18_2870,1,M,corpus_expansion_5000,0.2574823647141369,0
0.0,0.0,0.0,0.0,0.0,0.0,0.0,0.0,v18_3735,0,H,corpus_expansion_5000,0.0945363922261271,0
0.0,0.0,0.0,0.8,0.0,0.6667,0.0,0.4012,v18_2397,1,M,corpus_expansion_5000,0.6910567893025944,1
0.0,0.0,0.0,0.6,0.1906,0.0,0.0,0.0,v18_3517,0,H,corpus_expansion_5000,0.30183732926174744,0
0.0,0.0,0.0,0.0,0.7653,0.0,0.0,0.433,v18_3421,0,H,corpus_expansion_5000,0.18810630741612974,0
0.3,0.0,0.0,1.0,0.0,0.6667,0.0,0.0,v18_2563,1,L,corpus_expansion_5000,0.9616943489059822,1
0.0,0.0,0.0,0.0,0.0,0.0,0.8333,0.3374,v18_1605,1,M,corpus_expansion_5000,0.14524458504236173,0
0.0,0.0,0.0,0.9,0.5841,0.0,0.0,0.2908,v18_4828,0,M,corpus_expansion_5000,0.5432062254048708,1
0.0,0.0,0.0,0.2,0.0,0.0,0.0,0.4457,v18_2324,1,M,corpus_expansion_5000,0.13142983561661423,0
0.0,0.0,0.0,0.7,0.0,0.0,0.8571,0.8151,v18_2709,1,M,corpus_expansion_5000,0.4067964465621035,0
0.0,0.0,0.0,0.1,0.0,0.0,0.7143,0.0,v18_4398,0,L,corpus_expansion_5000,0.16551695481783088,0
0.0,0.0,0.0,0.4,0.0,0.3333,0.0,0.2811,v18_1312,1,H,corpus_expansion_5000,0.3244515536104672,0
0.0,0.0,0.2357,0.7,0.0,0.0,0.0,0.1902,v18_3448,0,H,corpus_expansion_5000,0.31804178856079884,0
0.0,0.0,0.0,0.0,0.3213,0.0,0.8,0.0,v18_3812,0,H,corpus_expansion_5000,0.19481525717999515,0
0.0,0.0,0.0,0.3,0.0,0.0,0.0,0.346,v18_4655,0,L,corpus_expansion_5000,0.15729767647164433,0
0.0,0.0,0.0,0.1,0.0,0.0,0.75,0.0,v18_2362,1,M,corpus_expansion_5000,0.16857217928819485,0
0.0,0.0,0.0,0.25,0.0,0.3333,0.0,0.0,v18_1975,1,M,corpus_expansion_5000,0.265862027677618,0
0.0,0.0,0.0,0.4,0.2873,0.0,0.0,0.4109,v18_3514,0,H,corpus_expansion_5000,0.23694737860111495,0
0.0,0.0,0.0,0.85,0.0,0.0,0.0,0.0,v18_1761,1,M,corpus_expansion_5000,0.36835127139997426,0
0.0,0.0,0.0,0.4,0.0,0.0,0.0,0.7777,v18_2739,1,M,corpus_expansion_5000,0.18113124217270185,0
0.0,0.0,0.0,0.85,0.5654,0.0,0.0,0.7364,v18_4844,0,L,corpus_expansion_5000,0.5045359770394344,1
0.0,0.0,0.0,0.2,0.0,0.0,0.0,0.2896,v18_2472,1,M,corpus_expansion_5000,0.13278138588951516,0
0.0,0.0,0.0,0.8,0.2543,0.0,0.0,0.0,v18_4007,0,M,corpus_expansion_5000,0.40981011313599575,0
0.0,0.0,0.0,0.1,0.0,0.0,0.75,0.9623,v18_1493,1,M,corpus_expansion_5000,0.15863088604599893,0
0.0,0.0,0.0,0.0,0.4327,0.0,0.0,0.3569,v18_4206,0,M,corpus_expansion_5000,0.13976458891162466,0
0.0,0.0,0.5201,0.7,0.0,0.0,1.0,0.0,v18_2158,1,M,corpus_expansion_5000,0.4951504474095486,1
0.0,0.0,0.0,0.2,0.0,0.0,0.0,0.0,v18_1169,1,M,corpus_expansion_5000,0.1353199798207458,0
0.5,0.0,0.0,0.1,0.2351,0.0,0.0,0.3451,v18_4516,0,L,corpus_expansion_5000,0.8140812969689823,1
0.0,0.0,0.0,0.6,0.3642,0.0,0.75,0.0,v18_0232,0,H,v17_reused,0.45288427504234835,1
0.3,0.2,0.0,0.8,0.338,0.0,0.0,0.0,v18_0066,0,M,v17_reused,0.8746935397175811,1
0.0,0.0,0.0,0.3,0.0,0.0,0.0,0.5285,v18_1603,1,M,corpus_expansion_5000,0.15547943898107555,0
0.0,0.0,0.0,0.0,0.0,0.0,0.0,0.2902,v18_3283,0,H,corpus_expansion_5000,0.09267707849552585,0
0.0,0.0,0.0,0.5,0.6079,0.0,0.0,0.0,v18_3596,0,H,corpus_expansion_5000,0.3569867617277466,0
0.0,0.0,0.0,0.0,0.0,0.0,0.0,0.0,v18_0125,0,H,v17_reused,0.0945363922261271,0
0.0,0.0,0.0,0.4,0.0,0.0,0.0,0.3875,v18_1296,1,H,corpus_expansion_5000,0.18554295868265247,0
0.0,0.0,0.0,0.0,0.0,0.0,0.0,0.7382,v18_1976,1,M,corpus_expansion_5000,0.08987118006151028,0
0.0,0.0,0.0,0.55,0.0,0.0,0.8333,0.4866,v18_4517,0,L,corpus_expansion_5000,0.3383591662453082,0
0.0,0.0,0.0,0.4,0.0,0.0,0.0,0.793,v18_4481,0,L,corpus_expansion_5000,0.18095993185060338,0
0.0,0.0,0.0,0.4,0.0,0.0,0.0,0.0,v18_2075,1,M,corpus_expansion_5000,0.19000580961738978,0
0.0,0.0,0.0,0.6,0.0,0.0,0.0,0.0,v18_3086,0,H,corpus_expansion_5000,0.2601425988962303,0
0.0,0.0,0.0,0.4,0.5618,0.0,0.0,0.0,v18_4345,0,M,corpus_expansion_5000,0.3013611976396581,0
0.0,0.0,0.0,0.8,0.0,0.0,0.0,0.0,v18_3345,0,H,corpus_expansion_5000,0.3451374483123983,0
0.0,0.0,0.4179,0.8,0.0,1.0,0.0,0.0,v18_4464,0,L,corpus_expansion_5000,0.850763826250153,1
0.0,0.0,0.0,0.9,0.4521,0.0,0.0,0.3799,v18_2797,1,M,corpus_expansion_5000,0.505850628845936,1
0.0,0.0,0.302,0.1,0.4169,0.0,0.0,0.8328,v18_0918,1,M,corpus_expansion_5000,0.17552743976780097,0
0.3,0.0,0.0,1.0,0.0,0.0,1.0,0.0,v18_1646,1,M,corpus_expansion_5000,0.9139096003090984,1
0.0,0.0,0.0,0.2,0.0,0.0,0.0,0.769,v18_0364,0,H,v17_reused,0.1286677500322177,0
0.0,0.0,0.0,0.7,0.0,0.3333,0.0,0.6708,v18_3287,0,H,corpus_expansion_5000,0.46115338333696615,1
0.0,0.0,0.0,0.2,0.0,0.0,0.0,0.8471,v18_2125,1,M,corpus_expansion_5000,0.12800797232996827,0
0.0,0.0,0.0,0.4,0.0,0.3333,0.0,0.2092,v18_4123,0,M,corpus_expansion_5000,0.3256427758440407,0
0.0,0.0,0.0,0.2,0.6227,0.0,0.0,0.6769,v18_0525,1,H,new_high_w1_pany,0.22606697171334558,0
0.0,0.0,0.0,0.3,0.0,0.0,1.0,0.651,v18_0055,0,H,new_mid_w0_p0,0.25229163113013553,0
0.0,0.0,0.0,0.9,0.3611,0.9167,0.0,0.0,v18_0638,1,H,new_high_w1_pany,0.8789667385294597,1
0.0,0.0,0.0,0.4,0.0,0.0,0.0,0.0,v18_0302,1,H,new_high_w1_pany,0.19000580961738978,0
0.0,0.0,0.0,0.0,0.0,0.3333,0.0,0.7498,v18_2766,1,M,corpus_expansion_5000,0.17104017284213818,0
0.0,0.0,0.3118,0.0,0.0,0.0,0.0,0.0,v18_1276,1,H,corpus_expansion_5000,0.10578475644111897,0
0.0,0.0,0.0,0.1,0.2582,0.0,0.0,0.2079,v18_2055,1,M,corpus_expansion_5000,0.1427262491890046,0
0.0,0.0,0.0,0.4,0.3435,0.0,0.0,0.0,v18_3644,0,H,corpus_expansion_5000,0.2539751468636773,0
0.0,0.0,0.0,0.05,0.0,0.0,0.0,0.0,v18_4143,0,M,corpus_expansion_5000,0.10356039088419995,0
0.0,0.0,0.0,0.0,0.0,0.3333,0.0,0.9223,v18_2878,1,M,corpus_expansion_5000,0.16920108714485274,0
0.0,0.0,0.0,0.0,0.0,0.0,0.0,0.0,v18_4202,0,M,corpus_expansion_5000,0.0945363922261271,0
0.0,0.0,0.0,0.8,0.0,0.0,0.0,0.0,v18_2286,1,L,corpus_expansion_5000,0.3451374483123983,0
0.0,0.0,0.4371,0.2,0.0,0.0,0.0,0.5963,v18_2261,1,L,corpus_expansion_5000,0.15127643057484386,0
0.0,0.0,0.0,0.4,0.0,0.0,0.0,0.5174,v18_2296,1,M,corpus_expansion_5000,0.18406512628346464,0
0.0,0.0,0.0,0.0,0.0,0.0,0.0,0.0,v18_1753,1,M,corpus_expansion_5000,0.0945363922261271,0
0.0,0.0,0.0,0.3,0.0,0.0,0.0,0.0,v18_1968,1,M,corpus_expansion_5000,0.16079228470839807,0
0.3,0.2,0.0,0.2,0.2528,0.0,0.0,0.0,v18_4351,0,M,corpus_expansion_5000,0.6539609200234233,1
0.0,0.0,0.5312,0.6,0.0,0.0,0.0,0.0,v18_3117,0,H,corpus_expansion_5000,0.30313717716968863,0
0.0,0.0,0.4327,0.3,0.0,0.3333,0.7143,0.8852,v18_2393,1,M,corpus_expansion_5000,0.4088625857784154,0
0.0,0.0,0.0,0.95,0.0,0.3333,0.0,0.0,v18_0523,0,H,v17_reused,0.598900906658088,1
0.0,0.0,0.0,0.8,0.0,0.0,0.0,0.0,v18_3900,0,H,corpus_expansion_5000,0.3451374483123983,0
0.0,0.0,0.0,0.65,0.0,0.0,1.0,0.0,v18_3122,0,H,corpus_expansion_5000,0.41849315049290436,1
0.0,0.0,0.0,0.2,0.0,0.3333,0.0,0.3138,v18_4156,0,M,corpus_expansion_5000,0.2422096763690288,0
0.0,0.0,0.0,0.0,0.0,0.3333,0.0,0.7955,v18_1969,1,M,corpus_expansion_5000,0.17055140899935106,0
0.0,0.0,0.0,0.1,0.0,0.0,0.0,0.5457,v18_0671,0,H,new_low_w0_pany,0.10926222285365997,0
0.0,0.0,0.0,0.4,0.0,0.3333,0.0,0.0,v18_4188,0,M,corpus_expansion_5000,0.32912155184893244,0
0.0,0.0,0.0,0.7,0.3449,0.0,0.6667,0.0,v18_0666,0,H,new_low_w0_pany,0.4853007515625426,1
0.0,0.0,0.1473,0.0,0.0,0.3333,0.0,0.1186,v18_4338,0,M,corpus_expansion_5000,0.1867008433555472,0
0.0,0.0,0.0,0.4,0.0,0.0,0.8,0.4344,v18_1887,1,M,corpus_expansion_5000,0.2707711256407552,0
0.0,0.0,0.0,0.0,0.0,0.0,0.0,0.247,v18_3266,0,H,corpus_expansion_5000,0.09295176638939283,0
0.0,0.0,0.0,0.35,0.0,0.0,0.0,0.0,v18_0280,0,H,new_low_w0_pany,0.17491898592996105,0
0.0,0.0,0.0,0.25,0.0,0.0,1.0,0.4866,v18_1719,1,M,corpus_expansion_5000,0.23591660347463944,0
0.0,0.0,0.0,0.35,0.0,0.0,0.0,0.0,v18_2947,0,H,corpus_expansion_5000,0.17491898592996105,0
0.0,0.0,0.2574,0.0,0.2574,0.0,0.0,0.7543,v18_0899,1,M,corpus_expansion_5000,0.12628595711002935,0
0.0,0.0,0.0,0.4,0.0,0.3333,0.0,0.2883,v18_4850,0,M,corpus_expansion_5000,0.3243323904950505,0
0.0,0.0,0.0,0.05,0.0,0.0,0.0,0.0,v18_0760,0,H,v17_reused,0.10356039088419995,0
0.0,0.0,0.0,0.3,0.4284,0.3333,0.6667,0.3532,v18_1906,1,M,corpus_expansion_5000,0.4833493068208447,1
0.0,0.0,0.0,0.6,0.0,0.3333,0.0,0.0,v18_4042,0,H,corpus_expansion_5000,0.4237456057776692,1
0.0,0.0,0.2954,0.0,0.0,0.3333,0.0,0.9171,v18_3823,0,M,corpus_expansion_5000,0.18655446895673783,0
0.0,0.0,0.0,0.4,0.0,0.0,0.0,0.4184,v18_4138,0,M,corpus_expansion_5000,0.18519059037495011,0
0.0,0.0,0.0,0.9,0.0,0.0,0.0,0.2753,v18_3818,0,H,corpus_expansion_5000,0.38724680726870386,0
0.0,0.0,0.0,1.0,0.7011,0.0,0.0,0.0,v18_4300,0,M,corpus_expansion_5000,0.6281878423598118,1
0.0,0.0,0.0,0.8,0.0,0.0,0.0,0.0,v18_2593,1,M,corpus_expansion_5000,0.3451374483123983,0
0.0,0.0,0.2769,1.0,0.2769,0.0,0.0,0.0,v18_4164,0,M,corpus_expansion_5000,0.5437475277817572,1
0.0,0.0,0.0,0.0,0.3857,0.0,0.0,0.0,v18_3031,0,H,corpus_expansion_5000,0.13690284951695691,0
0.0,0.0,0.0,0.0,0.0,0.0,0.0,0.2057,v18_3579,0,H,corpus_expansion_5000,0.0932150560968643,0
0.0,0.0,0.0,0.6,0.0,0.0,0.0,0.4575,v18_2832,1,M,corpus_expansion_5000,0.2535483077965607,0
0.0,0.0,0.0,0.0,0.2835,0.0,0.0,0.0,v18_3472,0,H,corpus_expansion_5000,0.12432792435469359,0
0.5,0.0,0.0,0.1,0.0,0.0,0.75,0.0,v18_0137,1,H,new_mid_w1_p1,0.8467333858292417,1
0.0,0.0,0.0,0.55,0.0,0.0,0.0,0.0,v18_2180,1,M,corpus_expansion_5000,0.2411447352040636,0
0.0,0.0,0.9349,0.5,0.0,0.0,0.0,0.9739,v18_2128,1,L,corpus_expansion_5000,0.2795731646426222,0
0.0,0.0,0.0,0.4,0.0,0.3333,0.0,0.2408,v18_3177,0,H,corpus_expansion_5000,0.3251189557738612,0
0.0,0.0,0.3061,0.6,0.3061,0.0,0.0,0.1341,v18_4367,0,M,corpus_expansion_5000,0.3541565654651468,0
0.0,0.0,0.0,0.4,0.0,0.0,0.0,0.9088,v18_4261,0,M,corpus_expansion_5000,0.17966743988891634,0
0.0,0.0,0.0,0.3,0.2937,0.3333,0.0,0.5619,v18_4344,0,M,corpus_expansion_5000,0.3455826568556634,0
0.0,0.0,0.0,0.95,0.0,0.0,0.75,0.8647,v18_1331,1,H,corpus_expansion_5000,0.5147671644054496,1
0.0,0.0,0.0,0.0,0.0,0.0,0.0,0.5988,v18_2017,1,L,corpus_expansion_5000,0.09073596002496317,0
0.0,0.0,0.0,0.3,0.0,0.3333,0.0,0.0,v18_2482,1,L,corpus_expansion_5000,0.2860730847351194,0
0.0,0.0,0.0,0.9,0.0,0.0,0.0,0.0,v18_1358,1,M,corpus_expansion_5000,0.3921913672632442,0
0.0,0.0,0.0,0.95,0.0,0.3333,0.0,0.0,v18_1329,1,M,corpus_expansion_5000,0.598900906658088,1
0.0,0.0,0.0,0.4,0.1465,0.0,0.7143,0.7137,v18_2150,1,L,corpus_expansion_5000,0.2878865048941689,0
0.3,0.0,0.0,0.8,0.0,0.3333,0.0,0.0,v18_2122,1,L,corpus_expansion_5000,0.8889757568587885,1
0.0,0.0,0.0,0.7,0.0,0.0,0.0,0.7506,v18_3981,0,H,corpus_expansion_5000,0.2891454263790626,0
0.0,0.0,0.0,0.0,0.1248,1.0,0.6667,0.1007,v18_1252,1,M,corpus_expansion_5000,0.6205729116893888,1
0.0,0.0,0.0,0.65,0.0,0.0,1.0,0.0,v18_3278,0,H,corpus_expansion_5000,0.41849315049290436,1
0.0,0.0,0.2883,0.6,0.0,0.0,0.0,0.772,v18_3374,0,H,corpus_expansion_5000,0.27130339961871275,0
0.0,0.0,0.0,0.1,0.5206,1.0,0.0,0.6173,v18_2814,1,M,corpus_expansion_5000,0.6624934053190553,1
0.0,0.0,0.0,0.35,0.0,0.0,0.0,0.7364,v18_1848,1,M,corpus_expansion_5000,0.1670376321608323,0
0.0,0.0,0.0,0.9,0.5666,0.0,0.0,0.0,v18_3037,0,H,corpus_expansion_5000,0.5439469168385574,1
0.0,0.0,0.0,0.65,0.0,0.0,0.0,0.0,v18_0388,0,H,v17_reused,0.28008474130873345,0
0.0,0.0,0.0,0.95,0.0,0.0,0.0,0.0,v18_0235,0,H,v17_reused,0.4165568777450921,0
0.0,0.0,0.0,0.25,0.0,0.0,0.0,0.8647,v18_1077,1,H,corpus_expansion_5000,0.13957424974302188,0
0.0,0.0,0.0,0.0,0.2082,0.0,0.0,0.0,v18_1984,1,M,corpus_expansion_5000,0.11570823209590268,0
0.0,0.0,0.0,0.25,0.0,0.0,0.0,0.4866,v18_4363,0,M,corpus_expansion_5000,0.14303868621675692,0
0.0,0.0,0.0745,0.0,0.1434,0.3333,0.0,0.6025,v18_3962,0,M,corpus_expansion_5000,0.20071755761097507,0
0.0,0.0,0.0,0.2,0.4656,0.0,0.0,0.0,v18_0770,0,H,v17_reused,0.20589049791985248,0
0.3,0.15,0.0,0.3,0.0,0.0,0.0,0.0,v18_2165,1,M,corpus_expansion_5000,0.6239231707274093,1
0.0,0.0,0.0,0.9,0.0,1.0,0.0,0.3853,v18_0673,0,H,v17_reused,0.8515043943809388,1
0.0,0.0,0.0,1.0,0.4949,1.0,0.0,0.6588,v18_0249,0,H,v17_reused,0.92163541870689,1
0.3,0.0,0.0,0.1,0.5411,0.0,0.0,0.7848,v18_1574,1,M,corpus_expansion_5000,0.6114331604749602,1
0.0,0.0,0.0,0.5,0.1773,0.3333,0.0,0.0,v18_3419,0,H,corpus_expansion_5000,0.4212740038576252,1
0.0,0.0,0.2268,0.3,0.0,0.6667,0.0,0.4555,v18_2081,1,M,corpus_expansion_5000,0.47002816352281424,1
0.0,0.0,0.0,0.6,0.0,0.3333,0.0,0.2516,v18_1823,1,M,corpus_expansion_5000,0.41911292113040743,1
0.0,0.0,0.0,0.6,0.5978,0.0,0.0,0.0,v18_0716,0,H,v17_reused,0.4020224244984399,0
0.0,0.0,0.2262,0.6,0.0,0.0,0.0,0.1829,v18_4668,0,H,corpus_expansion_5000,0.27519695152905604,0
0.0,0.0,0.0,0.0,0.0,0.0,0.0,0.3988,v18_2048,1,L,corpus_expansion_5000,0.0919897604841056,0
0.0,0.0,0.0,0.8,0.0,0.0,0.0,0.0,v18_4178,0,M,corpus_expansion_5000,0.3451374483123983,0
0.3,0.0,0.0,0.9,0.5618,1.0,1.0,0.0,v18_2724,1,M,corpus_expansion_5000,0.993191593944937,1
0.0,0.0,0.4893,0.9,0.0,0.0,0.0,0.7878,v18_4521,0,M,corpus_expansion_5000,0.4251748968840005,1
0.0,0.0,0.8875,0.0,0.0,0.3333,0.0,0.2188,v18_1460,1,M,corpus_expansion_5000,0.23458532550480202,0
0.0,0.0,0.0,0.0,0.4732,0.0,0.6667,0.9472,v18_1668,1,M,corpus_expansion_5000,0.19657532979011508,0
0.0,0.0,0.0,0.7,0.0,0.0,0.0,0.0,v18_2756,1,L,corpus_expansion_5000,0.30093381222399707,0
0.0,0.0,0.0,0.7,0.0,0.0,0.0,0.0,v18_2000,1,L,corpus_expansion_5000,0.30093381222399707,0
0.0,0.0,0.0,0.1,0.0,0.3333,0.8333,0.7653,v18_0404,0,H,v17_reused,0.2963946222330052,0
0.0,0.0,0.0,0.8,0.0,1.0,0.0,0.0,v18_0384,1,H,new_mid_w1_p1,0.8282355492157261,1
0.0,0.0,0.8584,0.0,0.0,0.0,0.0,0.4381,v18_4535,0,L,corpus_expansion_5000,0.12470285311468285,0
0.5,0.0,0.0,0.8,0.0,0.0,0.6667,0.4442,v18_2152,1,M,corpus_expansion_5000,0.9543938266881418,1
0.0,0.0,0.0,0.1,0.0,0.0,0.0,0.2921,v18_1633,1,M,corpus_expansion_5000,0.11114007894406935,0
0.0,0.0,0.0,0.3,0.0,0.0,0.0,0.6064,v18_4586,0,M,corpus_expansion_5000,0.15470856294037602,0
0.0,0.0,0.0,0.0,0.0,0.3333,0.0,0.0,v18_3925,0,M,corpus_expansion_5000,0.17921858498670093,0
0.0,0.0,0.0,0.8,0.0,0.5833,0.0,0.9016,v18_4158,0,M,corpus_expansion_5000,0.6416785346523431,1
0.0,0.0,0.0,0.2,0.6163,0.0,0.0,0.0,v18_0223,0,H,new_mid_w1_p0,0.23388979008579727,0
0.0,0.0,0.0,0.9,0.0,0.0,0.0,0.9458,v18_2193,1,M,corpus_expansion_5000,0.37530274618903703,0
0.0,0.0,0.0,0.05,0.0,0.0,0.0,0.0,v18_3136,0,H,corpus_expansion_5000,0.10356039088419995,0
0.8,0.6667,0.2398,0.9,0.422,0.0,0.0,0.0,v18_1824,1,M,corpus_expansion_5000,0.9979419439392607,1
0.0,0.0,0.0,0.35,0.0,0.0,0.0,0.0,v18_4600,0,M,corpus_expansion_5000,0.17491898592996105,0
0.0,0.0,0.0,0.35,0.0,0.0,0.6667,0.4866,v18_0797,1,M,corpus_expansion_5000,0.2354422358156868,0
0.0,0.0,0.0,0.95,0.0,0.0,1.0,0.0,v18_2871,1,M,corpus_expansion_5000,0.5690938689597135,1
0.0,0.0,0.0,0.5,0.0,0.0,0.0,0.679,v18_0009,0,H,new_low_w0_pany,0.21435424703814043,0
0.3,0.0,0.0,0.1,0.399,0.3333,1.0,0.126,v18_1944,1,M,corpus_expansion_5000,0.8457834538162465,1
0.0,0.0,0.0,0.7,0.0,0.3333,0.0,0.5436,v18_1838,1,M,corpus_expansion_5000,0.4635411994299425,1
0.0,0.2,0.0,0.1,0.0,0.0,0.0,0.0,v18_0255,0,H,new_mid_w0_p0,0.13907730533134127,0
0.0,0.0,0.0,0.8,0.4349,0.0,0.0,0.0,v18_4508,0,M,corpus_expansion_5000,0.4578677524505173,1
0.3,0.0,0.0,0.9,0.0,0.0,0.0,0.0,v18_1581,1,M,corpus_expansion_5000,0.8241733376871658,1
0.0,0.0,0.0,0.0,0.0,0.0,0.0,0.0,v18_2956,0,H,corpus_expansion_5000,0.0945363922261271,0
0.0,0.0,0.0,0.35,0.0,0.0,0.0,0.0,v18_0924,1,M,corpus_expansion_5000,0.17491898592996105,0
0.0,0.0,0.0,1.0,0.0,0.0,0.75,0.0,v18_4429,0,M,corpus_expansion_5000,0.55615498640238,1
0.0,0.0,0.1885,0.0,0.1885,0.0,0.0,0.0,v18_2508,1,M,corpus_expansion_5000,0.12136645633281533,0
0.0,0.0,0.0,0.3,0.0,0.3333,0.0,0.6916,v18_3775,0,M,corpus_expansion_5000,0.27552661350143764,0
0.0,0.0,0.0,1.0,0.0,0.0,0.0,0.0,v18_4136,0,M,corpus_expansion_5000,0.4413369854724032,1
0.3,0.0,0.0,0.4,0.0,0.6667,0.0,0.2174,v18_2779,1,M,corpus_expansion_5000,0.8800017949055464,1
0.0,0.0,0.0,0.6,0.0,0.0,0.0,0.3026,v18_0539,0,H,new_mid_w1_p0,0.25576858480503956,0
0.0,0.0,0.0,0.0,0.3421,0.0,0.0,0.2811,v18_2745,1,M,corpus_expansion_5000,0.12900803052495238,0
0.3,0.0,0.0,0.2,0.728,0.6667,0.0,0.0,v18_4498,0,L,corpus_expansion_5000,0.9163283808621899,1
0.0,0.0,0.0,0.3,0.0,0.3333,0.0,0.0,v18_4571,0,L,corpus_expansion_5000,0.2860730847351194,0
0.0,0.0,0.0,0.5,0.0,0.0,0.0,0.0,v18_1145,1,M,corpus_expansion_5000,0.22311587068072297,0
0.0,0.0,0.0,0.0,0.0,0.3333,0.0,0.0,v18_0667,0,H,v17_reused,0.17921858498670093,0
0.0,0.0,0.0,0.65,0.0,0.0,0.8,0.0,v18_3019,0,H,corpus_expansion_5000,0.38889057162970714,0
0.0,0.0,0.0,1.0,0.0,0.0,0.0,0.0,v18_0357,0,H,v17_reused,0.4413369854724032,1
0.0,0.0,0.7535,0.6,0.0,0.0,0.0,0.929,v18_2831,1,M,corpus_expansion_5000,0.3071463865325633,0
0.0,0.0,0.0,0.2,0.0,0.0,0.0,0.6832,v18_2783,1,M,corpus_expansion_5000,0.12939591517510746,0
0.0,0.0,0.0,0.0,0.0,0.0,0.0,0.5006,v18_1353,1,M,corpus_expansion_5000,0.09134964217764967,0
0.0,0.0,0.0,0.6,0.0,0.0,0.0,0.0,v18_0470,0,H,v17_reused,0.2601425988962303,0
0.0,0.0,0.0,0.0,0.2411,0.0,0.0,0.9517,v18_2703,1,M,corpus_expansion_5000,0.11205579653673889,0
0.0,0.0,0.0,0.1,0.8868,0.0,0.0,0.0,v18_3330,0,H,corpus_expansion_5000,0.2505744452629085,0
0.0,0.0,0.138,0.2,0.0,0.3333,0.0,0.6536,v18_3637,0,M,corpus_expansion_5000,0.24768932312253283,0
0.0,0.0,0.0,0.3,0.0,0.0,0.0,0.3541,v18_1396,1,H,corpus_expansion_5000,0.15721661118347627,0
0.0,0.0,0.0,0.7,0.1969,0.0,0.0,0.0,v18_3584,0,H,corpus_expansion_5000,0.34765555835958495,0
0.0,0.0,0.0,1.0,0.0,0.0,0.6667,0.0,v18_4486,0,M,corpus_expansion_5000,0.5434738198858534,1
0.0,0.0,0.0,0.0,0.0,0.0,0.0,0.0,v18_3376,0,H,corpus_expansion_5000,0.0945363922261271,0
0.3,0.0,0.0,0.35,0.0,0.3333,0.0,0.0,v18_1256,1,M,corpus_expansion_5000,0.7630809068880592,1
0.0,0.0,0.0,0.3,0.0,0.0,0.0,0.0,v18_3512,0,H,corpus_expansion_5000,0.16079228470839807,0
0.0,0.0,0.0,0.45,0.0,0.0,0.0,0.0,v18_1250,1,H,corpus_expansion_5000,0.2060688837501653,0
0.0,0.0,0.0,0.0,0.0,0.0,0.0,0.0,v18_4807,0,M,corpus_expansion_5000,0.0945363922261271,0
0.0,0.0,0.0,0.6,0.0,0.0,0.0,0.3399,v18_4298,0,M,corpus_expansion_5000,0.2552327763879003,0
0.0,0.0,0.0,0.55,0.0,0.0,0.0,0.0,v18_3284,0,H,corpus_expansion_5000,0.2411447352040636,0
0.0,0.0,0.0,0.0,0.3525,0.0,0.0,0.228,v18_2933,0,H,corpus_expansion_5000,0.13073545520489466,0
0.0,0.0,0.0,0.9,0.1978,0.0,0.0,0.0,v18_4175,0,M,corpus_expansion_5000,0.444321931399171,1
0.0,0.0,0.4606,0.2,0.0,0.0,0.6667,0.7628,v18_1852,1,M,corpus_expansion_5000,0.21119957109573523,0
0.0,0.0,0.0,0.4,0.4305,0.3333,0.0,0.0,v18_4869,0,M,corpus_expansion_5000,0.4389613065396602,1
0.0,0.0,0.0,0.2,0.0,0.0,0.0,0.7597,v18_2105,1,L,corpus_expansion_5000,0.128746507937541,0
0.0,0.0,0.0,0.9,0.3492,0.0,0.75,0.0,v18_0133,1,L,new_low_w0_pany,0.5991271243847406,1
0.0,0.0,0.0,0.7,0.0,0.0,0.0,0.0,v18_0928,1,M,corpus_expansion_5000,0.30093381222399707,0
0.0,0.0,0.1683,0.0,0.0,0.0,0.0,0.859,v18_0823,1,M,corpus_expansion_5000,0.09475575801068012,0
0.0,0.0,0.0,1.0,0.0,0.3333,0.0,0.8243,v18_4543,0,M,corpus_expansion_5000,0.608217388440863,1
0.0,0.0,0.0,0.35,0.5654,0.0,0.75,0.0,v18_1531,1,M,corpus_expansion_5000,0.3830085512200467,0
0.0,0.0,0.0,0.9,0.6292,0.0,0.75,0.1781,v18_1214,1,M,corpus_expansion_5000,0.6664068135346157,1
0.0,0.0,0.0,0.3,0.0,0.3333,0.0,0.6981,v18_0504,1,H,new_high_w1_pany,0.2754286428614041,0
0.0,0.0,0.0,0.3,0.0,0.3333,0.0,0.0,v18_4285,0,M,corpus_expansion_5000,0.2860730847351194,0
0.0,0.0,0.0,0.15,0.0,0.3333,0.0,0.0,v18_1996,1,M,corpus_expansion_5000,0.22827240588175038,0
0.0,0.0,0.0,0.0,0.0,0.0,0.0,0.4782,v18_3072,0,H,corpus_expansion_5000,0.09149014865324304,0
0.0,0.0,0.0,0.1,0.0,0.0,0.0,0.8377,v18_1958,1,M,corpus_expansion_5000,0.10713455490503111,0
0.5,0.0,0.0,0.1,0.4545,0.0,0.0,0.5067,v18_1384,1,M,corpus_expansion_5000,0.845852892374661,1
0.0,0.0,0.0,0.1,0.0,0.0,0.0,0.3332,v18_0894,1,H,corpus_expansion_5000,0.11083383598549508,0
0.0,0.0,0.0,0.4,0.0,0.0,0.0,0.0,v18_0455,0,H,v17_reused,0.19000580961738978,0
0.0,0.0,0.0,0.5,0.0,0.0,0.0,0.0,v18_4879,0,M,corpus_expansion_5000,0.22311587068072297,0
0.0,0.0,0.0,0.65,0.0,0.3333,1.0,0.0,v18_3709,0,M,corpus_expansion_5000,0.6008119471731185,1
0.0,0.0,0.0,0.8,0.3354,0.0,0.0,0.0,v18_4618,0,L,corpus_expansion_5000,0.4312347039942427,1
0.0,0.0,0.0,0.0,0.0,0.0,0.0,0.8782,v18_4268,0,M,corpus_expansion_5000,0.08901016107032557,0
0.0,0.0,0.0,0.1,0.0,0.0,0.0,0.2316,v18_3522,0,H,corpus_expansion_5000,0.1115922214734926,0
0.0,0.0,0.5654,0.45,0.0,0.0,0.0,0.0,v18_4134,0,M,corpus_expansion_5000,0.24559238244758658,0
0.0,0.0,0.0,0.0,0.0,0.0,0.0,0.0,v18_3602,0,M,corpus_expansion_5000,0.0945363922261271,0
0.0,0.0,0.0,0.3,0.0,0.3333,0.0,0.0,v18_0713,1,H,new_mid_w1_p1,0.2860730847351194,0
0.0,0.0,0.0,0.0,0.0,0.0,0.0,0.0,v18_4186,0,M,corpus_expansion_5000,0.0945363922261271,0
0.0,0.0,0.1408,0.0,0.1408,0.0,0.0,0.3455,v18_2214,1,M,corpus_expansion_5000,0.11140438878128325,0
0.0,0.0,0.0,0.8,0.4284,0.0,0.0,0.0,v18_2923,0,H,corpus_expansion_5000,0.45611883597230013,1
0.0,0.0,0.0,0.6,0.0,0.6667,0.0,0.9105,v18_1810,1,M,corpus_expansion_5000,0.5894903337992514,1
0.0,0.0,0.0,0.4,0.6798,0.3333,0.0,0.0,v18_3486,0,H,corpus_expansion_5000,0.5062327306789735,1
0.0,0.0,0.0,0.0,0.252,0.0,0.0,0.0,v18_3141,0,H,corpus_expansion_5000,0.12065693418358323,0
0.3,0.0,0.0,0.7,0.0,1.0,0.0,0.0,v18_1827,1,M,corpus_expansion_5000,0.9662288392003014,1
0.0,0.0,0.0,0.0,0.0,0.0,0.0,0.7248,v18_1155,1,M,corpus_expansion_5000,0.08995398434580544,0
0.0,0.0,0.3492,0.3,0.0,0.0,0.0,0.9314,v18_1324,1,H,corpus_expansion_5000,0.1704028366233394,0
0.0,0.0,0.0,0.0,0.5821,0.5833,0.0,0.4883,v18_4312,0,M,corpus_expansion_5000,0.4075862913502344,0
0.0,0.0,0.0,0.05,0.0,0.0,0.0,0.47,v18_0510,0,M,v17_reused,0.10031143516700697,0
0.3,0.0,0.7594,0.7,0.0,0.0,0.0,0.0,v18_1680,1,M,corpus_expansion_5000,0.8091334950326275,1
0.0,0.0,0.0,0.5,0.0,0.0,0.0,0.0,v18_0499,1,H,new_high_w1_pany,0.22311587068072297,0
0.0,0.0,0.0,0.3,0.0,0.0,0.0,0.0,v18_4536,0,M,corpus_expansion_5000,0.16079228470839807,0
0.0,0.0,0.0,0.0,0.5186,0.0,0.0,0.5761,v18_1856,1,M,corpus_expansion_5000,0.1492290818803405,0
0.0,0.0,0.0,0.2,0.0,0.0,0.0,0.0,v18_1388,1,M,corpus_expansion_5000,0.1353199798207458,0
0.0,0.0,0.0,0.7,0.0,0.0,0.0,0.0,v18_3719,0,M,corpus_expansion_5000,0.30093381222399707,0
0.3,0.0,0.0,0.2,0.2012,0.0,0.0,0.3006,v18_2386,1,M,corpus_expansion_5000,0.5802334211578978,1
0.0,0.0,0.0,0.3,0.2878,0.0,0.0,0.0,v18_3236,0,H,corpus_expansion_5000,0.20746248670048897,0
0.0,0.0,0.0,0.3,0.0,0.3333,0.0,0.0,v18_1540,1,M,corpus_expansion_5000,0.2860730847351194,0
0.0,0.0,0.0,0.2,0.4852,0.0,0.75,0.0,v18_1217,1,M,corpus_expansion_5000,0.29581315181432916,0
0.0,0.0,0.553,0.7,0.0,0.0,0.0,0.0,v18_2681,1,M,corpus_expansion_5000,0.34948662534562974,0
0.0,0.0,0.0,0.0,0.0,0.0,0.6667,0.0,v18_2993,0,H,corpus_expansion_5000,0.13594465100785882,0
0.0,0.0,0.0,0.6,0.0,0.0,0.0,0.2507,v18_1191,1,M,corpus_expansion_5000,0.25651534708501167,0
0.0,0.0,0.0,0.3,0.5377,0.0,0.8,0.6927,v18_1542,1,M,corpus_expansion_5000,0.3476068552539881,0
0.0,0.15,0.0,0.7,0.0,0.0,0.0,0.0,v18_3301,0,H,corpus_expansion_5000,0.33910866358101294,0
0.0,0.0,0.0,0.0,0.9857,0.0,0.0,0.0,v18_3324,0,H,corpus_expansion_5000,0.23313588276201727,0
0.0,0.0,0.0,0.2,0.0,0.3333,0.0,0.2908,v18_2539,1,L,corpus_expansion_5000,0.24252861507568735,0
0.0,0.0,0.0,0.2,0.0,0.0,0.75,0.7727,v18_0953,1,M,corpus_expansion_5000,0.189730853119935,0
0.0,0.0,0.0,0.55,0.0,0.0,0.0,0.4732,v18_4330,0,M,corpus_expansion_5000,0.23466613258758542,0
0.0,0.0,0.0,0.2,0.0,0.0,0.0,0.0,v18_0732,1,H,new_mid_w1_p1,0.1353199798207458,0
0.0,0.0,0.3386,0.0,0.0,0.5833,0.0,0.4818,v18_1156,1,H,corpus_expansion_5000,0.29547051374197786,0
0.0,0.0,0.0,0.55,0.0,0.0,0.0,0.0,v18_3294,0,H,corpus_expansion_5000,0.2411447352040636,0
0.0,0.0,0.0,0.2,0.0,0.0,0.0,0.7859,v18_2982,0,H,corpus_expansion_5000,0.1285247359409221,0
0.3,0.0,0.0,1.0,0.6628,0.6667,0.6667,0.0,v18_2156,1,M,corpus_expansion_5000,0.9872806860202884,1
0.3,0.0,0.0,0.6,0.3755,0.0,0.0,0.0,v18_1062,1,M,corpus_expansion_5000,0.7932965163462846,1
0.0,0.0,0.4785,0.0,0.0,0.0,0.0,0.0,v18_2616,1,M,corpus_expansion_5000,0.11227089204087393,0
0.0,0.0,0.0,0.3,0.0,0.0,0.0,0.4575,v18_1167,1,M,corpus_expansion_5000,0.1561847617986113,0
0.0,0.0,0.0,0.6,0.2864,0.0,0.0,0.0,v18_3222,0,H,corpus_expansion_5000,0.32416639568987365,0
0.0,0.0,0.4021,0.0,0.0,0.0,0.0,0.0,v18_3636,0,M,corpus_expansion_5000,0.10925617299352326,0
0.0,0.0,0.0,0.2,0.0,0.0,0.0,0.0,v18_2938,0,H,corpus_expansion_5000,0.1353199798207458,0
0.0,0.0,0.0,1.0,0.0,0.0,0.6667,0.0,v18_4491,0,L,corpus_expansion_5000,0.5434738198858534,1
0.0,0.0,0.0,0.4,0.0,0.0,0.0,0.0,v18_3140,0,H,corpus_expansion_5000,0.19000580961738978,0
0.0,0.0,0.0,0.8,0.0,0.0,0.0,0.0,v18_0143,0,H,v17_reused,0.3451374483123983,0
0.0,0.0,0.0,0.3,0.0,0.0,0.0,0.0,v18_3577,0,H,corpus_expansion_5000,0.16079228470839807,0
0.0,0.0,0.0,1.0,0.0,0.0,0.0,0.0,v18_2782,1,M,corpus_expansion_5000,0.4413369854724032,1
0.0,0.0,0.0,0.6,0.0,0.3333,0.0,0.9637,v18_0717,0,H,v17_reused,0.4060806818779597,0
0.0,0.0,0.0,0.45,0.0,0.0,0.0,0.0,v18_1819,1,M,corpus_expansion_5000,0.2060688837501653,0
0.0,0.0,0.0,0.3,0.0,0.0,0.0,0.977,v18_2502,1,M,corpus_expansion_5000,0.15108391399212562,0
0.0,0.0,0.0,0.0,0.0,0.0,0.0,0.8903,v18_4360,0,M,corpus_expansion_5000,0.08893609490662632,0
0.0,0.0,0.0,0.3,0.0,0.0,0.0,0.9907,v18_4171,0,M,corpus_expansion_5000,0.1509512688861295,0
0.0,0.0,0.0,0.2,0.0,0.0,0.0,0.2871,v18_0395,0,H,new_high_w1_pany,0.13280312693188168,0
0.0,0.0,0.0,0.0,0.0,0.0,0.0,0.1564,v18_4836,0,M,corpus_expansion_5000,0.09353022216765373,0
0.0,0.0,0.0,0.35,0.0,0.0,0.0,0.9817,v18_4492,0,L,corpus_expansion_5000,0.16447610531611398,0
0.0,0.0,0.0,0.45,0.0,0.3333,0.0,0.0,v18_1365,1,M,corpus_expansion_5000,0.35183690948447854,0
0.0,0.0,0.0,0.0,0.4099,0.0,0.0,0.0,v18_4558,0,M,corpus_expansion_5000,0.14003297042559598,0
0.0,0.0,0.0,0.9,0.0,0.3333,0.0,0.3244,v18_0595,1,H,new_mid_w1_p1,0.5683699611073878,1
0.0,0.0,0.0,0.45,0.0,0.0,0.0,0.0,v18_3952,0,M,corpus_expansion_5000,0.2060688837501653,0
0.0,0.0,0.0,0.4,0.0,0.0,0.0,0.2357,v18_2914,0,H,corpus_expansion_5000,0.18728152985971636,0
0.0,0.0,0.6426,0.8,0.0,0.3333,0.0,0.326,v18_2326,1,M,corpus_expansion_5000,0.5818000204066716,1
0.0,0.0,0.0,0.6,0.0,0.0,0.75,0.0,v18_3766,0,M,corpus_expansion_5000,0.35803151016775364,0
0.0,0.0,0.0,0.8,0.0,0.0,0.0,0.0,v18_3440,0,H,corpus_expansion_5000,0.3451374483123983,0
0.0,0.0,0.0,0.0,0.252,0.0,0.0,0.0,v18_3851,0,M,corpus_expansion_5000,0.12065693418358323,0
0.0,0.0,0.0,0.4,0.4213,0.0,0.0,0.1344,v18_4132,0,M,corpus_expansion_5000,0.2682901421737026,0
0.0,0.0,0.0,0.3,0.0,0.0,0.0,0.8768,v18_4591,0,M,corpus_expansion_5000,0.15205697758076775,0
0.3,0.0,0.0,0.95,0.0,0.0,0.0,0.0,v18_2143,1,M,corpus_expansion_5000,0.8383589829490602,1
0.0,0.0,0.0,0.2,0.0,0.0,0.0,0.0,v18_1571,1,M,corpus_expansion_5000,0.1353199798207458,0
0.0,0.0,0.094,0.5,0.2564,0.0,0.6667,0.0754,v18_4079,0,M,corpus_expansion_5000,0.37108835457881384,0
0.3,0.0,0.0,0.5,0.0,0.3333,0.0,0.0,v18_1122,1,M,corpus_expansion_5000,0.8135438949441869,1
0.3,0.0,0.0,0.6,0.7082,1.0,0.0,0.0,v18_2786,1,M,corpus_expansion_5000,0.9805317027452001,1
0.0,0.0,0.6191,0.3,0.0,0.0,0.7143,0.0,v18_2967,0,H,corpus_expansion_5000,0.27588771345843893,0
0.0,0.15,0.0,0.7,0.0,0.0,0.0,0.2859,v18_2504,1,L,corpus_expansion_5000,0.3342869128615904,0
0.0,0.0,0.0,0.2,0.8357,0.0,0.0,0.1839,v18_3465,0,H,corpus_expansion_5000,0.2763833900081626,0
0.3,0.0,0.0,0.25,0.0,0.0,0.0,0.0,v18_0675,1,H,new_mid_w1_p1,0.5571149443071343,1
0.0,0.0,0.0,0.1,0.3924,0.0,0.75,0.2571,v18_2808,1,L,corpus_expansion_5000,0.2333081779218416,0
0.0,0.0,0.0,0.55,0.0,0.0,0.0,0.4866,v18_3348,0,H,corpus_expansion_5000,0.2344844413536289,0
0.0,0.0,0.0,0.0,0.3929,0.0,0.0,0.5373,v18_0728,0,H,v17_reused,0.13307678007713047,0
0.0,0.0,0.0,0.9,0.0,0.3333,0.75,0.0,v18_0412,0,H,new_mid_w1_p0,0.6815731325085116,1
0.0,0.0,0.0,0.0,0.8612,0.0,0.0,0.4575,v18_3146,0,H,corpus_expansion_5000,0.20420293564760542,0
0.0,0.0,0.0,0.0,0.0,0.0,0.0,0.3146,v18_1516,1,M,corpus_expansion_5000,0.0925222529762947,0
0.0,0.0,0.0,0.1,0.0,0.3333,0.0,0.7739,v18_0825,1,M,corpus_expansion_5000,0.20137530736707207,0
0.0,0.0,0.0,0.0,0.0,0.0,0.0,0.0,v18_3267,0,H,corpus_expansion_5000,0.0945363922261271,0
0.0,0.0,0.0,1.0,0.0,0.0,0.0,0.4866,v18_3974,0,M,corpus_expansion_5000,0.4322973095567889,1
0.3,0.0,0.7506,0.8,0.9012,0.6667,0.0,0.0,v18_0616,0,H,v17_reused,0.9836369870870438,1
0.0,0.0,0.0,0.4,0.0,0.0,0.0,0.0,v18_0114,1,H,new_high_w1_pany,0.19000580961738978,0
0.0,0.0,0.0,0.0,0.0,0.0,0.0,0.0,v18_0417,0,H,new_mid_w0_p0,0.0945363922261271,0
0.0,0.0,0.0,0.1,0.0,0.0,0.0,0.0,v18_3069,0,H,corpus_expansion_5000,0.1133379569328199,0
0.0,0.0,0.0,0.0,0.0,0.0,0.0,0.0,v18_1625,1,M,corpus_expansion_5000,0.0945363922261271,0
0.0,0.0,0.0,0.2,0.0,0.0,0.0,0.7157,v18_4950,0,M,corpus_expansion_5000,0.12911968315232844,0
0.0,0.0,0.0,0.0,0.4539,0.0,0.0,0.4492,v18_4185,0,M,corpus_expansion_5000,0.1417013939759747,0
0.0,0.0,0.0,0.0,0.0,0.0,0.0,0.0,v18_2896,1,M,corpus_expansion_5000,0.0945363922261271,0
0.0,0.0,0.0,0.5,0.0,0.9167,0.0,0.0,v18_4671,0,L,corpus_expansion_5000,0.6860374748954428,1
0.0,0.0,0.0,0.2,0.0,0.0,0.0,0.4371,v18_2082,1,M,corpus_expansion_5000,0.13150399152045075,0
0.0,0.0,0.9038,0.0,0.0,0.3333,0.0,0.3067,v18_0753,0,H,new_mid_w1_p0,0.23456604673792666,0
0.0,0.0,0.0,0.4,0.0,0.0,0.0,0.0,v18_2546,1,L,corpus_expansion_5000,0.19000580961738978,0
0.0,0.0,0.0,0.5,0.0,0.0,0.0,0.8836,v18_3969,0,M,corpus_expansion_5000,0.21176372180922537,0
0.0,0.0,0.0,0.05,0.0,0.3333,0.0,0.7225,v18_3373,0,H,corpus_expansion_5000,0.1861799794312113,0
0.0,0.0,0.0,0.95,0.0,0.0,0.0,0.0,v18_4107,0,M,corpus_expansion_5000,0.4165568777450921,0
0.0,0.0,0.0,0.1,0.0,0.0,0.0,0.4596,v18_2444,1,M,corpus_expansion_5000,0.10989663390804083,0
0.0,0.0,0.0,0.9,0.4866,0.3333,0.0,0.0,v18_4380,0,M,corpus_expansion_5000,0.6957862043094999,1
0.0,0.0,0.0,0.65,0.0,0.0,0.6667,0.0,v18_1066,1,M,corpus_expansion_5000,0.36959187193586107,0
0.0,0.0,0.0,0.9,0.0,0.0,0.0,0.0,v18_3913,0,M,corpus_expansion_5000,0.3921913672632442,0
0.0,0.0,0.0,0.4,0.0,0.0,0.0,0.0,v18_3498,0,H,corpus_expansion_5000,0.19000580961738978,0
0.0,0.0,0.0,0.35,0.0,0.0,0.8,0.0,v18_2738,1,M,corpus_expansion_5000,0.2574823647141369,0
0.0,0.0,0.4606,0.9,0.0,0.0,0.0,0.0,v18_4000,0,M,corpus_expansion_5000,0.4369446099284688,1
0.3,0.0,0.0,0.8,0.2996,0.5833,0.0,0.0,v18_1568,1,M,corpus_expansion_5000,0.9506676975060018,1
0.0,0.0,0.0,0.9,0.0,0.3333,0.0,0.0,v18_2427,1,M,corpus_expansion_5000,0.5743695239102369,1
0.0,0.0,0.6426,0.3,0.4021,0.0,0.0,0.5478,v18_3746,0,H,corpus_expansion_5000,0.2688887782069799,0
0.5,0.0,0.0,0.2,0.0,0.0,0.0,0.4109,v18_4639,0,M,corpus_expansion_5000,0.8052192628505305,1
0.0,0.0,0.0,0.0,0.1804,0.6667,0.0,0.1461,v18_1687,1,M,corpus_expansion_5000,0.3545618217258172,0
0.0,0.0,0.0,0.3,0.5095,0.0,0.0,0.4184,v18_0851,1,H,corpus_expansion_5000,0.2438842244547503,0
0.0,0.0,0.0,0.0,0.2188,0.5833,0.0,0.3866,v18_3546,0,H,corpus_expansion_5000,0.3186047696983521,0
0.0,0.0,0.0,0.4,0.422,0.0,0.0,0.0,v18_0895,1,H,corpus_expansion_5000,0.2704369957010931,0
0.0,0.0,0.0,0.6,0.7966,0.0,0.0,0.3391,v18_4592,0,M,corpus_expansion_5000,0.4484096434508935,1
0.0,0.0,0.0,0.2,0.0,0.0,0.6667,0.0,v18_0335,1,H,new_mid_w1_p1,0.1908272123370029,0
0.0,0.0,0.4119,0.1,0.0,0.3333,0.0,0.2702,v18_2839,1,L,corpus_expansion_5000,0.23601445434830542,0
0.0,0.0,0.0,0.9,0.0,0.0,0.0,0.0,v18_3087,0,H,corpus_expansion_5000,0.3921913672632442,0
0.0,0.0,0.0,0.0,0.2859,0.3333,0.0,0.2337,v18_1348,1,H,corpus_expansion_5000,0.22630335346977035,0
0.0,0.0,0.0,0.0,0.2041,0.3333,0.0,0.3039,v18_1015,1,M,corpus_expansion_5000,0.21026997772735753,0
0.0,0.0,0.524,0.7,0.0,0.0,0.0,0.9041,v18_2816,1,M,corpus_expansion_5000,0.33154838843874873,0
0.0,0.0,0.0,0.95,0.0,0.0,0.0,0.4866,v18_1631,1,M,corpus_expansion_5000,0.4076543965940803,0
0.0,0.0,0.0,0.15,0.0,0.0,0.0,0.0,v18_2489,1,M,corpus_expansion_5000,0.1239110617250224,0
0.0,0.0,0.0,0.95,0.0,0.0,0.0,0.0,v18_3730,0,H,corpus_expansion_5000,0.4165568777450921,0
0.0,0.0,0.0,0.65,0.0,0.3333,0.0,0.0,v18_3251,0,H,corpus_expansion_5000,0.44862453062568336,1
0.0,0.0,0.0,0.0,0.0,0.0,0.0,0.4428,v18_4634,0,L,corpus_expansion_5000,0.0917125953561098,0
0.0,0.0,0.0,0.75,0.5654,0.0,0.75,0.0,v18_2070,1,L,corpus_expansion_5000,0.5824142246867856,1
0.0,0.0,0.0,1.0,0.0,0.0,0.0,0.0,v18_4452,0,M,corpus_expansion_5000,0.4413369854724032,1
0.0,0.0,0.0,0.0,0.0,0.0,0.0,0.0,v18_4882,0,L,corpus_expansion_5000,0.0945363922261271,0
0.0,0.0,0.0,0.0,0.2551,0.0,0.0,0.0,v18_1635,1,M,corpus_expansion_5000,0.12101401554032351,0
0.0,0.0,0.0,0.3,0.0,0.0,0.0,0.8603,v18_2479,1,M,corpus_expansion_5000,0.15221770489863334,0
0.0,0.0,0.0,0.55,0.0,0.0,0.8,0.7364,v18_2265,1,L,corpus_expansion_5000,0.32960741888918876,0
0.0,0.0,0.0,0.8,0.0,0.0,0.0,0.0,v18_2959,0,H,corpus_expansion_5000,0.3451374483123983,0
0.0,0.0,0.0,0.0,0.0,0.0,0.0,0.2875,v18_4731,0,M,corpus_expansion_5000,0.09269422511489046,0
0.0,0.0,0.0,0.0,0.0,0.0,0.0,0.0,v18_3059,0,H,corpus_expansion_5000,0.0945363922261271,0
0.0,0.0,0.0,0.0,0.0,0.0,0.0,0.0,v18_2141,1,M,corpus_expansion_5000,0.0945363922261271,0
0.0,0.0,0.0,0.4,0.0,0.0,0.0,0.835,v18_3118,0,H,corpus_expansion_5000,0.18049031711680785,0
0.0,0.0,0.0,0.0,0.0,0.0,0.0,0.0,v18_4725,0,L,corpus_expansion_5000,0.0945363922261271,0
0.0,0.0,0.0,0.2,0.0,0.0,0.0,0.0,v18_4045,0,M,corpus_expansion_5000,0.1353199798207458,0
0.0,0.0,0.0,0.35,0.0,0.0,0.0,0.0,v18_3356,0,H,corpus_expansion_5000,0.17491898592996105,0
0.0,0.0,0.0,0.8,0.0,1.0,0.0,0.3442,v18_2744,1,L,corpus_expansion_5000,0.8245061486989508,1
0.0,0.0,0.0,0.3,0.0,0.0,0.0,0.0,v18_3506,0,H,corpus_expansion_5000,0.16079228470839807,0
0.0,0.0,0.0,0.0,0.0,0.0,0.0,0.1494,v18_1679,1,M,corpus_expansion_5000,0.09357504931550527,0
0.0,0.0,0.0,0.35,0.0,0.0,0.0,0.0,v18_4249,0,M,corpus_expansion_5000,0.17491898592996105,0
0.0,0.0,0.0,0.5,0.0,0.0,0.0,0.2709,v18_3147,0,H,corpus_expansion_5000,0.21958995395437764,0
0.0,0.15,0.0,0.35,0.0,0.0,0.0,0.0,v18_2294,1,M,corpus_expansion_5000,0.20172103187369864,0
0.0,0.0,0.3911,0.6,0.0,0.0,0.0,0.5353,v18_0580,0,H,new_mid_w0_p0,0.28313612089098866,0
0.0,0.0,0.0,0.45,0.0,0.3333,0.0,0.9993,v18_1470,1,M,corpus_expansion_5000,0.33482577085471904,0
0.0,0.0,0.0,0.3,0.0,0.0,0.0,0.0,v18_4070,0,M,corpus_expansion_5000,0.16079228470839807,0
0.0,0.0,0.5296,0.0,0.0,0.0,0.0,0.3601,v18_3343,0,H,corpus_expansion_5000,0.11160282646950666,0
0.0,0.0,0.0,0.55,0.0,0.0,0.0,0.0,v18_4583,0,H,corpus_expansion_5000,0.2411447352040636,0
0.5,0.0,0.0,0.0,0.0,0.6667,0.0,0.0,v18_3672,0,M,corpus_expansion_5000,0.9256264024974182,1
0.0,0.0,0.0,0.2,0.0,0.0,0.0,0.2946,v18_0559,0,H,new_low_w0_pany,0.13273791284750366,0
0.0,0.0,0.0,0.25,0.0,0.0,0.0,0.4866,v18_2849,1,M,corpus_expansion_5000,0.14303868621675692,0
0.0,0.0,0.0,0.25,0.0,0.0,0.0,0.0,v18_0512,0,H,v17_reused,0.1476023763660605,0
0.0,0.0,0.0,0.35,0.5654,0.0,1.0,0.4866,v18_1081,1,H,corpus_expansion_5000,0.4110141230542197,0
0.0,0.0,0.0,0.6,0.0,0.0,0.0,0.0,v18_1664,1,M,corpus_expansion_5000,0.2601425988962303,0
0.0,0.0,0.0,0.1,0.4099,0.0,0.0,0.5587,v18_1012,1,M,corpus_expansion_5000,0.16045655235703704,0
0.0,0.0,0.0,0.2,0.0,0.0,0.8571,0.4084,v18_1931,1,M,corpus_expansion_5000,0.20450466894734504,0
0.3,0.0,0.3581,0.1,0.0,0.0,0.0,0.2921,v18_1150,1,H,corpus_expansion_5000,0.5118268677511927,1
0.0,0.0,0.0,0.1,0.2774,0.6667,0.0,0.0,v18_2838,1,M,corpus_expansion_5000,0.43033949792498144,1
0.0,0.0,0.0,1.0,0.0,0.0,0.75,0.0,v18_0116,0,H,v17_reused,0.55615498640238,1
0.0,0.0,0.0,0.8,0.0,1.0,0.0,0.0,v18_0740,0,H,v17_reused,0.8282355492157261,1
0.0,0.0,0.0,0.5,0.3738,0.0,0.0,0.0,v18_4806,0,L,corpus_expansion_5000,0.30105135850424763,0
0.0,0.0,0.1758,0.0,0.1758,0.0,0.0,0.4545,v18_3675,0,M,corpus_expansion_5000,0.11580863231996873,0
0.0,0.0,0.4262,0.3,0.0,0.0,0.75,0.7271,v18_0830,1,M,corpus_expansion_5000,0.2544177915941402,0
0.0,0.0,0.0,0.6,0.0,0.0,0.0,0.0,v18_0119,0,H,v17_reused,0.2601425988962303,0
0.0,0.0,0.0,1.0,0.0,0.6667,0.0,0.0,v18_4853,0,M,corpus_expansion_5000,0.7755826087477349,1
0.0,0.0,0.0782,0.3,0.0782,0.0,0.0,0.0,v18_4738,0,M,corpus_expansion_5000,0.17708493175430245,0
0.5,0.0,0.0,0.0,0.0,0.0,0.0,0.3067,v18_0635,1,H,new_mid_w1_p1,0.7354328384526825,1
0.0,0.0,0.0,0.1,0.0,0.0,0.0,0.2823,v18_4465,0,L,corpus_expansion_5000,0.11121320961165226,0
0.0,0.0,0.0,0.9,0.0,0.3333,0.0,0.0,v18_4364,0,M,corpus_expansion_5000,0.5743695239102369,1
0.0,0.0,0.5746,0.4,0.1924,0.0,0.0,0.1553,v18_4142,0,M,corpus_expansion_5000,0.26446827705983667,0
0.0,0.0,0.0,0.3,0.6774,0.0,0.0,0.2574,v18_0991,1,H,corpus_expansion_5000,0.281447636756108,0
0.0,0.0,0.4785,0.2,0.0,0.0,0.0,0.6303,v18_0876,1,M,corpus_expansion_5000,0.1530852032555799,0
0.0,0.0,0.0,0.6,0.0,0.0,0.0,0.0,v18_0004,0,H,v17_reused,0.2601425988962303,0
0.0,0.0,0.0,0.85,0.0,0.0,0.0,0.7364,v18_3051,0,H,corpus_expansion_5000,0.3555097338549064,0
0.0,0.0,0.0,1.0,0.0,1.0,0.0,0.346,v18_3124,0,H,corpus_expansion_5000,0.8756416440583032,1
0.0,0.0,0.42,0.9,0.0,0.0,0.0,0.3408,v18_2660,1,H,corpus_expansion_5000,0.4266397935095452,1
0.0,0.0,0.0,0.1,0.0,0.0,0.0,0.4236,v18_2491,1,L,corpus_expansion_5000,0.11016284880500042,0
0.0,0.0,0.0,0.9,0.0,0.0,0.0,0.0,v18_3854,0,M,corpus_expansion_5000,0.3921913672632442,0
0.0,0.0,0.0,0.2,0.4631,0.0,0.75,0.0,v18_1715,1,M,corpus_expansion_5000,0.29084610352412943,0
0.0,0.0,0.0,0.1,0.0,0.0,0.8333,0.4815,v18_1148,1,H,corpus_expansion_5000,0.17066723794532535,0
0.0,0.0,0.0,0.0,0.0,0.0,0.0,0.5342,v18_3261,0,H,corpus_expansion_5000,0.0911392463764028,0
0.0,0.0,0.0,0.35,0.0,0.0,0.8,0.0,v18_0574,1,H,new_mid_w1_p1,0.2574823647141369,0
0.0,0.0,0.0,0.0,0.0,0.0,0.6667,0.0,v18_3769,0,M,corpus_expansion_5000,0.13594465100785882,0
0.0,0.0,0.0,0.75,0.0,0.0,0.0,0.0,v18_3736,0,H,corpus_expansion_5000,0.32263931900913917,0
0.0,0.0,0.1118,0.0,0.2993,0.0,0.0,0.2461,v18_4146,0,M,corpus_expansion_5000,0.12912363317596096,0
0.0,0.0,0.0,0.85,0.0,0.0,0.75,0.0,v18_0853,1,H,corpus_expansion_5000,0.4805131009053714,1
0.0,0.0,0.0,0.4,0.0,1.0,0.0,0.2584,v18_1982,1,M,corpus_expansion_5000,0.6779070794749642,1
0.0,0.0,0.0,0.0,0.1736,0.0,0.0,0.7,v18_2774,1,M,corpus_expansion_5000,0.10677704887529492,0
0.3,0.0,0.0,0.8,0.5821,0.3333,0.0,0.0,v18_1166,1,M,corpus_expansion_5000,0.9377006833535794,1
0.0,0.0,0.0,0.4,0.0,0.0,0.0,0.8694,v18_0971,1,M,corpus_expansion_5000,0.18010638863596204,0
0.0,0.0,0.0,0.3,0.3414,0.3333,0.0,0.3905,v18_2701,1,M,corpus_expansion_5000,0.3603490002446989,0
0.0,0.0,0.0,0.0,0.1937,0.0,0.0,0.6932,v18_4495,0,M,corpus_expansion_5000,0.10892338354014436,0
0.0,0.0,0.0796,0.3,0.5259,0.6667,0.0,0.0,v18_3847,0,M,corpus_expansion_5000,0.6048257886140442,1
0.0,0.0,0.0,1.0,0.3642,0.0,0.8,0.0,v18_2368,1,M,corpus_expansion_5000,0.657285342421705,1
0.0,0.0,0.0,0.1,0.0,0.9167,0.0,0.0,v18_4115,0,M,corpus_expansion_5000,0.4930426555748434,1
0.3,0.6667,0.0,0.2,0.8979,0.0,0.0,0.0,v18_4131,0,M,corpus_expansion_5000,0.867871847910128,1
0.0,0.0,0.0,0.4,0.0,0.0,0.0,0.0,v18_2950,0,H,corpus_expansion_5000,0.19000580961738978,0
0.0,0.0,0.0,0.2,0.0,0.0,0.0,0.0,v18_0524,0,H,v17_reused,0.1353199798207458,0
0.0,0.0,0.0,0.0,0.0,0.0,0.0,0.2399,v18_2455,1,M,corpus_expansion_5000,0.09299698171036831,0
0.3,0.0,0.0,0.5,0.0,0.3333,0.0,0.0,v18_1841,1,M,corpus_expansion_5000,0.8135438949441869,1
0.0,0.0,0.0,0.5,0.0,0.0,0.0,0.0,v18_0537,1,H,new_high_w1_pany,0.22311587068072297,0
0.0,0.0,0.0,0.0,0.0,0.0,0.0,0.1886,v18_2806,1,M,corpus_expansion_5000,0.0933242652568146,0
0.0,0.0,0.0,0.3,0.0,0.0,0.0,0.0,v18_4341,0,M,corpus_expansion_5000,0.16079228470839807,0
0.0,0.0,0.0,0.2,0.0,0.3333,0.0,0.0,v18_3175,0,H,corpus_expansion_5000,0.24658569031706137,0
0.0,0.0,0.4262,0.2,0.0,0.0,0.0,0.0,v18_0784,0,H,new_mid_w0_p0,0.15657167717786205,0
0.0,0.0,0.0,0.6,0.0,0.0,0.0,0.8983,v18_4057,0,M,corpus_expansion_5000,0.24730002986390462,0
0.0,0.0,0.8111,0.45,0.0,0.0,0.0,0.0,v18_1409,1,M,corpus_expansion_5000,0.2642839090537415,0
0.0,0.0,0.0,0.1,0.0,0.3333,0.0,0.0,v18_2537,1,L,corpus_expansion_5000,0.21093841116397974,0
0.0,0.0,0.9667,0.9,0.5727,0.3333,1.0,0.0,v18_0154,1,L,new_mid_w1_p0,0.8724786013786276,1
0.0,0.0,0.0,0.0,0.0,0.0,0.0,0.0,v18_3009,0,H,corpus_expansion_5000,0.0945363922261271,0
0.0,0.0,0.0,0.45,0.0,0.0,0.6667,0.0,v18_1686,1,M,corpus_expansion_5000,0.2811603874862428,0
0.0,0.0,0.0,0.0,0.4349,0.0,0.0,0.0,v18_2901,0,H,corpus_expansion_5000,0.1433292565333175,0
0.0,0.0,0.0,0.4,0.162,0.3333,0.0,0.0,v18_4949,0,L,corpus_expansion_5000,0.3690003795218176,0
0.0,0.0,0.0,1.0,0.0,1.0,0.0,0.4117,v18_3863,0,M,corpus_expansion_5000,0.8751003659316764,1
0.0,0.0,0.0,0.1,0.0,0.0,0.0,0.928,v18_2733,1,M,corpus_expansion_5000,0.10648399965522018,0
0.3,0.0,0.0,0.0,0.3863,0.0,0.0,0.1218,v18_1895,1,M,corpus_expansion_5000,0.5332481906474492,1
0.0,0.0,0.0,0.5,0.0,0.0,0.0,0.7555,v18_0569,1,H,new_mid_w1_p1,0.21338296027826292,0
0.3,0.0,0.0,1.0,0.4631,0.3333,0.0,0.2174,v18_1816,1,M,corpus_expansion_5000,0.9512364065547484,1
0.0,0.0,0.0,0.1,0.0,0.0,0.0,0.0,v18_2065,1,M,corpus_expansion_5000,0.1133379569328199,0
0.0,0.0,0.0,0.0,0.0,0.0,0.0,0.7653,v18_0127,0,H,v17_reused,0.08970392759050315,0
0.0,0.0,0.0,0.0,0.0,0.0,0.0,0.0,v18_3394,0,H,corpus_expansion_5000,0.0945363922261271,0
0.0,0.0,0.0,0.9,0.0,0.0,0.0,0.0,v18_3327,0,H,corpus_expansion_5000,0.3921913672632442,0
0.0,0.0,0.0,0.4,0.0,0.0,0.0,0.3686,v18_4986,0,L,corpus_expansion_5000,0.18575873998447445,0
0.0,0.0,0.0,1.0,0.0,0.0,0.0,0.0,v18_2975,0,H,corpus_expansion_5000,0.4413369854724032,1
0.0,0.0,0.0,0.1,0.1332,0.3333,0.0,0.0,v18_0980,1,H,corpus_expansion_5000,0.23597905031654332,0
0.0,0.0,0.0,0.45,0.0,0.0,0.0,0.4866,v18_2300,1,M,corpus_expansion_5000,0.2001218854158135,0
0.0,0.0,0.0,0.55,0.0,0.0,0.0,0.0,v18_0190,1,H,new_high_w1_pany,0.2411447352040636,0
0.0,0.0,0.0,0.9,0.0,1.0,1.0,0.0,v18_1139,1,M,corpus_expansion_5000,0.9161096176386623,1
0.0,0.0,0.0,0.0,0.3929,0.0,0.0,0.9778,v18_0699,0,H,v17_reused,0.12928568293331966,0
0.3,0.2,0.0,1.0,0.0,0.3333,0.0,0.0,v18_4780,0,M,corpus_expansion_5000,0.9381490436332197,1
0.0,0.0,0.0,0.0,0.7449,0.0,0.0,0.0,v18_0606,0,H,new_low_w0_pany,0.1897273738002775,0
0.0,0.0,0.0,0.3,0.0,0.6667,0.75,0.9517,v18_4276,0,M,corpus_expansion_5000,0.553034631423688,1
0.0,0.0,0.0,0.75,0.0,0.0,0.0,0.4866,v18_0301,0,H,new_high_w1_pany,0.3146615032205769,0
0.0,0.0,0.0,0.45,0.0,0.0,0.0,0.0,v18_3420,0,H,corpus_expansion_5000,0.2060688837501653,0
0.0,0.0,0.0,0.2,0.0,0.3333,0.0,0.216,v18_4820,0,L,corpus_expansion_5000,0.24356783197617415,0
0.0,0.0,0.0,0.2,0.5058,0.0,0.0,0.3431,v18_1060,1,M,corpus_expansion_5000,0.2087959004465694,0
0.0,0.0,0.0,0.3,0.2716,0.0,0.0,0.0,v18_2565,1,M,corpus_expansion_5000,0.20458920273409287,0
0.0,0.0,0.0,0.7,0.0,0.0,0.0,0.9813,v18_4994,0,M,corpus_expansion_5000,0.28557774750446796,0
0.0,0.0,0.0,0.25,0.0,0.0,0.0,0.9305,v18_1069,1,M,corpus_expansion_5000,0.13897857244239925,0
0.0,0.0,0.0,0.7,0.0,0.0,0.0,0.2399,v18_2524,1,M,corpus_expansion_5000,0.29713639131799346,0
0.0,0.0,0.0,0.0,0.0,0.3333,0.0,0.0958,v18_2205,1,M,corpus_expansion_5000,0.1781568602537823,0
0.0,0.0,0.0,0.0,0.0,0.0,0.0,0.1309,v18_1243,1,M,corpus_expansion_5000,0.09369361382090124,0
0.0,0.0,0.0,0.3,0.3738,0.0,0.0,0.3012,v18_0016,0,H,v17_reused,0.2192937175246589,0
0.0,0.0,0.0,0.35,0.0,0.0,0.0,0.0,v18_3120,0,H,corpus_expansion_5000,0.17491898592996105,0
0.0,0.0,0.0,0.6,0.5248,0.0,0.8,0.0,v18_4642,0,M,corpus_expansion_5000,0.503966289266493,1
0.0,0.0,0.0,0.0,0.2844,0.0,0.0,0.0,v18_0815,1,M,corpus_expansion_5000,0.12443420472344577,0
0.0,0.0,0.0,0.85,0.0,0.3333,0.0,0.0,v18_3067,0,H,corpus_expansion_5000,0.5494664555230963,1
0.0,0.0,0.958,0.1,0.3642,0.0,0.0,0.5043,v18_4784,0,L,corpus_expansion_5000,0.21140829580345186,0
0.0,0.0,0.0,0.95,0.0,0.0,1.0,0.0,v18_0959,1,M,corpus_expansion_5000,0.5690938689597135,1
0.0,0.0,0.0,0.9,0.3674,0.6667,0.0,0.0,v18_0225,0,H,new_mid_w1_p0,0.8078497671594961,1
0.0,0.0,0.0,0.3,0.0,0.0,0.0,0.0,v18_3354,0,H,corpus_expansion_5000,0.16079228470839807,0
0.0,0.0,0.0,0.7,0.5336,1.0,0.0,0.0,v18_2485,1,L,corpus_expansion_5000,0.8753782025025706,1
0.3,0.2,0.0,0.8,0.8858,1.0,0.0,0.0,v18_0562,0,H,v17_reused,0.9914287669880634,1
0.0,0.0,0.1326,1.0,0.2475,1.0,0.0,0.1065,v18_3436,0,H,corpus_expansion_5000,0.9081590251264045,1
0.0,0.0,0.0,0.0,0.0,0.0,0.0,0.6433,v18_1693,1,M,corpus_expansion_5000,0.09045908956348325,0
0.0,0.0,0.3177,0.0,0.0,0.6667,0.0,0.2584,v18_1045,1,M,corpus_expansion_5000,0.3371892238936177,0
0.0,0.0,0.5654,0.95,0.0,0.0,0.0,0.7364,v18_3446,0,H,corpus_expansion_5000,0.4585930279344631,1
0.0,0.0,0.0,0.1,0.0,0.0,0.0,0.837,v18_4565,0,M,corpus_expansion_5000,0.10713961160401161,0
0.5,0.0,0.0,0.0,0.0,0.0,0.0,0.4004,v18_0954,1,M,corpus_expansion_5000,0.7340537717053364,1
0.0,0.0,0.0,1.0,0.0,0.0,0.0,0.0,v18_4985,0,L,corpus_expansion_5000,0.4413369854724032,1
0.3,0.0,0.0,1.0,0.0,1.0,0.0,0.0,v18_2735,1,M,corpus_expansion_5000,0.981310202613338,1
0.0,0.0,0.0,0.4,0.0,0.0,0.0,0.8414,v18_4903,0,L,corpus_expansion_5000,0.1804188402741266,0
0.0,0.0,0.2733,0.8,0.2733,0.3333,0.0,0.2188,v18_4735,0,L,corpus_expansion_5000,0.6193137730902449,1
0.0,0.0,0.0,1.0,0.0,0.0,0.0,0.0,v18_4823,0,L,corpus_expansion_5000,0.4413369854724032,1
0.0,0.0,0.0,0.1,0.0,0.0,0.0,0.2479,v18_1218,1,M,corpus_expansion_5000,0.11147024651054742,0
0.0,0.0,0.0,0.3,0.0,0.6667,0.0,0.0,v18_1527,1,M,corpus_expansion_5000,0.45598911548315474,1
0.0,0.0,0.0,0.2,0.0,0.0,0.0,0.1494,v18_3987,0,H,corpus_expansion_5000,0.13400528601293454,0
0.0,0.0,0.0,0.3,0.0,0.3333,0.75,0.8884,v18_1300,1,H,corpus_expansion_5000,0.37277899245748014,0
0.0,0.0,0.0,0.2,0.0,0.0,0.0,0.0,v18_4891,0,L,corpus_expansion_5000,0.1353199798207458,0
0.0,0.0,0.0,0.8,0.3772,1.0,0.0,0.3095,v18_0160,0,H,v17_reused,0.8764020696347209,1
0.0,0.0,0.0,0.5,0.0,0.0,0.0,0.0,v18_4067,0,M,corpus_expansion_5000,0.22311587068072297,0
0.0,0.0,0.0,0.0,0.0,0.0,0.0,0.7399,v18_0956,1,M,corpus_expansion_5000,0.08986067995213563,0
0.0,0.0,0.0,0.8,0.0,0.0,0.0,0.8544,v18_3791,0,M,corpus_expansion_5000,0.330703642219675,0
0.0,0.0,0.0,0.6,0.0,0.0,0.0,0.0,v18_3234,0,H,corpus_expansion_5000,0.2601425988962303,0
0.0,0.0,0.0,0.0,0.1606,0.3333,0.0,0.0,v18_2869,1,M,corpus_expansion_5000,0.20627687430163824,0
0.0,0.0,0.0,0.85,0.0,0.0,0.0,0.4866,v18_3777,0,M,corpus_expansion_5000,0.359843617042447,0
0.0,0.0,0.2305,0.4,0.0,1.0,0.0,0.4055,v18_4433,0,M,corpus_expansion_5000,0.6953837453424773,1
0.0,0.0,0.0,0.4,0.0,0.3333,0.0,0.0,v18_2961,0,H,corpus_expansion_5000,0.32912155184893244,0
0.3,0.0,0.0,1.0,0.0,1.0,0.0,0.0,v18_2200,1,L,corpus_expansion_5000,0.981310202613338,1
0.0,0.0,0.0,0.4,0.0,0.0,0.0,0.9186,v18_0098,0,H,v17_reused,0.17955838958078893,0
0.0,0.0,0.0,0.0,0.0,0.0,0.6667,0.992,v18_2557,1,M,corpus_expansion_5000,0.12738262496963138,0
0.0,0.0,0.0,0.1,0.0,0.0,0.0,0.0,v18_3183,0,H,corpus_expansion_5000,0.1133379569328199,0
0.0,0.0,0.0,0.7,0.0,0.6667,0.0,0.6628,v18_0253,0,H,v17_reused,0.6417428939584121,1
0.0,0.0,0.0,0.8,0.0,0.0,0.0,0.0,v18_3923,0,M,corpus_expansion_5000,0.3451374483123983,0
0.0,0.0,0.0,0.6,0.0,0.0,0.0,0.8576,v18_4199,0,M,corpus_expansion_5000,0.2478725912188029,0
0.0,0.0,0.0,0.0,0.6908,0.3333,0.0,0.8836,v18_1445,1,H,corpus_expansion_5000,0.301670163470302,0
0.0,0.0,0.0,0.0,0.1319,0.0,0.0,0.5442,v18_1648,1,M,corpus_expansion_5000,0.10362854135766301,0
0.0,0.0,0.0,0.2,0.4509,0.3333,0.0,0.0,v18_4682,0,M,corpus_expansion_5000,0.34796321532101393,0
0.0,0.0,0.2197,0.9,0.0,0.0,0.0,0.8593,v18_4723,0,L,corpus_expansion_5000,0.3977187419077085,0
0.0,0.0,0.0,0.0,0.0,0.3333,0.0,0.0,v18_3991,0,H,corpus_expansion_5000,0.17921858498670093,0
0.5,0.0,0.0,0.1,0.0,0.0,0.0,0.3153,v18_1696,1,M,corpus_expansion_5000,0.7727820009546756,1
0.0,0.0,0.0,0.3,0.0,0.0,0.0,0.0,v18_3191,0,H,corpus_expansion_5000,0.16079228470839807,0
0.0,0.0,0.0,0.5,0.7478,0.0,0.0,0.9969,v18_4499,0,M,corpus_expansion_5000,0.3747110202133443,0
0.0,0.0,0.0,0.0,0.0,0.0,0.0,0.6588,v18_1154,1,M,corpus_expansion_5000,0.09036283032606131,0
0.0,0.0,0.0,0.0,0.6959,0.6667,0.0,0.8441,v18_2255,1,M,corpus_expansion_5000,0.47681374575084534,1
0.0,0.0,0.0,0.8,0.0,0.0,0.0,0.5793,v18_1682,1,M,corpus_expansion_5000,0.33531795420325644,0
0.0,0.0,0.0,0.5,0.0,0.0,0.0,0.0,v18_3170,0,H,corpus_expansion_5000,0.22311587068072297,0
0.0,0.0,0.0,0.25,0.0,0.0,0.6667,0.9794,v18_2056,1,M,corpus_expansion_5000,0.1950664930006943,0
0.0,0.0,0.0,0.0,0.0704,0.0,0.0,0.7046,v18_4090,0,M,corpus_expansion_5000,0.09653443540021671,0
0.0,0.0,0.0,0.4,0.0,0.0,0.0,0.7312,v18_3108,0,H,corpus_expansion_5000,0.18165266638157213,0
0.0,0.0,0.0,0.25,0.0,0.0,0.0,0.0,v18_4548,0,M,corpus_expansion_5000,0.1476023763660605,0
0.0,0.0,0.0,0.8,0.0,0.0,0.0,0.1725,v18_3723,0,M,corpus_expansion_5000,0.3421991598600666,0
0.0,0.0,0.0,0.0,0.0,0.0,0.0,0.3853,v18_2049,1,M,corpus_expansion_5000,0.09207495058008996,0
0.0,0.0,0.0,0.0,0.5582,0.0,0.0,0.0,v18_3643,0,H,corpus_expansion_5000,0.16053975164807013,0
0.0,0.0,0.0,0.65,0.0,0.0,0.0,0.0,v18_4927,0,M,corpus_expansion_5000,0.28008474130873345,0
0.0,0.0,0.0,0.7,0.0,0.0,0.0,0.0,v18_0623,0,H,new_mid_w0_p0,0.30093381222399707,0
0.0,0.0,0.384,0.0,0.0,0.0,0.0,0.7765,v18_0262,1,H,new_high_w1_pany,0.10300690061883042,0
0.0,0.0,0.0,0.7,0.0,0.0,0.0,0.0,v18_3369,0,H,corpus_expansion_5000,0.30093381222399707,0
0.0,0.0,0.0,0.4,0.6757,0.0,0.0,0.0,v18_4061,0,M,corpus_expansion_5000,0.32798232373875547,0
0.0,0.0,0.0,0.2,0.3627,0.0,0.0,0.1629,v18_1802,1,M,corpus_expansion_5000,0.1863731577820527,0
0.0,0.0,0.0,1.0,0.0,0.0,0.3,0.0,v18_4736,0,L,corpus_expansion_5000,0.48719929544414753,1
0.0,0.0,0.0,0.3,0.3463,0.0,0.0,0.0,v18_4992,0,H,corpus_expansion_5000,0.21808537125975822,0
0.0,0.0,0.0,0.0,0.3551,0.0,0.0,0.4935,v18_2385,1,M,corpus_expansion_5000,0.12878973142810404,0
0.0,0.0,0.0,0.8,0.3478,1.0,0.0,0.0,v18_1959,1,M,corpus_expansion_5000,0.8754778080979894,1
0.0,0.0,0.0,0.0,0.0,0.0,0.0,0.0,v18_2976,0,H,corpus_expansion_5000,0.0945363922261271,0
0.0,0.0,0.0,0.5,0.0,0.0,0.0,0.0,v18_0488,0,H,v17_reused,0.22311587068072297,0
0.3,0.0,0.0,0.9,0.0,0.6667,0.0,0.0,v18_1843,1,M,corpus_expansion_5000,0.9535017593150559,1
0.0,0.0,0.0,0.0,0.0,0.0,0.0,0.4254,v18_1734,1,M,corpus_expansion_5000,0.09182211170941476,0
0.0,0.0,0.0,0.0,0.0,0.0,0.0,0.138,v18_2911,0,H,corpus_expansion_5000,0.09364809476717639,0
0.0,0.0,0.0,0.5,0.4893,0.0,0.0,0.4012,v18_3219,0,H,corpus_expansion_5000,0.32139691685993443,0
0.0,0.0,0.0,0.55,0.0,0.0,0.0,0.0,v18_0146,0,H,v17_reused,0.2411447352040636,0
0.0,0.0,0.0892,0.1,0.4291,0.6667,0.0,0.1991,v18_1986,1,M,corpus_expansion_5000,0.4761983587994972,1
0.0,0.0,0.5105,0.4,0.2119,0.0,0.0,0.897,v18_1369,1,M,corpus_expansion_5000,0.25285909538626705,0
0.0,0.0,0.0,0.45,0.0,0.0,1.0,0.0,v18_2811,1,M,corpus_expansion_5000,0.32438175186790896,0
0.0,0.0,0.0,0.8,0.0,0.0,0.0,0.0,v18_0659,0,H,new_mid_w1_p0,0.3451374483123983,0
0.0,0.0,0.0,0.0,0.0,0.0,0.8,0.5793,v18_1794,1,M,corpus_expansion_5000,0.14049968639935784,0
0.0,0.0,0.0,0.2,0.0,0.3333,0.0,0.0,v18_2511,1,L,corpus_expansion_5000,0.24658569031706137,0
0.0,0.0,0.0,1.0,0.0,0.0,0.0,0.0,v18_3397,0,H,corpus_expansion_5000,0.4413369854724032,1
0.0,0.0,0.0,0.4,0.0,0.0,0.0,0.1484,v18_4282,0,M,corpus_expansion_5000,0.1882870446992,0
0.0,0.0,0.0,0.1,0.0,0.6667,0.0,0.2959,v18_1147,1,H,corpus_expansion_5000,0.353522633128838,0
0.0,0.0,0.0,0.1,0.3018,0.0,0.0,0.0,v18_3272,0,H,corpus_expansion_5000,0.15060621832149432,0
0.0,0.0,0.0,0.1,0.0,0.0,0.0,0.0,v18_0608,0,H,new_low_w0_pany,0.1133379569328199,0
0.0,0.0,0.2612,0.4,0.0,0.0,0.0,0.9728,v18_3582,0,H,corpus_expansion_5000,0.1948519741258063,0
0.0,0.0,0.0,0.2,0.0,0.0,0.0,0.8511,v18_1930,1,M,corpus_expansion_5000,0.12797425872606974,0
0.0,0.0,0.0,0.0,0.0,0.0,0.0,0.0,v18_0197,0,H,v17_reused,0.0945363922261271,0
0.0,0.0,0.0,0.5,0.0,0.0,0.0,0.0,v18_2931,0,H,corpus_expansion_5000,0.22311587068072297,0
0.0,0.0,0.0,0.5,0.0,0.3333,0.0,0.1598,v18_2327,1,M,corpus_expansion_5000,0.37241834385939265,0
0.3,0.2,0.0,0.0,0.0,0.5833,0.0,0.0,v18_4389,0,M,corpus_expansion_5000,0.7771043332717515,1
0.3,0.0,0.0,0.4,0.0,0.0,0.75,0.0,v18_0766,0,H,new_mid_w0_p0,0.7299421903988657,1
0.0,0.0,0.0,0.4,0.0,0.0,0.0,0.0,v18_4496,0,M,corpus_expansion_5000,0.19000580961738978,0
0.0,0.0,0.0,0.9,0.0,0.3333,0.0,0.0,v18_4218,0,M,corpus_expansion_5000,0.5743695239102369,1
0.0,0.0,0.0,0.4,0.0,0.0,0.0,0.2341,v18_3255,0,H,corpus_expansion_5000,0.1872999213078697,0
0.0,0.0,0.0,0.4,0.3596,0.0,0.0,0.0,v18_0202,0,H,v17_reused,0.25729691798980925,0
0.0,0.0,0.0,0.45,0.5654,0.0,0.0,0.0,v18_3510,0,H,corpus_expansion_5000,0.32393754926875235,0
0.0,0.0,0.0,0.9,0.0,0.0,0.0,0.7341,v18_1733,1,M,corpus_expansion_5000,0.3790583003346776,0
0.0,0.0,0.0,0.0,0.0,0.0,0.0,0.7727,v18_2777,1,L,corpus_expansion_5000,0.089658305967913,0
0.0,0.0,0.3153,0.6,0.0,0.0,0.0,0.0,v18_1707,1,M,corpus_expansion_5000,0.28518144445453336,0
0.0,0.0,0.2558,0.5,0.0,0.0,0.0,0.5019,v18_3474,0,H,corpus_expansion_5000,0.23451032701964408,0
0.0,0.0,0.0,0.7,0.0,0.3333,0.0,0.0,v18_0854,1,M,corpus_expansion_5000,0.4737632500619631,1
0.0,0.15,0.0,0.4,0.0,0.0,0.0,0.0,v18_4737,0,M,corpus_expansion_5000,0.21850733446999548,0
0.0,0.0,0.0,0.55,0.0,0.0,0.0,0.0,v18_4097,0,M,corpus_expansion_5000,0.2411447352040636,0
0.0,0.0,0.0,0.0,0.5547,0.0,0.0,0.7024,v18_2160,1,M,corpus_expansion_5000,0.15302684672551575,0
0.0,0.0,0.0,1.0,0.0,0.0,0.8,0.0,v18_0698,0,H,new_mid_w1_p0,0.5637328118069199,1
0.0,0.0,0.0,0.6,0.0,0.0,0.0,0.2507,v18_4947,0,M,corpus_expansion_5000,0.25651534708501167,0
0.0,0.0,0.0,0.0,0.0,0.0,0.0,0.0,v18_2999,0,H,corpus_expansion_5000,0.0945363922261271,0
0.0,0.0,0.0,0.95,0.0,0.0,0.8333,0.0,v18_3696,0,M,corpus_expansion_5000,0.5437928589737936,1
0.0,0.0,0.4003,0.0,0.0,0.0,0.0,0.6938,v18_1636,1,M,corpus_expansion_5000,0.10419334274085448,0
0.0,0.0,0.0,0.0,0.0,0.0,0.0,0.0,v18_3457,0,H,corpus_expansion_5000,0.0945363922261271,0
0.0,0.0,0.0,0.4,0.0,0.0,0.0,0.4399,v18_3581,0,H,corpus_expansion_5000,0.18494572022373007,0
0.0,0.0,0.0,0.2,0.0,0.0,0.6667,0.0,v18_1291,1,H,corpus_expansion_5000,0.1908272123370029,0
0.0,0.0,0.0,0.0,0.0,0.0,0.0,0.2047,v18_4659,0,L,corpus_expansion_5000,0.09322143943960798,0
0.3,0.0,0.0,0.9,0.6933,0.6667,0.0,0.0,v18_1853,1,M,corpus_expansion_5000,0.977521425659314,1
0.0,0.0,0.0,0.7,0.0,0.0,0.75,0.3109,v18_3763,0,M,corpus_expansion_5000,0.4001058723005676,0
0.0,0.0,0.0,0.0,0.0,0.5833,0.0,0.2698,v18_3304,0,H,corpus_expansion_5000,0.27118650658763915,0
0.0,0.0,0.0,1.0,0.0,0.0,0.8571,0.0,v18_4912,0,M,corpus_expansion_5000,0.572350233899975,1
0.0,0.0,0.0,0.0,0.0,0.0,1.0,0.0,v18_3743,0,M,corpus_expansion_5000,0.1618695290589579,0
0.0,0.0,0.0,0.0,0.45,0.0,0.0,0.8108,v18_3445,0,H,corpus_expansion_5000,0.13790912917515705,0
0.0,0.0,0.0,0.3,0.2191,1.0,0.0,0.0,v18_1998,1,L,corpus_expansion_5000,0.6897341812242394,1
0.0,0.0,0.0,0.8,0.0,0.0,0.0,0.0,v18_0663,0,H,v17_reused,0.3451374483123983,0
0.0,0.15,0.5095,0.8,0.0,0.0,0.0,0.0,v18_4779,0,M,corpus_expansion_5000,0.43517539949124817,1
0.0,0.0,0.2031,0.1,0.0,0.0,0.0,0.0,v18_3748,0,M,corpus_expansion_5000,0.1217760312462605,0
0.0,0.0,0.0,0.1,0.0,0.0,0.0,0.0,v18_4413,0,L,corpus_expansion_5000,0.1133379569328199,0
0.0,0.0,0.0,0.7,0.0,0.0,0.0,0.9033,v18_4744,0,M,corpus_expansion_5000,0.2867810255891487,0
0.3,0.0,0.0,0.2,0.0,0.0,0.0,0.0,v18_0709,0,H,new_mid_w0_p0,0.5320248714922053,1
0.0,0.0,0.0,0.45,0.5654,0.0,0.0,0.4866,v18_1282,1,H,corpus_expansion_5000,0.31594260541429875,0
0.0,0.0,0.0,1.0,0.0,0.0,1.0,0.0,v18_2675,1,M,corpus_expansion_5000,0.5937142332754775,1
0.0,0.0,0.0,0.4,0.3789,0.0,0.0,0.0,v18_4029,0,H,corpus_expansion_5000,0.2613161559680973,0
0.0,0.0,0.0,0.0,0.3596,0.0,0.0,0.0,v18_1306,1,M,corpus_expansion_5000,0.13359317485734432,0
0.0,0.0,0.0,0.2,0.0,0.0,0.6667,0.8728,v18_2237,1,M,corpus_expansion_5000,0.18085651212327875,0
0.0,0.0,0.0,0.9,0.0,0.0,0.0,0.0,v18_3302,0,H,corpus_expansion_5000,0.3921913672632442,0
0.3,0.0,0.0,0.45,0.5654,0.0,0.0,0.0,v18_2038,1,M,corpus_expansion_5000,0.7768247962126457,1
0.3,0.0,0.0,0.9,0.6138,0.0,0.0,0.0,v18_1529,1,M,corpus_expansion_5000,0.9011806983882159,1
0.0,0.0,0.0,0.3,0.0,0.0,0.75,0.5373,v18_1663,1,M,corpus_expansion_5000,0.22589961761169886,0
0.0,0.0,0.0,0.15,0.0,0.0,0.0,0.0,v18_4934,0,M,corpus_expansion_5000,0.1239110617250224,0
0.3,0.0,0.0,0.4,0.4899,1.0,0.0,0.0,v18_4953,0,L,corpus_expansion_5000,0.9636615787764128,1
0.0,0.0,0.3431,0.9,0.0,1.0,0.0,0.0,v18_3627,0,M,corpus_expansion_5000,0.8713567500820797,1
0.0,0.0,0.0,0.95,0.0,0.0,0.0,0.0,v18_2693,1,M,corpus_expansion_5000,0.4165568777450921,0
0.0,0.0,0.0,0.7,0.0,0.0,0.0,0.0,v18_3060,0,H,corpus_expansion_5000,0.30093381222399707,0
0.0,0.0,0.0,0.45,0.0,0.0,0.75,0.0,v18_1597,1,M,corpus_expansion_5000,0.2916307820044533,0
0.0,0.0,0.0,0.75,0.0,0.0,0.8333,0.8647,v18_2729,1,M,corpus_expansion_5000,0.42692139729152734,1
0.0,0.0,0.0,0.1,0.0,0.0,0.0,0.9643,v18_2625,1,L,corpus_expansion_5000,0.10622346274124221,0
0.0,0.0,0.0,0.2,0.0,0.0,0.0,0.0,v18_3157,0,H,corpus_expansion_5000,0.1353199798207458,0
0.0,0.0,0.0,0.0,0.0,0.0,0.0,0.0,v18_3314,0,H,corpus_expansion_5000,0.0945363922261271,0
0.3,0.0,0.0,0.3,0.0,0.0,0.0,0.5457,v18_1722,1,M,corpus_expansion_5000,0.5718585250096433,1
0.3,0.0,0.0,1.0,0.0,0.6667,0.6667,0.0,v18_1059,1,M,corpus_expansion_5000,0.974248473289067,1
0.0,0.0,0.0,0.1,0.3521,0.0,0.0,0.2044,v18_4636,0,M,corpus_expansion_5000,0.15567713991872367,0
0.0,0.0,0.0,0.0,0.0,0.0,0.0,0.1436,v18_3242,0,H,corpus_expansion_5000,0.09361220640400687,0
0.0,0.0,0.0,0.3,0.0,0.0,0.0,0.247,v18_1678,1,M,corpus_expansion_5000,0.15829122310849708,0
0.0,0.0,0.0,0.4,0.0,0.6667,0.0,0.5193,v18_1757,1,M,corpus_expansion_5000,0.49666409456548904,1
0.0,0.0,0.0,0.9,0.8463,0.3333,0.0,0.0,v18_4191,0,M,corpus_expansion_5000,0.7715928014481304,1
0.0,0.0,0.0,0.3,0.0,0.0,0.0,0.0,v18_0563,0,H,new_mid_w0_p0,0.16079228470839807,0
0.0,0.0,0.0,0.1,0.0,0.0,0.0,0.1886,v18_2790,1,M,corpus_expansion_5000,0.11191455605797644,0
0.0,0.0,0.0,0.0,0.0,0.0,0.0,0.1913,v18_0863,1,H,corpus_expansion_5000,0.09330701407780069,0
0.0,0.0,0.0,0.65,0.0,0.0,0.0,0.0,v18_1484,1,H,corpus_expansion_5000,0.28008474130873345,0
0.0,0.0,0.0,0.6,0.0,1.0,0.6667,0.0,v18_0206,0,H,v17_reused,0.8289922386607282,1
0.0,0.0,0.0,0.7,0.0,0.0,0.0,0.0,v18_4488,0,L,corpus_expansion_5000,0.30093381222399707,0
0.0,0.0,0.2256,0.2,0.2256,1.0,0.0,0.7024,v18_0870,1,M,corpus_expansion_5000,0.6549558356626531,1
0.0,0.0,0.0,0.2,0.0,0.0,0.0,0.0,v18_4493,0,M,corpus_expansion_5000,0.1353199798207458,0
0.0,0.0,0.0,0.0,0.0,0.0,0.0,0.831,v18_0502,0,H,new_mid_w1_p0,0.08929961256284376,0
0.0,0.0,0.0,0.15,0.0,0.3333,0.0,0.0,v18_1028,1,M,corpus_expansion_5000,0.22827240588175038,0
0.0,0.0,0.0,0.0,0.0,0.0,0.0,0.9213,v18_3840,0,M,corpus_expansion_5000,0.08874659232793167,0
0.0,0.0,0.2934,0.5,0.0,0.3333,0.0,0.2399,v18_2690,1,L,corpus_expansion_5000,0.3988270777087591,0
0.3,0.0,0.0,0.7,0.0,0.3333,0.0,0.0,v18_1570,1,M,corpus_expansion_5000,0.8673753588524469,1
0.0,0.0,0.0,0.3,0.0,0.0,0.0,0.0,v18_2773,1,M,corpus_expansion_5000,0.16079228470839807,0
0.0,0.15,0.0,0.5,0.0,0.0,0.0,0.8996,v18_2731,1,L,corpus_expansion_5000,0.2423297642702304,0
0.0,0.0,0.0,0.0,0.0,0.0,0.0,0.4371,v18_0804,1,M,corpus_expansion_5000,0.09174845846323151,0
0.0,0.0,0.0,0.55,0.0,0.0,0.0,0.0,v18_3645,0,M,corpus_expansion_5000,0.2411447352040636,0
0.0,0.0,0.0,0.3,0.0,0.0,0.0,0.3646,v18_2454,1,L,corpus_expansion_5000,0.15711157713516635,0
0.0,0.0,0.0,0.1,0.0,0.0,0.0,0.0,v18_4598,0,M,corpus_expansion_5000,0.1133379569328199,0
0.0,0.0,0.0,0.25,0.0,0.0,0.0,0.0,v18_3104,0,H,corpus_expansion_5000,0.1476023763660605,0
0.0,0.0,0.0,0.2,0.0,0.3333,0.0,0.2934,v18_4875,0,M,corpus_expansion_5000,0.24249254682604157,0
0.0,0.0,0.0,0.65,0.0,0.0,0.0,0.0,v18_0200,0,H,v17_reused,0.28008474130873345,0
0.0,0.0,0.0,0.3,0.0,0.0,0.8571,0.5723,v18_3099,0,H,corpus_expansion_5000,0.23714812134282617,0
0.0,0.0,0.0,0.3,0.0,0.0,0.0,0.0,v18_2278,1,L,corpus_expansion_5000,0.16079228470839807,0
0.0,0.0,0.0,0.6,0.0,0.0,0.0,0.0,v18_3561,0,H,corpus_expansion_5000,0.2601425988962303,0
0.0,0.0,0.0,0.2,0.0,0.0,0.0,0.9385,v18_4474,0,L,corpus_expansion_5000,0.12723950606345277,0
0.0,0.0,0.0,0.3,0.0,0.0,0.0,0.0,v18_4514,0,L,corpus_expansion_5000,0.16079228470839807,0
0.0,0.0,0.0,0.0,0.0,0.0,0.0,0.9902,v18_0391,1,H,new_high_w1_pany,0.08832671227619385,0
0.0,0.0,0.0,0.5,0.1765,1.0,0.0,0.0,v18_1495,1,M,corpus_expansion_5000,0.7608656863860359,1
0.0,0.0,0.0,0.3,0.0,0.0,0.0,0.0,v18_2695,1,M,corpus_expansion_5000,0.16079228470839807,0
0.0,0.0,0.0,0.4,0.0,0.0,0.0,0.0,v18_2027,1,M,corpus_expansion_5000,0.19000580961738978,0
0.3,0.0,0.2647,1.0,0.0,0.0,0.6667,0.0,v18_2568,1,M,corpus_expansion_5000,0.9057983923573165,1
0.0,0.0,0.0,0.0,0.3658,0.0,0.0,0.0,v18_0064,0,H,v17_reused,0.1343731996444175,0
0.0,0.0,0.0,0.2,0.0,0.0,0.0,0.3442,v18_3884,0,M,corpus_expansion_5000,0.13230731291895317,0
0.0,0.0,0.7742,0.0,0.0,0.0,0.0,0.8685,v18_2062,1,M,corpus_expansion_5000,0.11765082119882339,0
0.0,0.0,0.0,1.0,0.0,0.3333,0.0,0.3081,v18_0492,0,H,new_low_w0_pany,0.6174661474280977,1
0.0,0.0,0.0,0.5,0.0,0.0,0.0,0.0,v18_0379,0,H,new_low_w0_pany,0.22311587068072297,0
0.0,0.0,0.2174,0.0,0.0,0.3333,0.0,0.0,v18_4859,0,L,corpus_expansion_5000,0.19239078050724434,0
0.0,0.0,0.0,0.0,0.0,0.0,0.0,0.7817,v18_3993,0,H,corpus_expansion_5000,0.08960284840135327,0
0.0,0.0,0.0,1.0,0.4963,0.0,0.0,0.0,v18_4887,0,M,corpus_expansion_5000,0.5750266842033467,1
0.0,0.0,0.0,0.4,0.0,0.0,0.0,0.5817,v18_1076,1,M,corpus_expansion_5000,0.18333698467823956,0
0.0,0.0,0.0,0.4,0.0,0.0,0.0,0.0,v18_0878,1,M,corpus_expansion_5000,0.19000580961738978,0
0.0,0.0,0.0,0.0,0.0,0.0,0.0,0.3153,v18_0337,0,H,v17_reused,0.09251781468987123,0
0.0,0.0,0.0,0.5,0.0,0.0,0.0,0.0,v18_1016,1,M,corpus_expansion_5000,0.22311587068072297,0
0.0,0.0,0.0,0.3,0.3772,0.0,0.0,0.0,v18_1275,1,M,corpus_expansion_5000,0.2238525849780599,0
0.0,0.0,0.3301,0.2,0.0,0.0,0.75,0.0,v18_3798,0,H,corpus_expansion_5000,0.22077529952496408,0
0.0,0.0,0.0,0.0,0.0,0.0,0.0,0.3747,v18_4551,0,M,corpus_expansion_5000,0.09214189025940628,0
0.0,0.0,0.4305,0.0,0.0,0.0,0.0,0.0,v18_3342,0,H,corpus_expansion_5000,0.11036844485109495,0
0.0,0.0,0.0,0.8,0.0,0.0,0.0,0.0,v18_4911,0,M,corpus_expansion_5000,0.3451374483123983,0
0.0,0.0,0.0,0.3,0.0,0.0,0.0,0.0,v18_0995,1,M,corpus_expansion_5000,0.16079228470839807,0
0.0,0.0,0.0,0.5,0.1773,0.6667,0.0,0.0,v18_1981,1,M,corpus_expansion_5000,0.6035998497166623,1
0.0,0.0,0.0,0.95,0.0,0.0,0.75,0.4866,v18_4297,0,M,corpus_expansion_5000,0.5218956878255403,1
0.0,0.0,0.0,0.8,0.6381,0.0,0.0,0.0,v18_0161,1,H,new_mid_w1_p1,0.5128461642698187,1
0.0,0.0,0.0,0.6,0.0,1.0,0.0,0.0,v18_4798,0,M,corpus_expansion_5000,0.7628608656713506,1
0.0,0.0,0.0,0.0,0.0,0.0,0.0,0.0,v18_1500,1,M,corpus_expansion_5000,0.0945363922261271,0
0.0,0.0,0.0,0.05,0.0,0.0,0.0,0.4866,v18_3843,0,M,corpus_expansion_5000,0.10019835730535713,0
0.0,0.0,0.0,1.0,0.0,0.3333,0.0,0.0,v18_2613,1,M,corpus_expansion_5000,0.6229465733397762,1
0.0,0.0,0.0,0.7,0.0,1.0,0.0,0.0,v18_3461,0,H,corpus_expansion_5000,0.797509549022906,1
0.0,0.0,0.0,0.6,0.5312,0.0,0.0,0.872,v18_1021,1,M,corpus_expansion_5000,0.36932604647522493,0
0.0,0.0,0.0978,0.1,0.2656,0.0,0.0,0.2174,v18_3073,0,H,corpus_expansion_5000,0.14850952926430455,0
0.0,0.0,0.0,0.0,0.2293,0.0,0.0,0.3349,v18_3943,0,M,corpus_expansion_5000,0.11546163110015764,0
0.0,0.0,0.0,0.4,0.0,0.0,0.0,0.0,v18_1585,1,M,corpus_expansion_5000,0.19000580961738978,0
0.0,0.0,0.0,0.2,0.0,0.0,0.0,0.0,v18_1955,1,M,corpus_expansion_5000,0.1353199798207458,0
0.0,0.0,0.0,0.25,0.0,0.0,0.0,0.7364,v18_3152,0,H,corpus_expansion_5000,0.14074188085942457,0
0.0,0.0,0.0,0.2,0.0,0.3333,0.0,0.0,v18_0034,0,H,v17_reused,0.24658569031706137,0
0.0,0.0,0.0,0.4,0.6564,0.3333,0.0,0.0,v18_4014,0,M,corpus_expansion_5000,0.4998900198488551,1
0.0,0.0,0.0,0.3,0.0,0.0,0.0,0.9347,v18_0775,1,H,new_high_w1_pany,0.15149407253783495,0
0.0,0.0,0.0,0.0,0.0,0.3333,0.0,0.0,v18_2556,1,L,corpus_expansion_5000,0.17921858498670093,0
0.0,0.0,0.0,0.0,0.0,0.0,0.0,0.0,v18_1478,1,M,corpus_expansion_5000,0.0945363922261271,0
0.0,0.0,0.0,0.8,0.0,0.0,0.0,0.9906,v18_1363,1,H,corpus_expansion_5000,0.32843105996868327,0
0.0,0.0,0.0,0.3,0.0,0.0,0.0,0.0,v18_2612,1,H,corpus_expansion_5000,0.16079228470839807,0
0.0,0.0,0.0,0.0,0.0,0.0,0.0,0.8909,v18_2824,1,L,corpus_expansion_5000,0.08893242365192788,0
0.0,0.0,0.0,0.85,0.0,0.0,0.0,0.0,v18_2041,1,M,corpus_expansion_5000,0.36835127139997426,0
0.0,0.0,0.5654,0.45,0.0,0.0,0.6667,0.9906,v18_0241,1,H,new_mid_w1_p1,0.31281458271047796,0
0.0,0.0,0.0,0.2,0.0,0.3333,0.0,0.0,v18_2061,1,M,corpus_expansion_5000,0.24658569031706137,0
0.0,0.0,0.0,0.35,0.0,0.0,0.0,0.4866,v18_2363,1,M,corpus_expansion_5000,0.16967882471207463,0
0.0,0.0,0.0,0.55,0.5654,0.0,0.0,0.0,v18_0600,1,H,new_mid_w1_p1,0.3697330368721735,0
0.0,0.0,0.0,0.55,0.0,0.0,0.0,0.4866,v18_2435,1,M,corpus_expansion_5000,0.2344844413536289,0
0.0,0.0,0.0,0.2,0.0,0.3333,0.0,0.7203,v18_2888,1,M,corpus_expansion_5000,0.23661997725913594,0
0.0,0.0,0.0,0.2,0.0,0.0,0.0,0.3081,v18_0646,0,H,v17_reused,0.1326205958451937,0
0.0,0.0,0.0,0.2,0.0,0.0,0.0,0.0,v18_3890,0,M,corpus_expansion_5000,0.1353199798207458,0
0.0,0.0,0.0,0.9,0.0,0.3333,0.0,0.0,v18_3556,0,H,corpus_expansion_5000,0.5743695239102369,1
0.0,0.0,0.0,0.25,0.0,0.0,0.0,0.0,v18_3202,0,H,corpus_expansion_5000,0.1476023763660605,0
0.0,0.0,0.0,0.0,0.6471,0.3333,0.0,0.0,v18_1528,1,M,corpus_expansion_5000,0.30576079122199035,0
0.0,0.0,0.0,0.0,0.2208,0.0,0.0,0.6259,v18_1267,1,M,corpus_expansion_5000,0.11231401340739791,0
0.0,0.0,0.0,0.2,0.0,0.0,0.0,0.5665,v18_1899,1,M,corpus_expansion_5000,0.1303919499872502,0
0.0,0.0,0.0,0.45,0.0,0.0,0.0,0.0,v18_4658,0,L,corpus_expansion_5000,0.2060688837501653,0
0.0,0.0,0.0,0.2,0.5427,0.0,0.0,0.0,v18_3005,0,H,corpus_expansion_5000,0.21989489670170612,0
0.0,0.0,0.0,0.4,0.0,0.0,0.0,0.8072,v18_2734,1,M,corpus_expansion_5000,0.1808010509193474,0
0.0,0.0,0.0,0.85,0.0,0.0,0.0,0.8647,v18_0189,0,H,new_low_w0_pany,0.35329292617234165,0
0.0,0.0,0.0,0.25,0.0,0.0,0.0,0.9643,v18_1806,1,M,corpus_expansion_5000,0.13867341588241067,0
0.0,0.0,0.0,0.3,0.0,0.0,0.0,0.0,v18_0975,1,H,corpus_expansion_5000,0.16079228470839807,0
0.0,0.0,0.3627,0.1,0.0,0.0,0.0,0.0,v18_2747,1,M,corpus_expansion_5000,0.1287816126274555,0
0.0,0.0,0.0,1.0,0.0,0.6667,0.0,0.7364,v18_2047,1,M,corpus_expansion_5000,0.7657552592568436,1
0.0,0.0,0.0,0.0,0.0,0.3333,0.0,0.0,v18_2558,1,M,corpus_expansion_5000,0.17921858498670093,0
0.3,0.0,0.0,0.1,0.7757,1.0,0.6667,0.0,v18_1082,1,M,corpus_expansion_5000,0.9674128543486706,1
0.0,0.0,0.0,0.8,0.42,0.0,0.0,0.0,v18_0474,1,H,new_mid_w1_p1,0.4538603056571412,1
0.0,0.0,0.0,0.0,0.0,0.0,0.0,0.0,v18_2904,0,H,corpus_expansion_5000,0.0945363922261271,0
0.0,0.0,0.0,0.7,0.4732,0.0,0.0,0.0,v18_4843,0,M,corpus_expansion_5000,0.41829558137657097,1
0.0,0.0,0.0,0.95,0.0,0.0,0.0,0.0,v18_4117,0,M,corpus_expansion_5000,0.4165568777450921,0
0.0,0.0,0.0,0.0,0.0,0.0,0.0,0.1771,v18_3385,0,H,corpus_expansion_5000,0.09339777455077204,0
0.3,0.2,0.0,0.6,0.2324,0.6667,0.0,0.5654,v18_4555,0,M,corpus_expansion_5000,0.9456800971071694,1
0.0,0.0,0.0,0.7,0.0,0.0,1.0,0.0,v18_1184,1,M,corpus_expansion_5000,0.44330092545846445,1
0.0,0.0,0.0,1.0,0.0,0.0,0.6667,0.0,v18_2433,1,L,corpus_expansion_5000,0.5434738198858534,1
0.0,0.0,0.0,0.4,0.0,0.0,0.0,0.3124,v18_2391,1,M,corpus_expansion_5000,0.18640151955928208,0
0.0,0.0,0.0,0.95,0.9179,0.0,1.0,0.0,v18_0769,0,H,v17_reused,0.7813267885622637,1
0.0,0.0,0.0,0.4,0.3929,0.0,0.0,0.0,v18_1685,1,M,corpus_expansion_5000,0.2642569328290134,0
0.0,0.0,0.0,0.3,0.0,0.0,0.0,0.0,v18_0130,0,H,new_low_w0_pany,0.16079228470839807,0
0.0,0.0,0.0,0.4,0.4921,0.0,0.0,0.0,v18_2919,0,H,corpus_expansion_5000,0.28569227210784615,0
0.5,0.0,0.0,0.5,0.4631,0.0,0.0,0.0,v18_3171,0,H,corpus_expansion_5000,0.9282102862626372,1
0.0,0.0,0.0,0.4,0.0,0.0,0.0,0.924,v18_3444,0,H,corpus_expansion_5000,0.17949832273269437,0
0.0,0.0,0.0,0.1,0.7253,0.0,0.0,0.0,v18_4426,0,M,corpus_expansion_5000,0.2191439455494707,0
0.0,0.0,0.0,0.0,0.4439,0.0,0.0,0.0,v18_0466,0,H,new_mid_w1_p0,0.1445316406161187,0
0.0,0.0,0.0,0.0,0.0,0.0,0.0,0.2635,v18_3092,0,H,corpus_expansion_5000,0.09284676473103602,0
0.0,0.0,0.0,0.3,0.0,0.0,0.0,0.0,v18_3772,0,M,corpus_expansion_5000,0.16079228470839807,0
0.0,0.0,0.0,0.0,0.0,0.0,0.0,0.5631,v18_0860,1,M,corpus_expansion_5000,0.09095862982062441,0
