article_id,headline,corpus_batch,SMI_score,SMI_label,human_label
v18_1501,সাত খুন মামলায় ২৬ জনের মৃত্যুদণ্ড,corpus_expansion_5000,0.20334752141661244,0,1
v18_2586,সাংবাদিকদের ওপর হামলার প্রতিবাদ,corpus_expansion_5000,0.46183656018518604,1,1
v18_2653,বান্দরবানে দুগ্রুপের গোলাগুলিতে নিহত ৫,corpus_expansion_5000,0.23111527620721362,0,1
v18_1055,ধর্ষণের চেষ্টার অভিযোগ,corpus_expansion_5000,0.19932341078274549,0,1
v18_0705,'যেন হায়েনার কবল থেকে মুক্তি পেয়েছি',v17_reused,0.349458394756692,0,0
v18_0106,কার্যালয়ের সামনে পুলিশ পালিয়ে বেড়াচ্ছে বিএনপি,new_mid_w0_p0,0.13437677201892637,0,0
v18_0589,হোম কোয়ারেন্টাইনে রাজনীতিবিদরা,v17_reused,0.5584658435610207,1,0
v18_2468,ঢাবি প্রক্টরিয়াল টিমের ওপর হামলা শাহবাগ থানায় আটক ৬ জনকে জিজ্ঞাসাবাদ চলছে,corpus_expansion_5000,0.19000580961738978,0,1
v18_2413,"দল পাননি আরাফাত, সোহাগ!",corpus_expansion_5000,0.8090716126538653,1,1
v18_1600,গ্রেফতারের পর ‘বন্দুকযুদ্ধে’ ২ যুবক নিহত,corpus_expansion_5000,0.16079228470839807,0,1
v18_2464,‘উল্লেখযোগ্য তথ্য’ পাওয়ার দাবি,corpus_expansion_5000,0.09099110451834116,0,1
v18_0228,সিলেট মহানগর আওয়ামী লীগের সভা বুধবার,new_high_w1_pany,0.9366046028778382,1,1
v18_0915,আবরার হত্যাকান্ড,corpus_expansion_5000,0.11413304045868496,0,1
v18_0794,বরিশালে শিশু চলচ্চিত্র উৎসব শুরু,new_mid_w1_p1,0.4764406798654476,1,1
v18_3021,ডাক্তার-নার্সদের বেতন পরিশোধের নির্দেশ,corpus_expansion_5000,0.19000580961738978,0,0
v18_3543,মস্কোয় বাংলাদেশি মালিকানার নতুন রেস্টুরেন্ট,corpus_expansion_5000,0.15705158331615046,0,0
v18_1073,‘হত্যা ষড়যন্ত্রের’ তদন্ত চাইলেন আসমা জাহাঙ্গীর,corpus_expansion_5000,0.21245743999478328,0,1
v18_3351,শেরপুরের কৃষকের নতুন জাতের ধান উদ্ভাবন,corpus_expansion_5000,0.16210584725600014,0,0
v18_1744,‘বসন্ত এসে গেছে...’,corpus_expansion_5000,0.7184514764722852,1,1
v18_1084,ধর্ষণের ভিডিও ছড়ানোর অভিযোগে গ্রেপ্তার ২,corpus_expansion_5000,0.3939591787208005,0,1
v18_0926,"ইয়াঙ্গুনে বিস্ফোরণ, নিহত ১৭",corpus_expansion_5000,0.0945363922261271,0,1
v18_3049,পুলিশ সুপার পর্যায়ের আট কর্মকর্তা বদলি,corpus_expansion_5000,0.17550116536315735,0,0
v18_1117,"লাস ভেগাসে কনসার্টে গুলি, নিহত ৫৮",corpus_expansion_5000,0.1353199798207458,0,1
v18_0642,ক্যালিফোর্নিয়ায় উদয়ন স্কুলের শিক্ষার্থীদের মিলনমেলা,new_high_w1_pany,0.4413369854724032,1,1
v18_4767,"কপিল অচেতন, শাহরুখের শুটিং বাতিল",corpus_expansion_5000,0.8784590901281101,1,0
v18_0501,মাহমুদুরকে গ্রেপ্তার করতে আমার দেশ কার্যালয়ে পুলিশ,new_high_w1_pany,0.10805106127365775,0,1
v18_4066,সাংবাদিক হেদায়েতের স্থায়ী জামিন,corpus_expansion_5000,0.1133379569328199,0,0
v18_0333,মায়ের কোলে ফিরল শিশু জুনায়েদ,new_mid_w0_p0,0.21470329231103846,0,0
v18_4684,চোখ মেলেই দেখেন হাতটা নেই,corpus_expansion_5000,0.37527854712523623,0,0
v18_0486,বাগেরহাট জেলা বিএনপির পূর্ণাঙ্গ কমিটি অনুমোদন,new_mid_w1_p1,0.19480981541195821,0,1
v18_1962,নাশকতাকারীদের কোনো ছাড় নয়: আইজিপি,corpus_expansion_5000,0.3903356352953888,0,1
v18_0393,আর্জেন্টাইন ফুটবলারসহ বিমান নিখোঁজ,new_mid_w0_p0,0.2060688837501653,0,0
v18_4842,"চকরিয়ায় আগুনে পুড়েছে চারটি বসতঘর, দগ্ধ ১",corpus_expansion_5000,0.33890736907144947,0,0
v18_4866,দুই জেলার ৭২ গ্রাম প্লাবিত,corpus_expansion_5000,0.11019172264984413,0,0
v18_1755,কিশোরগঞ্জে গৃহবধূকে ‘পুড়িয়ে হত্যা’,corpus_expansion_5000,0.9085941183484763,1,1
v18_2515,চট্টগ্রামে পাঁচ ‘ছিনতাইকারী’ গ্রেপ্তার,corpus_expansion_5000,0.09023752126685754,0,1
v18_3585,আত্মবিশ্বাস ও আশাবাদ সৃষ্টিতে বিনিয়োগ,corpus_expansion_5000,0.7134044656911401,1,0
v18_4315,২৬ মার্চ শিখা চিরন্তন থেকে যাত্রা শুরু 'দেশ' টিভি'র,corpus_expansion_5000,0.17491898592996105,0,0
v18_4966,ভ্যাট ফাঁকি: স্টারের সব খাবার দোকানে অভিযান,corpus_expansion_5000,0.26116944252095853,0,0
v18_2099,"নড়াইলে জমির বিরোধে সংঘর্ষ, গুলিবিদ্ধ ১২",corpus_expansion_5000,0.2616779041263714,0,1
v18_3599,স্মার্ট কার্ড হাতে আসছে অগাস্টে,corpus_expansion_5000,0.12900293933497636,0,0
v18_4121,নিউইয়র্কে ‘আজকাল সম্মাননা’ পেলেন জ্যোতিপ্রকাশ দত্ত ও আলী রীয়াজ,corpus_expansion_5000,0.5998050314087884,1,0
v18_0029,আত্মার শুদ্ধি মনুষ্যত্বের জাগৃতি,new_high_w1_pany,0.5001624409277972,1,1
v18_0065,স্বাস্থ্য কমপ্লেক্সে ছাত্রলীগ নেতা লাঞ্ছিত?,new_mid_w1_p0,0.9342212259595563,1,1
v18_0838,দু'একটা ধর্ষণ হতেই পারে: বিজেপি মন্ত্রী,corpus_expansion_5000,0.4608024919347506,1,1
v18_3906,চট্টগ্রামে মাসব্যাপী বৃক্ষমেলা,corpus_expansion_5000,0.3702056496403357,0,0
v18_3773,গেল বছর মেগা প্রকল্পের,corpus_expansion_5000,0.11435009066173792,0,0
v18_4635,বরগুনায় ভুল চিকিৎসায় প্রসূতির মৃত্যুর অভিযোগ,corpus_expansion_5000,0.4746410107363502,1,0
v18_3161,তিন ঘণ্টায় ট্রেনের অগ্রিম টিকিট শেষ,corpus_expansion_5000,0.3921913672632442,0,0
v18_2659,২৩ জানুয়ারি: আজকের ঢাকা,corpus_expansion_5000,0.32361796281345045,0,1
v18_4615,গ্রামীণফোন গ্রাহকদের জন্য বিনামূল্যে উইকিপিডিয়া,corpus_expansion_5000,0.22311587068072297,0,0
v18_4628,বিদ্যুতের বর্ধিত মূল্য প্রত্যাহারের দাবি,corpus_expansion_5000,0.2974134317437954,0,0
v18_2451,ছেলেধরা গুজবে আতঙ্কে আসাম,corpus_expansion_5000,0.2860730847351194,0,1
v18_2846,"সিলেটে ছাত্রদলের দুই পক্ষে সংঘর্ষ, আহত ৭",corpus_expansion_5000,0.1244348731246576,0,1
v18_1144,আঁখি ধর্ষণ খুনের রোমহর্ষক কাহিনী,corpus_expansion_5000,0.9073655589829259,1,1
v18_3078,মালয়েশিয়ায় ইমিগ্রেশনে নিবন্ধন শেষে চলবে মেগা-থ্রি অভিযান,corpus_expansion_5000,0.1867513257725107,0,0
v18_1103,মুম্বাই হামলার তথ্য জানতেন লাদেন!,corpus_expansion_5000,0.48148413082813596,1,1
v18_0168,ঘূর্ণিঝড় এলাকায় চিকিৎসকদের ছুটি বাতিল,new_mid_w0_p0,0.1618695290589579,0,0
v18_1670,আসছে ‘আইওয়ালেট’!,corpus_expansion_5000,0.8367501123989921,1,1
v18_2570,বড় ‘মটো মার্কেট’ বাংলাদেশ,corpus_expansion_5000,0.2601425988962303,0,1
v18_2377,নরসিংদীর ৬ খুন: হাই কোর্টের বিভক্ত রায়,corpus_expansion_5000,0.15549232995382364,0,1
v18_4395,ঝড়ো হাওয়া: সদরঘাট থেকে লঞ্চ বন্ধ,corpus_expansion_5000,0.3451374483123983,0,0
v18_4257,টেক্সটাইল বিশ্ববিদ্যালয়ের উদ্বোধন মঙ্গলবার,corpus_expansion_5000,0.11997677692282648,0,0
v18_3862,তারুণ্য ধরে রাখবে দুধ-মধু,corpus_expansion_5000,0.3451374483123983,0,0
v18_0023,তালেবানের নেতৃত্ব মোল্লা ওমরের ছেলের হাতে,new_high_w1_pany,0.4237456057776692,1,0
v18_2633,খুনের দায়ে চাঁদপুরে একজনের মৃত্যুদণ্ড,corpus_expansion_5000,0.2140482906708334,0,1
v18_3340,"চট্টগ্রাম মেডিকেলে বালিশের দাম ২৭ হাজার, যা বললেন স্বাস্থ্যমন্ত্রী",corpus_expansion_5000,0.2008691921806495,0,0
v18_2215,গাজীপুরে গ্রেনেড বিস্ফোরণ: জেএমবি সদস্যের মৃত্যুদণ্ড,corpus_expansion_5000,0.10825574391272422,0,1
v18_3682,উচ্ছেদে সহায়তা না করলে এলাকায় কাজ হবে না,corpus_expansion_5000,0.15750089433669626,0,0
v18_4724,দেশবাসীর কাছে দোয়া চেয়েছেন খালেদা জিয়া,corpus_expansion_5000,0.25427925272153434,0,0
v18_1907,চুয়াডাঙ্গায় ৬ হাতবোমাসহ গ্রেপ্তার ৩,corpus_expansion_5000,0.23253311119379863,0,1
v18_0084,"মালিক, মাস্টার ও ব্যবস্থাপকের বিরুদ্ধে মামলা",new_low_w0_pany,0.2060688837501653,0,0
v18_0227,অবৈধ ডিটিএইচের বিরুদ্ধে অভিযান,new_mid_w0_p0,0.4737632500619631,1,0
v18_0296,নির্বাচনের আগে প্রয়োজন জঙ্গিবাদ মুক্ত করা,new_mid_w0_p0,0.4939110834444935,1,0
v18_1001,‘গ্যাংগ্রুপ’-এর গল্প,corpus_expansion_5000,0.7700541146917192,1,1
v18_2138,গাজীপুরে ট্রাক চাপায় যুবক নিহত,corpus_expansion_5000,0.34200983460079226,0,1
v18_0711,টটেনহ্যাম ম্যাচের আগে চোট নিয়ে দুশ্চিন্তা রিয়ালে,v17_reused,0.49846667416635043,1,0
v18_2801,ঘুষখোরকে ধরতে কোনো বাধা নেই,corpus_expansion_5000,0.16079228470839807,0,1
v18_2527,‘রোবট বোমায়’ নিহত হন ডালাসের বন্দুকধারী,corpus_expansion_5000,0.11852289482861728,0,1
v18_3752,শীতলতম রাত পার করলো তেঁতুলিয়া,corpus_expansion_5000,0.35412000795151966,0,0
v18_3321,স্বাস্থ্য পরীক্ষায় করোনাভাইরাস সাইট চালু করেছে গুগল,corpus_expansion_5000,0.21631558104374735,0,0
v18_3181,"পল্লী বিদ্যুতের মিটার রিডিং নিয়ে ক্ষোভ, দাম না বাড়ানোর দাবি",corpus_expansion_5000,0.0945363922261271,0,0
v18_4183,গাড়ির ইঞ্জিনে বিড়ালছানা,corpus_expansion_5000,0.19000580961738978,0,0
v18_1615,শিশুকে ধর্ষণের অভিযোগে গ্রেপ্তার ১,corpus_expansion_5000,0.17963739025511583,0,1
v18_3024,বাণিজ্য উত্তেজনা: যুক্তরাষ্ট্র ভ্রমণে নাগরিকদের সতর্ক করল চীন,corpus_expansion_5000,0.2741418321182398,0,0
v18_1413,"বিআরটিএতে অভিযান, ২৩ ‘দালালের’ সাজা",corpus_expansion_5000,0.35183690948447854,0,1
v18_0763,লাল কার্ডকে দুষলেন গ্রিসের কোচ,new_high_w1_pany,0.6337366113440399,1,1
v18_0655,"ভ্রমণ নিষেধাজ্ঞা ‘আইনসম্মত’, দাবি যুক্তরাষ্ট্র বিচার বিভাগের",new_high_w1_pany,0.1133379569328199,0,0
v18_4797,খুলনায় এক আসনেই সীমাবদ্ধ চারদল,corpus_expansion_5000,0.24748042004590734,0,0
v18_3849,সাধারণ ছুটিতে ব্যাংকে লেনদেন চলবে ২ ঘণ্টা,corpus_expansion_5000,0.21706526164504839,0,0
v18_4153,বিজিবির নতুন ডিজির দায়িত্ব গ্রহণ,corpus_expansion_5000,0.1804188402741266,0,0
v18_0468,চাঁদা নিয়ে যুবলীগের সংঘর্ষে আহত ১০,new_mid_w1_p1,0.09087249753497764,0,1
v18_0157,ইন্টারনেট ডেটা সাশ্রয় করুন,new_high_w1_pany,0.3921913672632442,0,0
v18_1295,চট্টগ্রামে বজ্রপাতে নিহত ২,corpus_expansion_5000,0.2811603874862428,0,1
v18_0497,চাঁদে বেড়াতে যাচ্ছেন,new_mid_w1_p0,0.7384126165357974,1,0
v18_4740,রেডিয়েন্ট ফার্মাসিউটিক্যালস-ব্র্যাক ব্যাংক চুক্তি,corpus_expansion_5000,0.2060688837501653,0,0
v18_2940,মাছ রপ্তানিতে আয় গত অর্থবছরের তুলনায় বেড়েছে,corpus_expansion_5000,0.0945363922261271,0,0
v18_3456,"খুলনায় বাঁধ ভেঙে বিস্তীর্ণ এলাকা প্লাবিত, পানিবন্দি ২০ হাজার মানুষ",corpus_expansion_5000,0.1353199798207458,0,0
v18_0373,পাক-চীন অর্থনৈতিক করিডরের বিরুদ্ধে ষড়যন্ত্র রোধে প্রস্তুত পাকিস্তানি সেনারা,v17_reused,0.18659056127798318,0,0
v18_0079,পুরস্কার পেল লা মেরিডিয়ান,new_mid_w1_p0,0.48561383052236684,1,0
v18_1553,রোহিঙ্গা নারীদের ‘ধর্ষণের’ আলামত পেয়েছে জাতিসংঘ,corpus_expansion_5000,0.089658305967913,0,1
v18_1669,‘বানানো তথ্য’ দিয়ে রোনালদোর বিপক্ষে ধর্ষণের অভিযোগ!,corpus_expansion_5000,0.5994402408150515,1,1
v18_2131,‘হতাশায়’ বিএনপি নেতার আত্মহত্যা!,corpus_expansion_5000,0.5732181331789303,1,1
v18_4439,নতুন জায়গায়ও ভাসমান বস্তুর খোঁজ মিলেছে,corpus_expansion_5000,0.20000505871365404,0,0
v18_0465,বিএনপি নেতৃত্ব খালেদা-তারেকের বিরুদ্ধে ষড়যন্ত্রে লিপ্ত: হাছান,new_mid_w1_p1,0.246916696368595,0,1
v18_0248,আগামী নির্বাচন হবে অংশগ্রহণমূলক,v17_reused,0.3146615032205769,0,0
v18_0931,ফেলানী হত্যাকাণ্ড,corpus_expansion_5000,0.18821106631727777,0,1
v18_1335,হবিগঞ্জে ননদ-ভাবিকে ‘গণধর্ষণের’ অভিযোগ,corpus_expansion_5000,0.12797425872606974,0,1
v18_4524,বাংলাদেশে সিরিজ জয়ের উপায় আবিষ্কার স্মিথের!,corpus_expansion_5000,0.9710530395465713,1,0
v18_1338,বরিশালে ‘বন্দুকযুদ্ধে’ নিহত ১,corpus_expansion_5000,0.40639880133444034,0,1
v18_1406,‘হয়রানির শিকার হয়েছেন প্রিতি’,corpus_expansion_5000,0.8767260447851957,1,1
v18_1090,রাজধানীর মিরপুরে ‘বন্দুকযুদ্ধে’ যুবক নিহত,corpus_expansion_5000,0.0945363922261271,0,1
v18_4209,বড় সম্প্রসারণে যাচ্ছে জিপিএইচ ইস্পাত,corpus_expansion_5000,0.22311587068072297,0,0
v18_0742,ব্রাজিল ৭ বার বিশ্বকাপ ফাইনাল খেলেছে,new_low_w0_pany,0.4413369854724032,1,0
v18_2323,ধর্ষণের বিষয় এড়িয়ে গেলেন সু চি,corpus_expansion_5000,0.09017802333693167,0,1
v18_3601,"প্রেমটুকুই আলো, বাকি পথ যেন অন্ধগলি",corpus_expansion_5000,0.7418273342619686,1,0
v18_2123,ডি মারিয়ার ‘হৃদয়ে’ রিয়াল,corpus_expansion_5000,0.40195527162411765,0,1
v18_2094,"গোবিন্দগঞ্জে যুবককে গলা কেটে হত্যা, আটক ১",corpus_expansion_5000,0.28008474130873345,0,1
v18_0240,স্বাস্থ্য অধিদফতরের সহকারী পরিচালককে দুদকে জিজ্ঞাসাবাদ,new_high_w1_pany,0.32263931900913917,0,1
v18_2351,ব্র্যাডম্যানের পরই মুমিনুল!,corpus_expansion_5000,0.9458115900171541,1,1
v18_1370,৭৬ বার পেছাল সাগর-রুনি হত্যার তদন্ত প্রতিবেদন,corpus_expansion_5000,0.11128190119967919,0,1
v18_1057,যৌন কেলেঙ্কারির দায়ে বরখাস্ত,corpus_expansion_5000,0.9650190603320085,1,1
v18_4816,সাদিয়া সুলতানা কামাল গোল্ডেন জিপিএ ৫ পেয়েছে,corpus_expansion_5000,0.4413369854724032,1,0
v18_0199,বারবার মেয়াদ না বাড়িয়ে একাধিক প্রকল্পের সুপারিশ,new_mid_w0_p0,0.15465557260335663,0,0
v18_2280,"নীলফামারী ইপিজেডে অগ্নিকাণ্ড, হুড়োহুড়িতে ৫ শ্রমিক আহত",corpus_expansion_5000,0.39518663841831475,0,1
v18_4749,উত্তর কোরিয়ার ওপর চাপ অব্যাহত থাকবে: ট্রাম্প,corpus_expansion_5000,0.3482540825610084,0,0
v18_2220,তালায় শিশু ধর্ষণের অভিযোগে আটক ১,corpus_expansion_5000,0.21130476167907544,0,1
v18_4771,"ডোমারে ভিজিএফের চাল কালোবাজারিতে, ৬ গোডাউন সিলগালা",corpus_expansion_5000,0.16364103087156653,0,0
v18_2819,‘অনিচ্ছাকৃত ত্রুটি’,corpus_expansion_5000,0.30093381222399707,0,1
v18_3150,ভারতের মতো বিড়িকে কুটির শিল্প হিসেবে ঘোষণার দাবি বাংলাদেশে,corpus_expansion_5000,0.12074899708751488,0,0
v18_4256,বার্সাকে রুখে দিল সেল্টা,corpus_expansion_5000,0.5864653611075765,1,0
v18_3107,"অনুমতি নিয়েই এসেছি কানাডায়, বিভ্রান্তির সুযোগ নেই",corpus_expansion_5000,0.11661683327811026,0,0
v18_1973,নড়াইলে দুপক্ষের সংঘর্ষে নিহত ১,corpus_expansion_5000,0.19000580961738978,0,1
v18_1375,"মির্জাপুরে ভটভটি খাদে, নিহত ২",corpus_expansion_5000,0.1476023763660605,0,1
v18_3968,"বিচার করবে আইন, চাপাতি বা বন্দুক নয়",corpus_expansion_5000,0.13136854738888568,0,0
v18_4062,ভোটারদের ভোটদানের সুযোগ দিতে সরকার ও ইসিকে কমনওয়েলথের আহবান,corpus_expansion_5000,0.09114550185653858,0,0
v18_4445,চিটাগাং চেম্বারে ভারতের বেঙ্গল চেম্বার প্রতিনিধিদলের মতবিনিময়,corpus_expansion_5000,0.19185974657392724,0,0
v18_3557,তথ্যপ্রযুক্তি বাণিজ্যে দুই দেশের সহযোগিতা দরকার,corpus_expansion_5000,0.2347185762861585,0,0
v18_0964,জটে ঝুলছে ফাঁসির আসামিরাও,corpus_expansion_5000,0.22449896003037811,0,1
v18_0179,বিজিএমইএতে ভোট আজ,new_low_w0_pany,0.3451374483123983,0,0
v18_3698,কান খাড়া রাখার নির্দেশ,corpus_expansion_5000,0.15777274024172375,0,0
v18_3821,এবার সুখের সময় খাসিয়া পানপুঞ্জির,corpus_expansion_5000,0.2950791998244779,0,0
v18_4878,আইপিএলে যে দলে খেলবেন সালমা-জাহানারা,corpus_expansion_5000,0.7712272984829612,1,0
v18_3899,শিল্প খাতের প্রণোদনা : ঋণের মেয়াদ কমিয়ে ১ বছরের নির্দেশনা জারি,corpus_expansion_5000,0.3632184722451032,0,0
v18_4487,মিয়ানমারে ৫০ বছরে প্রথম বেসামরিক প্রেসিডেন্টের শপথ,corpus_expansion_5000,0.4647540629499113,1,0
v18_3238,বিনা খরচে নামকরা বিশ্ববিদ্যালয়ে অনলাইন কোর্স,corpus_expansion_5000,0.36103396929987586,0,0
v18_2974,বরিশালে থ্রিজি চালু করেছে গ্রামীণফোন,corpus_expansion_5000,0.1133379569328199,0,0
v18_3580,কুষ্টিয়ায় সড়ক পরিবহন আইন সংশোধনের দাবি,corpus_expansion_5000,0.22855476165745936,0,0
v18_2887,চট্টগ্রামে বিকল বাসে অগ্নিকাণ্ড,corpus_expansion_5000,0.1476023763660605,0,1
v18_2575,পাবনায় শিশুসহ ২ জনের আত্মহত্যা,corpus_expansion_5000,0.4165568777450921,0,1
v18_1419,দুর্বৃত্তের হামলা,corpus_expansion_5000,0.4076543965940803,0,1
v18_3907,"সেতু সংস্কারে প্রশাসনের বরাদ্দ নেই, এগিয়ে এলেন ব্যবসায়ীরা",corpus_expansion_5000,0.2973651279914681,0,0
v18_4673,চ্যাম্পিয়ন্স লিগে ম্যানচেস্টার সিটি,corpus_expansion_5000,0.7530834018823405,1,0
v18_4902,জুতা পায়ে স্বাধীনতা স্তম্ভে ওঠায় চিফ হুইপের সমালোচনা,corpus_expansion_5000,0.2813285908847708,0,0
v18_1860,গাজায় সংঘর্ষে নিহত ৬,corpus_expansion_5000,0.08867333438792221,0,1
v18_0008,মালয়েশিয়ায় ৬১ জন অবৈধ বাংলাদেশি আটক,new_low_w0_pany,0.1110722095740751,0,0
v18_2894,সৌদি রাজপরিবারে ফাটল!,corpus_expansion_5000,0.9864580400664303,1,1
v18_2847,"লাহোরে গাড়িবোমা বিস্ফোরণ, ডিআইজিসহ নিহত ১৬",corpus_expansion_5000,0.1848062794709119,0,1
v18_3664,সবাইকে সঙ্গে নিয়ে উন্নয়নে বিশ্বাসী,corpus_expansion_5000,0.18280174671650304,0,0
v18_0144,অ্যাপল ওয়াচে ‘গোপন’ চার্জিং পোর্ট,v17_reused,0.6324019153695057,1,0
v18_2104,মেক্সিকোতে বিমান বিধ্বস্ত হয়ে ৯ জন নিহত,corpus_expansion_5000,0.32438175186790896,0,1
v18_3143,এসএসসির ফরম পূরণে `অতিরিক্ত' অর্থ আদায়,corpus_expansion_5000,0.22311587068072297,0,0
v18_0841,আজিমপুর অভিযান: তিন নারী জঙ্গির বিচার শুরু,corpus_expansion_5000,0.11099990523577062,0,1
v18_1128,"কক্সবাজারে ‘দুই দল ডাকাতের’ গোলাগুলি, নিহত ২",corpus_expansion_5000,0.15681578847322364,0,1
v18_0151,তরুণ পেসারদের ওপর হিথ স্ট্রিকের আস্থা,v17_reused,0.33432060092664034,0,0
v18_3591,সের্গেই-ইউলিয়া স্ক্রিপালের ভবিষ্যৎ স্বাস্থ্য নিয়ে অনিশ্চয়তা,corpus_expansion_5000,0.18090296075515916,0,0
v18_1052,‘আত্মহত্যার প্ররোচনায়’ মিতুর নামে মামলা হচ্ছে,corpus_expansion_5000,0.12885919843046614,0,1
v18_1590,পটুয়াখালীতে ৩০ মামলার আসামি ‘বন্দুকযুদ্ধে’ নিহত,corpus_expansion_5000,0.2060688837501653,0,1
v18_3008,প্রতিবন্ধীদের অধিকার বিষয়ক কর্মশালা শুরু,corpus_expansion_5000,0.0945363922261271,0,0
v18_2029,নেপালে মসজিদে বোমা হামলায় ২ জন নিহত,corpus_expansion_5000,0.08852149829508693,0,1
v18_3418,সিটি ব্যাংক ক্যাপিটাল-ডিবিএল গ্রুপের চুক্তি,corpus_expansion_5000,0.28008474130873345,0,0
v18_1807,আত্মহত্যা করেছেন বৈমানিকেরা!,corpus_expansion_5000,0.8038940786129363,1,1
v18_2696,মঞ্চে আসছে ‘গালিভারের সফর’,corpus_expansion_5000,0.5167968786685285,1,1
v18_3039,হবিগঞ্জে বাসের ধাক্কায় মোটর সাইকেল আরোহীর মৃত্যু,corpus_expansion_5000,0.1353199798207458,0,0
v18_0472,পবিত্র আশুরা,v17_reused,0.4131071123395625,0,0
v18_3289,সমুদ্রপথে যুক্ত হচ্ছে বাংলাদেশ ভারত শ্রীলঙ্কা মালদ্বীপ,corpus_expansion_5000,0.17491898592996105,0,0
v18_4074,হঠাৎ কেন মুসলমানদের এমন নৃশংসতার শিকার হতে হলো?,corpus_expansion_5000,0.49348267529680373,1,0
v18_3496,"মৃত্যু এত সহজ, জীবন এত সস্তা",corpus_expansion_5000,0.14643258345125226,0,0
v18_0279,লেভেলক্রসিং,new_high_w1_pany,0.5337471655747154,1,0
v18_1741,রাজধানীতে ‘বন্দুকযুদ্ধে’ ৩ ‘মাদক বিক্রেতা’ নিহত,corpus_expansion_5000,0.598900906658088,1,1
v18_4624,সীমান্ত সম্মেলনে গুরুত্ব পাবে হত্যা ও অনুপ্রবেশ,corpus_expansion_5000,0.12702041596134325,0,0
v18_2886,সংস্কার কাজে অনিয়ম দুর্নীতি,corpus_expansion_5000,0.3451374483123983,0,1
v18_1941,গাজীপুরে গার্মেন্টস মালিককে গুলি ৬৬ লাখ ৫০ হাজার টাকা ছিনতাই,corpus_expansion_5000,0.1827102932336691,0,1
v18_0100,হাতিয়ায় সি-ট্রাকের ধাক্কায় দুই জেলে নিহত,v17_reused,0.19004946525341476,0,0
v18_2804,‘সি’ ইউনিটের ভর্তি পরীক্ষা কাল,corpus_expansion_5000,0.2060688837501653,0,1
v18_3570,ই-কমার্স খাতের বিকাশে প্রয়োজন বিদেশি বিনিয়োগ,corpus_expansion_5000,0.21714484267632456,0,0
v18_3684,রেলওয়ের কেনাকাটা নিয়ে সংসদীয় কমিটির ক্ষোভ,corpus_expansion_5000,0.1147905028265855,0,0
v18_3661,বরিশাল-খুলনা রুটে ঝালকাঠির বাস চলাচল আবার বন্ধ,corpus_expansion_5000,0.11165742310247344,0,0
v18_0530,ছবি মেলাতিন রকমের তিন প্রদর্শনী,new_mid_w1_p0,0.19000580961738978,0,0
v18_1886,মুন্সীগঞ্জে ‘মাদক ব্যবসা’: দু’দলের সংঘর্ষে নিহত ১,corpus_expansion_5000,0.10203219586822919,0,1
v18_0681,দুই স্কুলছাত্রসহ নিহত ৩,v17_reused,0.25350400373762855,0,0
v18_3794,"দেশভাগ রাষ্ট্রকে দ্বিখণ্ডিত করেছে, সংস্কৃতিকে নয়",corpus_expansion_5000,0.5820094274292109,1,0
v18_3944,মরুভূমির প্রচণ্ড গরমে টিকে থাকা প্রাণীরা,corpus_expansion_5000,0.9348993733286842,1,0
v18_4666,রওশনকে চেয়ারম্যান করে জাতীয় পার্টির সংস্কার প্রায় চূড়ান্ত: গোলাম মসীহ,corpus_expansion_5000,0.26402233713685125,0,0
v18_2018,ডুমিনির ব্যাটে দক্ষিণ আফ্রিকা ১১৫,corpus_expansion_5000,0.7248914332212644,1,1
v18_1096,বঙ্গবন্ধু হত্যায় জিয়া ‘সক্রিয়ভাবে’ জড়িত: নৌমন্ত্রী,corpus_expansion_5000,0.36835127139997426,0,1
v18_0829,সুবর্ণচর গণধর্ষণে আলামত মিলেছে,corpus_expansion_5000,0.13565901974712083,0,1
v18_2805,নেক্সাস ৬-এর আদ্যোপান্ত,corpus_expansion_5000,0.240715711470191,0,1
v18_3829,"চুনতি বন পাহারায় সাফল্য, পুরস্কৃত ১৪ জন",corpus_expansion_5000,0.21093841116397974,0,0
v18_4381,চিত্র প্রদর্শনীতে বরেন্দ্রের মাটি ও মানুষের মুখ,corpus_expansion_5000,0.28058659899601207,0,0
v18_3891,পোশাকই হবে মোবাইল চার্জার,corpus_expansion_5000,0.4020482029988911,0,0
v18_0764,১৩০০ পিস ইয়াবাসহ ৫ মাদক ব্যবসায়ী গ্রেফতার,v17_reused,0.3904672205704019,0,0
v18_2767,একসঙ্গে দুই শিশুকে ধর্ষণ,corpus_expansion_5000,0.15262062134482607,0,1
v18_4328,টানা তিন চারের পর তাইজুলের ছয়,corpus_expansion_5000,0.604467578533495,1,0
v18_3295,স্বাস্থ্যসেবা নিশ্চিত করতে ফ্রেমওয়ার্ক তৈরি হচ্ছে,corpus_expansion_5000,0.16371354546707997,0,0
v18_2194,কোটা: ঢাবি ক্যাম্পাসে সংঘর্ষ-ভাংচুর,corpus_expansion_5000,0.21904579484767414,0,1
v18_2357,রাজশাহীতে পুলিশ-শিক্ষার্থী সংঘর্ষ,corpus_expansion_5000,0.1615155709190323,0,1
v18_3425,ভূমি মন্ত্রণালয়ের সবার জবাবদিহি নিশ্চিত করতে হবে-ভূমিমন্ত্রী,corpus_expansion_5000,0.09195948774641224,0,0
v18_3979,২০১৯ সাল থেকে বাণিজ্য মেলা পূর্বাচলে,corpus_expansion_5000,0.21835397631678222,0,0
v18_0911,কারখানায় আগুন: আহত ৫,corpus_expansion_5000,0.0945363922261271,0,1
v18_3145,মধ্যপ্রদেশেও নাগরিকত্ব আইন বিরোধী প্রস্তাব পাস,corpus_expansion_5000,0.3506169306401404,0,0
v18_0999,ধর্ষণ ঠেকাবে বুলেটপ্রুফ অন্তর্বাস!,corpus_expansion_5000,0.417820826281156,1,1
v18_3653,অবসরপ্রাপ্ত ভারতীয় সেনাকে পুলিশ বলছে ‘বাংলাদেশি অভিবাসী’,corpus_expansion_5000,0.41535974476147886,0,0
v18_2483,"দুর্ঘটনায় পথচারী নিহত, বাসে আগুন",corpus_expansion_5000,0.17258558414266226,0,1
v18_4076,শিল্পকলায় রবীন্দ্র স্মরণ,corpus_expansion_5000,0.22404081870056092,0,0
v18_2370,মোহাম্মদপুরে গুলি করে কিশোর হত্যা,corpus_expansion_5000,0.1353199798207458,0,1
v18_4838,শান্তিপূর্ণ হরতাল,corpus_expansion_5000,0.483800206305103,1,0
v18_0033,চাকরি না দেয়ায় ভাসানী বিশ্ববিদ্যালয়ের মাইক্রোবাস ভাঙচুর,new_low_w0_pany,0.12815049595676847,0,0
v18_3789,"চিনির দাম কমাল টিসিবি, এখন কেজি ৪৩ টাকা",corpus_expansion_5000,0.17978036130072836,0,0
v18_1020,গাজীপুরে ‘নির্ঘাত কনটেস্ট’ হবে!,corpus_expansion_5000,0.7023649664307383,1,1
v18_1647,‘ড্রোন হামলার পক্ষে নয় বিশ্ববাসী’,corpus_expansion_5000,0.22311587068072297,0,1
v18_0733,দিনাজপুরে মাদকাসক্ত সন্তানদের পুলিশে দিচ্ছেন বাবা-মা!,new_mid_w1_p1,0.5320248714922053,1,1
v18_4582,১১ জুনকে জাতীয় পাহাড় রক্ষা দিবস ঘোষণার দাবি,corpus_expansion_5000,0.14600190044024794,0,0
v18_3274,অপারেটররা ইন্টারনেট প্যাকেজ আলাদা করতে রাজি নয়,corpus_expansion_5000,0.25729691798980925,0,0
v18_1620,মায়ের সামনে ছেলেকে পিটিয়ে হত্যা!,corpus_expansion_5000,0.6612177885877424,1,1
v18_3135,কিশোরগঞ্জে পাঁচ শতাধিক পোলট্রি খামার বন্ধ,corpus_expansion_5000,0.1544292885021414,0,0
v18_2689,জঙ্গিদের তথ্য পেতে অ্যাপস চালু করল পুলিশ,corpus_expansion_5000,0.318584252249026,0,1
v18_2707,ভারত সিরিজ নিয়ে ‘বিরক্ত’ আফ্রিদি,corpus_expansion_5000,0.1657276228564136,0,1
v18_0297,এবিএম মূসা: তাঁর অনন্যতা,v17_reused,0.15774665169515273,0,0
v18_2339,রিয়ালে নেইমারের ‘অপেক্ষায়’ মদ্রিচ,corpus_expansion_5000,0.7384195570193581,1,1
v18_0653,মুজিবনগর দিবসে নিউ ইয়র্কে কর্মসূচি,new_low_w0_pany,0.4344869440240335,1,0
v18_3774,ফরিদপুরে বিজিবি মোতায়েন,corpus_expansion_5000,0.27005891901883106,0,0
v18_1255,খাশোগি হত্যাকাণ্ড: ১৫ সদস্যের আততায়ী দলের ছবি প্রকাশ,corpus_expansion_5000,0.0945363922261271,0,1
v18_4520,বিশুদ্ধ পানি ও পয়ঃনিষ্কাশনে বিশ্ব ব্যাংকের ঋণ,corpus_expansion_5000,0.17921858498670093,0,0
v18_0230,হাসিনাকে হত্যাচেষ্টার ৫ মামলা ঝুলছে বহু দিন,new_mid_w1_p0,0.27684361102519256,0,0
v18_3276,পুঁজিবাজার উন্নয়নে সহায়তা দেবে বিশ্ব ব্যাংক,corpus_expansion_5000,0.19000580961738978,0,0
v18_3230,"বাজাজ, হোন্ডা, টিভিএস মোটরসাইকেল হবে দেশেই",corpus_expansion_5000,0.0945363922261271,0,0
v18_0691,সংসদে বঙ্গবন্ধু পরিবারের নিরাপত্তা বিল পেশ,new_mid_w1_p0,0.0945363922261271,0,0
v18_2754,যশোরে ভোটের সংঘাতে গুলিবিদ্ধ ১,corpus_expansion_5000,0.35323362466552505,0,1
v18_4863,রাজীবের ভাইদের কোটি টাকার ক্ষতিপূরণ স্থগিত,corpus_expansion_5000,0.11027558247680477,0,0
v18_0969,খুনের হুমকিও পেয়েছিলেন ‘বালিকা বধূ’!,corpus_expansion_5000,0.8740427086864251,1,1
v18_0633,সিরাজগঞ্জে সড়ক দুর্ঘটনায় দুই ছাত্র নিহত,new_high_w1_pany,0.2191980824803497,0,1
v18_4092,ঘুরে দাঁড়ানোর আশায় ম্যাথিউস,corpus_expansion_5000,0.4413369854724032,1,0
v18_4077,বাংলাদেশে আসতে রাজি হতেন না পিটারসেন,corpus_expansion_5000,0.6289455705684073,1,0
v18_1321,বেগমগঞ্জে শিশু ধর্ষণের শিকার,corpus_expansion_5000,0.2012252755330367,0,1
v18_1831,নারায়ণগঞ্জে ‘ডাকাত’-পুলিশ গোলাগুলি,corpus_expansion_5000,0.1476023763660605,0,1
v18_2178,‘মানকাড’ আউট কোহলিকে করলে কী হতো?,corpus_expansion_5000,0.9661610667374291,1,1
v18_1417,উদ্যাপিত সন্ত্রাস,corpus_expansion_5000,0.43397997012125694,1,1
v18_1782,‘জঙ্গিবাদ হারাম’- লাখো আলেমের ‘ফতোয়া’,corpus_expansion_5000,0.16958893071166353,0,1
v18_4715,নবজাতকের মৃত্যুর ঘটনায় ক্লিনিক ভাংচুর,corpus_expansion_5000,0.17921858498670093,0,0
v18_4701,নরসিংদীতে আট দোকান আগুনে পুড়ে ছাই,corpus_expansion_5000,0.3171281052962109,0,0
v18_4118,ছুটির দিনে ঘুরে এলাম খোরফাক্কান-মাসাফি,corpus_expansion_5000,0.3921913672632442,0,0
v18_1652,পাকিস্তান সীমান্তে ‘সন্ত্রাসী হামলায়’ ৫ সেনা নিহত,corpus_expansion_5000,0.1320041228079202,0,1
v18_1483,তনু হত্যা: ক্ষোভ-প্রতিবাদ সারাদেশে,corpus_expansion_5000,0.2157174811654512,0,1
v18_2275,তালায় ‘বন্দুকযুদ্ধে’ এমএল জনযুদ্ধ পার্টির প্রধান বিদ্যুৎ বাছাড়সহ দু’জন নিহত,corpus_expansion_5000,0.16079228470839807,0,1
v18_0877,বরিশালে ‘বন্দুকযুদ্ধে’ সর্বহারা ক্যাডার নিহত,corpus_expansion_5000,0.2816929299102863,0,1
v18_3525,শিবগঞ্জ পৌর এলাকায় উন্নয়ন প্রকল্পের কাজ শুরু,corpus_expansion_5000,0.2601425988962303,0,0
v18_2016,‘লাইক’ নিয়ে ভয়ে লাইকের উদ্ভাবক,corpus_expansion_5000,0.10433448998783841,0,1
v18_0426,হবু প্রকৌশলীদের পরিবেশ–ভাবনা,new_low_w0_pany,0.2957047666230488,0,0
v18_0626,রেকর্ড গড়া ম্যাচে ইংল্যান্ডের ১৫০ রানে জয়,new_mid_w0_p0,0.6180706475111907,1,0
v18_1589,চাঁদপুরে সড়কে মা-ছেলেসহ নিহত ৫,corpus_expansion_5000,0.13024131768998384,0,1
v18_2223,"নানা স্থানে জঙ্গিবিরোধী শোভাযাত্রা, সমাবেশ",corpus_expansion_5000,0.17009360152742464,0,1
v18_2217,"গুলি, সংঘর্ষ, নির্বাচন বর্জন",corpus_expansion_5000,0.09763169782133935,0,1
v18_4483,"তখন বলেছিলেন যুদ্ধ, এখন বলছেন যুদ্ধ নয়",corpus_expansion_5000,0.3669674878685744,0,0
v18_1485,পাকিস্তানে ‘সম্মান রক্ষায়’ হত্যা: ব্যবস্থা নেয়ার নির্দেশ,corpus_expansion_5000,0.17921858498670093,0,1
v18_1739,অন্তর্দ্বন্দ্বে ‘আনাইয়া ডাকাত’ দলের ৩ জন নিহত,corpus_expansion_5000,0.11168808728458388,0,1
v18_2480,৭৭-এ সমরেশ মজুমদার,corpus_expansion_5000,0.32263931900913917,0,1
v18_2584,মাদক বিক্রেতাসহ গ্রেপ্তার ২৬,corpus_expansion_5000,0.17491898592996105,0,1
v18_2893,দিনাজপুরে বাসের ধাক্কায় নিহত ৩,corpus_expansion_5000,0.21560485737142204,0,1
v18_0149,দরিদ্র আদিবাসীদের মহানুভবতা...,new_mid_w0_p0,0.9541091101732422,1,0
v18_0676,ফরিদপুরে পাঁচটি আ. লীগ ও একটি জাপা নেতার,new_mid_w1_p0,0.30367456718167113,0,0
v18_1261,‘ভৌতিক খুনে’ তরুণীসহ গ্রেপ্তার ৪,corpus_expansion_5000,0.6008650213927951,1,1
v18_4917,ভারতের কোচ হওয়া হলো না হোয়াটমোরের,corpus_expansion_5000,0.3697711562818303,0,0
v18_0012,‘সুযোগ হারিয়েছে বাংলাদেশ’,new_low_w0_pany,0.6689124091320986,1,0
v18_1833,লাখাইয়ে দু’পক্ষের সংঘর্ষে আহত ৪০,corpus_expansion_5000,0.19000580961738978,0,1
v18_3248,ফেইসবুকের ইন্টারনেট হেলিকপ্টার প্রকল্প বন্ধ,corpus_expansion_5000,0.3782274956657841,0,0
v18_1491,ভুতুড়ে মামলা আতঙ্ক,corpus_expansion_5000,0.1982817053282624,0,1
v18_2727,চট্টগ্রামে বাঁশঝাড়ে নবজাতকের লাশ,corpus_expansion_5000,0.2060688837501653,0,1
v18_3686,"শাবি ভর্তি: অনুপস্থিত পরীক্ষার্থীও উত্তীর্ণ, পরে সংশোধন",corpus_expansion_5000,0.16551695481783088,0,0
v18_1424,‘বোমা ছুড়তে গিয়ে’ ট্রাকচাপায় নিহত ২,corpus_expansion_5000,0.12948441562258925,0,1
v18_4605,বিভিন্ন সংগঠনকে সুরক্ষা সামগ্রী আওয়ামী লীগ ত্রাণ উপকমিটির,corpus_expansion_5000,0.17942604086692265,0,0
v18_4595,আমার মাথার ওপর থেকে হাত সরিয়ে নেবেন না কখনো,corpus_expansion_5000,0.807824604596157,1,0
v18_0731,বিশ্বকাপে আইপিএলের নীতি অনুসরণের কথা বললেন কোহলি,new_mid_w1_p0,0.6050875542307014,1,0
v18_1231,ইরাকে বোমায় নিহত ১৯,corpus_expansion_5000,0.359843617042447,0,1
v18_1634,কাশ্মিরে ‘পুলিশ হত্যাকারী’ ৩ বিচ্ছিন্নতাবাদী নিহত,corpus_expansion_5000,0.1289881187076336,0,1
v18_3936,আন্তর্জাতিক হ্যান্ডবল প্রশিক্ষক কোর্স,corpus_expansion_5000,0.4322973095567889,1,0
v18_1210,‘বিডিআর হত্যাকাণ্ডে বিএনপি নেতারা জড়িত’,corpus_expansion_5000,0.5070799207074337,1,1
v18_3268,রেল স্টেশনে স্ক্যানার বসানোর সুপারিশ,corpus_expansion_5000,0.09275712042334121,0,0
v18_1934,"ঝড় ও শিলাবৃষ্টির তাণ্ডবে নিহত ৬, আহত ৩শ’",corpus_expansion_5000,0.11894091489323234,0,1
v18_0553,শুক্রবার সারা দিনে ইজতেমার যত আয়োজন,new_mid_w1_p1,0.2888319872842888,0,1
v18_0491,টেকেরহাটে ট্রাক-নছিমন সংঘর্ষে নিহত ৪,new_high_w1_pany,0.23861611801745986,0,1
v18_2962,"গোয়ালন্দে বর্ষার আগেই পদ্মা নদীতে ভাঙন শুরু, বিলীন হচ্ছে ফসলি জমি-ভিটা",corpus_expansion_5000,0.27741140413091364,0,0
v18_2329,কাজাখস্তানের ক্লিনিকে অগ্নিকাণ্ডে নিহত ৩৮,corpus_expansion_5000,0.32438175186790896,0,1
v18_2195,গলার পরীক্ষায় মাথার রিপোর্ট!,corpus_expansion_5000,0.7046678576890092,1,1
v18_3064,"খাদ্যগুদামের সামনে ট্রাকের সারি, যানজট",corpus_expansion_5000,0.3263297062015264,0,0
v18_0657,নীতি-নির্ধারকদের সঙ্গে খালেদার বৈঠক,new_mid_w1_p0,0.3069345615264783,0,0
v18_2374,‘আল কায়েদার দ্বিতীয় শীর্ষনেতাই ছিল মার্কিন ড্রোন হামলার লক্ষ্য’,corpus_expansion_5000,0.1749663684090651,0,1
v18_2225,টঙ্গীতে যুবককে পিটিয়ে হত্যার অভিযোগ,corpus_expansion_5000,0.13009425183043644,0,1
v18_4264,ফুটফুটে কন্যাশিশুকে বাঁচাতে বিশ্বজুড়ে বিরল রক্তের সন্ধান,corpus_expansion_5000,0.30093381222399707,0,0
v18_1170,দুর্ঘটনায় নারী নিহত,corpus_expansion_5000,0.4076543965940803,0,1
v18_0132,আনোয়ার ইব্রাহিম নির্দোষ,v17_reused,0.09119555960569434,0,0
v18_0471,শূন্য হাতে ফিরলেন আরও ১৩২ হতভাগা,new_low_w0_pany,0.19000580961738978,0,0
v18_3225,"নতুন রণক্ষেত্রে অ্যাপল, মাইক্রোসফট ও গুগল",corpus_expansion_5000,0.30093381222399707,0,0
v18_1405,ইরাকে হামলা করা ‘অনিবার্য’ ছিল না,corpus_expansion_5000,0.13518241857686253,0,1
v18_2876,ট্রাক-অটোরিকশা মুখোমুখি সংঘর্ষ নিহত ৩,corpus_expansion_5000,0.2344844413536289,0,1
v18_4504,টাঙ্গাইল ও রংপুরে প্রোগ্রামিং প্রতিযোগিতা,corpus_expansion_5000,0.3752431354790696,0,0
v18_4692,"ব্লুমফন্টেইনে বৃষ্টি, খেলা শুরু হবে দেরিতে",corpus_expansion_5000,0.34215752188393733,0,0
v18_2826,"আহ্, মরি বাংলা ভাষা!",corpus_expansion_5000,0.7186479536377646,1,1
v18_0287,"মোবাইলে উঁচুস্বরে কথা, ঠাকুরগাঁওয়ে যুবক খুন",v17_reused,0.09098610773196691,0,0
v18_1869,ঘটকালির টাকা চাওয়ায় পিটিয়ে হত্যা!,corpus_expansion_5000,0.8589373779514321,1,1
v18_3114,"যান চলাচলের জন্য খুলল মেঘনা, গোমতী সেতু",corpus_expansion_5000,0.4737632500619631,1,0
v18_3625,ছেলে-মেয়েদের মোবাইল থেকে দূরে রাখুন: শফী,corpus_expansion_5000,0.10609161458771768,0,0
v18_2312,দ্রুত বিচার আদালতে মঞ্জুরুল ইমাম ও বেলাল হত্যা মামলার শুনানি ২৫ জুন,corpus_expansion_5000,0.09093490490734064,0,1
v18_4923,তথ্যপ্রাপ্তির অধিকার নিশ্চিত করতে সরকার অঙ্গীকারাবদ্ধ: প্রধান উপদেষ্টা,corpus_expansion_5000,0.16079228470839807,0,0
v18_1618,‘সিরিয়াল কিলার’ নার্স!,corpus_expansion_5000,0.5141784998606367,1,1
v18_0994,বড়কর্তাদের দুর্নীতি,corpus_expansion_5000,0.0945363922261271,0,1
v18_1803,জেরুজালেম: ফিলিস্তিনিদের ‘ক্ষোভ দিবসে’সংঘর্ষে নিহত ২,corpus_expansion_5000,0.13182346395951008,0,1
v18_2642,‘হালকা’ অ্যাপ আনলো উবার,corpus_expansion_5000,0.24459280268009026,0,1
v18_4802,খাদ্যাভাবে ছিন্নমূল বিধবা ও শ্রমিকরা,corpus_expansion_5000,0.4689197373327512,1,0
v18_3535,এক দিন পর আবারও নিম্নমুখী শেয়ারবাজার,corpus_expansion_5000,0.3921913672632442,0,0
v18_4831,ইনফিনিটি ডিসপ্লে’র নতুন ফোন আনলো স্যামসাং,corpus_expansion_5000,0.3020559329753028,0,0
v18_3911,পাঁচশ টাকায়ও সনদ মেলে,corpus_expansion_5000,0.1133379569328199,0,0
v18_2107,সিদ্দিকুর ১৫ নম্বরে,corpus_expansion_5000,0.4413369854724032,1,1
v18_3044,সালানা ওরস মাহফিলে বক্তারা সৈয়্যদ আহমদ সিরিকোটি (রহ.) এদেশে দ্বীনি শিক্ষা প্রসারে কাজ করে গেছেন,corpus_expansion_5000,0.5136545245604056,1,0
v18_0416,আ.লীগের অনেকে মানেনি জঙ্গি আছে: শামীম ওসমান,v17_reused,0.5762372327688405,1,0
v18_0977,সাতক্ষীরায় জামায়াত কর্মীকে পিটিয়ে হত্যা!,corpus_expansion_5000,0.4946924945346076,1,1
v18_2417,চলমান অচলাবস্থা ও সন্ত্রাস,corpus_expansion_5000,0.3791169584791765,0,1
v18_0505,মশা মারার জন্য বরাদ্দই নেই ঢাকার ৩৬ ওয়ার্ডে,v17_reused,0.19000580961738978,0,1
v18_4152,ভারত থেকে বাংলাদেশে বেসরকারি চাল রপ্তানি নিয়ে অনিশ্চয়তা,corpus_expansion_5000,0.0945363922261271,0,0
v18_4255,ওয়াই-ফাইয়ের কাজ এলইডি বাল্বে,corpus_expansion_5000,0.43114365613316713,1,0
v18_3941,পণ্য বুঝে নিতে বন্দরে প্রবেশের সুযোগ চায় ট্রাক ও কাভার্ড ভ্যান মালিক সমিতি,corpus_expansion_5000,0.09290402515698817,0,0
v18_0414,ইউনিয়ন ডিজিটাল কেন্দ্রের উদ্যোক্তাদের জন্য নাগরিক সাংবাদিকতার প্রশিক্ষণ,new_mid_w1_p0,0.09223036816959922,0,0
v18_4148,বিপদসীমার উপরে খোয়াই নদীর পানি,corpus_expansion_5000,0.2001218854158135,0,0
v18_1183,বাদীই হত্যার পরিকল্পনাকারী!,corpus_expansion_5000,0.6640688950921171,1,1
v18_0485,দীপিকার ঘরে আসছে কি নতুন অতিথি?,new_low_w0_pany,0.9803850279112651,1,0
v18_0893,গুদামে অগ্নিকাণ্ড,corpus_expansion_5000,0.36835127139997426,0,1
v18_0805,খুনের ঘটনাস্থলে ‘বন্দুকযুদ্ধে’ আসামি নিহত,corpus_expansion_5000,0.09147320230911851,0,1
v18_0555,হেরাথের বিদায়ী টেস্টে ইংল্যান্ডের স্মরণীয় জয়,v17_reused,0.5434738198858534,1,0
v18_3825,মোবাইলের ব্যাটারি চার্জ মিনিটেই,corpus_expansion_5000,0.30093381222399707,0,0
v18_1197,সিআইডির হেফাজতে ‘অপহরণকারী’র মৃত্যু,corpus_expansion_5000,0.19136147003885842,0,1
v18_4253,বৃষ্টির কারণে বি. লিগের খেলা বন্ধ,corpus_expansion_5000,0.22311587068072297,0,0
v18_4058,গফরগাঁওয়ে আ.লীগ নেতাকে কুপিয়ে জখম,corpus_expansion_5000,0.12996952769818473,0,0
v18_1293,নড়াইলে পুলিশের সঙ্গে কথিত ‘বন্দুকযুদ্ধে’ নিহত ১,corpus_expansion_5000,0.2060688837501653,0,1
v18_2221,"উত্তপ্ত দার্জিলিং: পুলিশ-আন্দোলনকারী সংঘর্ষ, নিহত ২",corpus_expansion_5000,0.43188913056218264,1,1
v18_3504,"যে-ই ক্ষমতায় আসুক, উন্নয়নে বাধা দিতে পারবে না",corpus_expansion_5000,0.12331193880819563,0,0
v18_3654,"নৌকার মাঝি ব্যারিস্টার তাপস, ইশরাক পেলেন ধানের শীষ",corpus_expansion_5000,0.37710328745049354,0,0
v18_4758,রোনালদোয় মুগ্ধ টটেনহ্যাম কোচ,corpus_expansion_5000,0.7139774023952976,1,0
v18_3006,পানির দরে দুধ বিক্রি গোখাদ্যের দাম চড়া,corpus_expansion_5000,0.38396654254337,0,0
v18_2093,করোনা পরীক্ষায় প্রতারণায় কঠোর সরকার,corpus_expansion_5000,0.13658073296963624,0,1
v18_2187,গুগল দর্পণে নিজেকে খোঁজা!,corpus_expansion_5000,0.6759874883291183,1,1
v18_3036,পোশাক শিল্পে দীর্ঘমেয়াদি ঋণ দেবে প্রাইম ব্যাংক,corpus_expansion_5000,0.2101237771501361,0,0
v18_3918,বাংলাদেশের জন্য আরও টেস্ট চান হ্যাডলি,corpus_expansion_5000,0.6621060124805465,1,0
v18_1272,হঠাৎ আতঙ্ক সিলেটজুড়ে,corpus_expansion_5000,0.3302991176393585,0,1
v18_0290,"টেকনাফে টর্নেডো, ঘরবাড়ি লন্ডভন্ড",new_high_w1_pany,0.21926659134255183,0,0
v18_4827,ভোলায় ইলিশ ধরার অপরাধে আটক ১১ জেলের কারাদন্ড ৪ জনকে জরিমানা,corpus_expansion_5000,0.0945363922261271,0,0
v18_0252,"কাপড়ের রঙে দই, মিষ্টি ঘনচিনির কেক ও বিস্কুট",v17_reused,0.18723715531487556,0,0
v18_3245,ছাত্র-শিক্ষকদের রাজনীতি বন্ধের দাবি উপাচার্যদের,corpus_expansion_5000,0.09327507500397392,0,0
v18_0350,ঢাকায় বিএনপি প্রার্থীরা মাঠে নামেননি,new_mid_w0_p0,0.27508847495341626,0,0
v18_1187,বাসে আগুন: রাজধানীতে গ্রেপ্তার ৭,corpus_expansion_5000,0.09078269864042326,0,1
v18_1961,‘সবজান্তা’ ফেইসবুক!,corpus_expansion_5000,0.8935311633689003,1,1
v18_0422,শিল্পকলায় ছুটির দিনে তিন নাটক,v17_reused,0.8235142348680504,1,0
v18_0090,সালমানের ‘জয় হো’,new_mid_w0_p0,0.797509549022906,1,0
v18_3729,কলমাকান্দায় শিক্ষক-কর্মচারী কো-অপারেটিভের নির্বাচন,corpus_expansion_5000,0.4076543965940803,0,0
v18_2236,কেরাণীগঞ্জে বিধবা তরুণীকে ‘দলবেঁধে ধর্ষণ’,corpus_expansion_5000,0.13926040150139987,0,1
v18_0670,বাংলাদেশের গার্মেন্টস খাত সংস্কার নিয়ে আমেরিকান-ইউরোপীয় কলহ,new_high_w1_pany,0.30093381222399707,0,1
v18_3040,কৈলাসটিলা ও হরিপুরে নতুন তেল মজুদ,corpus_expansion_5000,0.1716342107843224,0,0
v18_0026,মান্নান ভূঁইয়াকে দেখতে হাসপাতালে জলিল,v17_reused,0.1510316190831202,0,0
v18_0429,পরিস্থিতি ডালেচালে খিচুড়ি বানিয়ে ফেলেছে ঐক্যফ্রন্ট: আ’লীগ,new_high_w1_pany,0.2867161565183974,0,1
v18_0683,কৃষি ও আর্থিক খাতে ৪৭ কোটি ডলার দেবে বিশ্বব্যাংক,v17_reused,0.1353199798207458,0,0
v18_4463,ফোবানা সম্মেলনে নিষিদ্ধ হলেন কুদরত-ই-খুদা,corpus_expansion_5000,0.13317580135655938,0,0
v18_3945,হুমায়ূন স্মৃতি জাদুঘর সবারই চাওয়া,corpus_expansion_5000,0.5295636643669325,1,0
v18_3523,"স্ট্রেস কমাবে আদা, লেবু ও মধুর মিশ্রণ",corpus_expansion_5000,0.4413369854724032,1,0
v18_1541,ময়মনসিংহে কিশোর-কিশোরীর ‘আত্মহত্যা’,corpus_expansion_5000,0.5671363461189338,1,1
v18_2031,পরিবেশ নেই: এরশাদ,corpus_expansion_5000,0.3540315113521409,0,1
v18_2232,শেরপুরে রাজমিস্ত্রিকে কুপিয়ে হত্যা,corpus_expansion_5000,0.24260468455107928,0,1
v18_4120,হাতিয়ায় আগুনে ৭টি ঘর পুড়ে ছাই,corpus_expansion_5000,0.3858249094937707,0,0
v18_3235,চট্টগ্রাম বন্দরে দুটি জাহাজকে এক লাখ টাকা জরিমানা,corpus_expansion_5000,0.1476023763660605,0,0
v18_0254,ঘরের মাঠে প্রত্যয়ী আবাহনী,new_low_w0_pany,0.4413369854724032,1,0
v18_1029,হামলার জবাব ‘ব্যালট বিপ্লবে’ হবে: নোমান,corpus_expansion_5000,0.4942664057230253,1,1
v18_4392,ইনিংস বড় করতে না পারার হতাশা রিয়াদের,corpus_expansion_5000,0.2522780573348353,0,0
v18_3800,সাভারের ইউএনও প্রত্যাহার,corpus_expansion_5000,0.17290200258106314,0,0
v18_4310,প্রথম দিনেই সক্রিয় পাইবাস,corpus_expansion_5000,0.8079354490696222,1,0
v18_2509,জঙ্গিবাদের বিরুদ্ধে জয় অবশ্যম্ভাবী,corpus_expansion_5000,0.4166164732552727,0,1
v18_2292,মিজান টাওয়ার ‘ঝুঁকিপূর্ণ’,corpus_expansion_5000,0.20116504675408792,0,1
v18_1323,"‘জঙ্গি আস্তানায়’ বিস্ফোরণের ঘটনায় ‘অপমৃত্যু’ মামলা, গ্রেপ্তার ২",corpus_expansion_5000,0.20574842186859335,0,1
v18_1550,‘চোখটেপা’ যাবে ফেইসবুকে!,corpus_expansion_5000,0.6759874883291183,1,1
v18_4647,পাবনা শহর এখন সিসি ক্যামেরার নজরদারিতে,corpus_expansion_5000,0.09328912698792269,0,0
v18_0315,১৪ গোল খেয়েও শিরোপা জেতা যায়!,new_mid_w1_p0,0.94760564133167,1,0
v18_1242,সব অভিযোগ কৌশলগত কারণে!,corpus_expansion_5000,0.4737692901311317,1,1
v18_2450,বাংলাদেশে ‘মীরাক্কেল ৯' অভিযান,corpus_expansion_5000,0.26116944252095853,0,1
v18_1578,মিশরে বোমা হামলায় ৬ পুলিশসহ নিহত ৯,corpus_expansion_5000,0.36167968966794356,0,1
v18_4625,চট্টগ্রাম বন্দরের চেয়ারম্যানকে হাইকোর্টে তলব,corpus_expansion_5000,0.0930798214876687,0,0
v18_3116,"পশ্চিমবঙ্গে বিধানসভা নির্বাচনে তৃণমূল, বিজেপির বিরুদ্ধে জোট গড়বে সিপিএম-কংগ্রেস",corpus_expansion_5000,0.3921913672632442,0,0
v18_0069,নতুন ইসি নিয়ে ২০ দলের আনুষ্ঠানিক প্রতিক্রিয়া আজ,v17_reused,0.08973846597076911,0,0
v18_0859,প্রাইভেটকারে উঠিয়ে ছিনতাই: ৬ প্রতারক গ্রেপ্তার,corpus_expansion_5000,0.27999714913688867,0,1
v18_2753,১ ডলার বিনিয়োগ করে পেয়েছেন ৯০ হাজার ডলার!,corpus_expansion_5000,0.8424938036840298,1,1
v18_1632,‘নিজামীর নির্দেশে বাবাকে হত্যা করে’,corpus_expansion_5000,0.23438071826996126,0,1
v18_1650,"মাদারীপুরে কিশোরীকে ‘দলবেঁধে ধর্ষণ’, গ্রেপ্তার ৩",corpus_expansion_5000,0.1650431120373858,0,1
v18_3860,বহুল আলোচিত আইসিটি বিল পাস,corpus_expansion_5000,0.7399146765263992,1,0
v18_3106,প্রাথমিকে নারী শিক্ষক হতে লাগবে স্নাতক ডিগ্রি,corpus_expansion_5000,0.1353199798207458,0,0
v18_1074,জঙ্গি আমরা কন্ট্রোলে এনেছি: স্বরাষ্ট্রমন্ত্রী,corpus_expansion_5000,0.26400879590175635,0,1
v18_4001,বাংলাদেশের সাম্প্রদায়িক দাঙ্গার ঘটনায় লস অ্যাঞ্জেলসে বিক্ষোভ,corpus_expansion_5000,0.4710874999268012,1,0
v18_0787,খেলাপি ঋণ বন্ধে আইন সংশোধন করা হচ্ছে,v17_reused,0.39944461489012417,0,0
v18_2605,কাবুলে আত্মঘাতী বোমা হামলায় স্কুলছাত্রসহ নিহত ১৮,corpus_expansion_5000,0.0945363922261271,0,1
v18_3630,গিনেস বুকে রেকর্ড গড়ায় জুবায়েরকে বরিশাল জেলা প্রশাসনের সংবর্ধনা,corpus_expansion_5000,0.600941415406987,1,0
v18_2121,সিরাজগঞ্জে যুবককে জবাই করে হত্যা,corpus_expansion_5000,0.1133379569328199,0,1
v18_1874,ঝাড়-ফুঁকের নামে তরুণী ধর্ষণ!,corpus_expansion_5000,0.6151945341354638,1,1
v18_0811,তনু হত্যা: ২য় ময়নাতদন্ত রিপোর্ট ‘রোববার’,corpus_expansion_5000,0.10642825976039282,0,1
v18_0387,প্রশ্ন আহবান,new_low_w0_pany,0.5595610983038893,1,0
v18_2882,‘হার্ড লাইন’ ছাড়ুন: মওদুদ,corpus_expansion_5000,0.1986171255102997,0,1
v18_1175,আফগানিস্তানে আত্মঘাতী হামলায় নিহত ৩,corpus_expansion_5000,0.1353199798207458,0,1
v18_3197,হকি ও ভলিবল ফেডারেশনে নতুন কমিটি,corpus_expansion_5000,0.13187443922208547,0,0
v18_2623,সড়ক দুর্ঘটনায় নারী নিহত,corpus_expansion_5000,0.16079228470839807,0,1
v18_1351,"‘ষড়যন্ত্রমূলক নাশকতার’ মামলা, আসামি বিএনপি-জামায়াতের ২৫৩ জন",corpus_expansion_5000,0.10628155034843093,0,1
v18_0410,নতুন টুর্নামেন্ট চ্যাম্পিয়নস কাপ,new_mid_w1_p0,0.4730375590610485,1,0
v18_4212,দেশের অগ্রযাত্রা পৌঁছে দিতে উন্মোচিত হলো ‘মোদের আশা’,corpus_expansion_5000,0.6974874866511146,1,0
v18_0109,সুনামগঞ্জে পুলিশের ওপর হামলা মামলায় আ. লীগ নেতা কারাগারে,new_high_w1_pany,0.12992427629918116,0,1
v18_4995,স্যার ফজলে হাসান আবেদের মৃত্যুতে অর্থমন্ত্রীর শোক,corpus_expansion_5000,0.30093381222399707,0,0
v18_3429,বিদেশে সরাসরি বিনিয়োগের সুযোগ পাবেন দেশের উদ্যোক্তারা,corpus_expansion_5000,0.16581019963743934,0,0
v18_2809,‘অবরোধ-হরতালে জীবন শেষ’,corpus_expansion_5000,0.15112645034169045,0,1
v18_2594,জাতীয় স্লোগান ‘জয় বাংলা’,corpus_expansion_5000,0.0945363922261271,0,1
v18_2836,"দুই ছাত্রকে হাত-পা বেঁধে পানিতে ফেলে হত্যা, পরে মুক্তিপণ দাবি!",corpus_expansion_5000,0.9291515283674485,1,1
v18_2372,"সুবর্ণচরে এবার ধর্ষণের শিকার স্কুলছাত্রী, গ্রেপ্তার ২",corpus_expansion_5000,0.08952587530964584,0,1
v18_1235,জঙ্গিবাদ দমন নিয়ে ‘কনভেনশন’ করব: হান্নান শাহ,corpus_expansion_5000,0.09743590565070519,0,1
v18_2146,গানপুরিয়া’র ‘প্রেমের অপচয়’,corpus_expansion_5000,0.8784590901281101,1,1
v18_4975,ধীরগতিতে বন্ধ হচ্ছে কম্পিউটার?,corpus_expansion_5000,0.8788270942950884,1,0
v18_0599,ফিরে আসছেন গায়ক আলতাফ রাজা,v17_reused,0.585934620887289,1,0
v18_1434,"ভালুকায় ভবনে বিস্ফোরণ, নিহত ১",corpus_expansion_5000,0.10970988154296069,0,1
v18_4996,ডিজিটাল নিরাপত্তার নামে কালো আইন বাতিল করতে হবে-প্রিন্সিপাল সৈয়দ মোসাদ্দেক বিল্লাহ আল-মাদানী,corpus_expansion_5000,0.24930434519663175,0,0
v18_0538,ভোলায় জোয়ারের পানিতে ডুবছে ঘরবাড়ি,v17_reused,0.18645077074759014,0,0
v18_0721,"মমতা নয়, কথা বলব মোদির সঙ্গে: এরশাদ",new_mid_w1_p1,0.33994530720946375,0,1
v18_4410,লোভে পড়ে পুঁজিবাজারে আসা যাবে না: নতুন অর্থমন্ত্রী,corpus_expansion_5000,0.2297857772212057,0,0
v18_1872,কাপ্তাইয়ে ধর্ষণের ঘটনায় গ্রেপ্তার ১,corpus_expansion_5000,0.1650268686754828,0,1
v18_2845,আ.লীগের সম্মেলনস্থলে সংঘর্ষ,corpus_expansion_5000,0.15395163168160053,0,1
v18_2053,নাশকতার তিন মামলার ‘সংক্ষিপ্ত’ জামিন চ্যালেঞ্জ ফখরুলের,corpus_expansion_5000,0.17657791179646498,0,1
v18_2907,এক লাখ টাকার জাল নোটের দাম ৮০০০ টাকা,corpus_expansion_5000,0.13837925060607495,0,0
v18_2254,হরিপুরে ৫ শিশুকে ১৫ দিনেও ফেরত দেয়নি বিএসএফ,corpus_expansion_5000,0.14694012488252536,0,1
v18_3912,জাপানি বিনিয়োগে ভোলায় শিল্পপার্ক,corpus_expansion_5000,0.32263931900913917,0,0
v18_0177,কিশোরগঞ্জে ধানে আগুন ধরিয়ে কৃষকদের প্রতিবাদ,new_mid_w1_p1,0.28664445863036175,0,1
v18_2890,বাংলাদেশের বিপক্ষে ভারত ‘এ’ দলে ৩ স্পিনার,corpus_expansion_5000,0.6229465733397762,1,1
v18_3673,‘সিজারিয়ান’ কমাতে ছয় মাসের মধ্যে নীতিমালা চায় হাই কোর্ট,corpus_expansion_5000,0.11395090366066256,0,0
v18_0080,কারণ ছাড়াই বাড়ছে ইনফর্মেশন সার্ভিসেসের দর,new_high_w1_pany,0.36835127139997426,0,0
v18_2561,ঘুরতে গিয়ে ছিনতাইয়ের শিকার ৫০ শিক্ষার্থী,corpus_expansion_5000,0.19000580961738978,0,1
v18_1723,ধান কাটা নিয়ে সংঘর্ষ আহত : ২৫,corpus_expansion_5000,0.1133379569328199,0,1
v18_1617,৩৮ জনের যোগসাজশে তরুণীকে ধর্ষণ,corpus_expansion_5000,0.17886856844175716,0,1
v18_1654,‘প্রেসক্লাবে জঙ্গিগোষ্ঠীর বৈঠকের খবর পুলিশের হাতে’,corpus_expansion_5000,0.09009255697936207,0,1
v18_2328,"ফেরিতে ওঠা নিয়ে যাত্রী-বাসশ্রমিক সংঘর্ষ, নিহত ১",corpus_expansion_5000,0.25301496925912237,0,1
v18_4613,ফার্স্ট ফিন্যান্সেও পর্যবেক্ষক,corpus_expansion_5000,0.28165820656492846,0,0
v18_0221,লতিফের বিচার দাবির মানববন্ধনে পুলিশের গুলি,v17_reused,0.12873041427414791,0,0
v18_0093,টাকা পরিশোধের শর্তে রবির রিট মামলা নিষ্পত্তি,new_high_w1_pany,0.1353199798207458,0,1
v18_2609,মানিকগঞ্জে বাস-টেম্পো সংঘর্ষে নিহত ৭,corpus_expansion_5000,0.1458660916797508,0,1
v18_3382,ট্রান্সফরমারের জন্য টাকা লাগছে পিডিবি গ্রাহকদের,corpus_expansion_5000,0.18148394044730057,0,0
v18_4415,সার্জিও রামোসের ব্যবহারবিধি,corpus_expansion_5000,0.5939625190662481,1,0
v18_1397,কায়রোয় সংঘর্ষ চলছে,corpus_expansion_5000,0.12997659983359508,0,1
v18_4686,লৌহজংয়ে হিন্দু পরিবারগুলো গ্রামে ফিরলেও আতঙ্ক কাটেনি,corpus_expansion_5000,0.17882087986833212,0,0
v18_1292,ধরা পড়ার পর জঙ্গি হাফেজ ‘বন্দুকযুদ্ধে’ নিহত,corpus_expansion_5000,0.0928696650988737,0,1
v18_2164,টেকনাফে বিজিবি ও পুলিশের সঙ্গে পৃথক ‘বন্দুকযুদ্ধে’ নিহত ৪,corpus_expansion_5000,0.21093841116397974,0,1
v18_2939,মাতারবাড়ি বিদ্যুৎ প্রকল্পে ১৩১ কোটি ডলার দিচ্ছে জাপান,corpus_expansion_5000,0.0945363922261271,0,0
v18_3668,তোবা শ্রমিকদের দুই মাসের বেতন বুধবার,corpus_expansion_5000,0.18889804858224815,0,0
v18_0812,খাসোগি হত্যায় ‘হাইড্রোফ্লুরিক’ অ্যাসিড,corpus_expansion_5000,0.31354072118734344,0,1
v18_1258,আসছে ‘রকনেশন সেভেন: সামারস্টর্ম’,corpus_expansion_5000,0.16857217928819485,0,1
v18_0889,পাংশায় পুলিশের সঙ্গে ‘বন্দুকযুদ্ধে’ নিহত ২,corpus_expansion_5000,0.1353199798207458,0,1
v18_1451,জঙ্গিবাদের দিনে রামপাল কেন?,corpus_expansion_5000,0.9278823656755223,1,1
v18_3316,টাকার বিনিময়ে ট্রেনের ছাদে ও ইঞ্জিনে ভ্রমণের সুযোগ?,corpus_expansion_5000,0.5800826763850746,1,0
v18_2559,বগুড়ায় সড়ক দুর্ঘটনায় শিশুসহ নিহত ২,corpus_expansion_5000,0.15439970760695673,0,1
v18_3574,কারখানার পরিবেশ উন্নতির জন্য আরও সময় দিতে হবে,corpus_expansion_5000,0.3406225382975426,0,0
v18_2680,নিশো-তিশার ‘জোনাকির রঙ’,corpus_expansion_5000,0.8901892463175994,1,1
v18_4651,করোনায় আরও ৪৪ মৃত্যু,corpus_expansion_5000,0.16079228470839807,0,0
v18_4811,নেইমারকেই দেখছেন দেল পিয়েরো,corpus_expansion_5000,0.7591133572481977,1,0
v18_4679,রাজার পদত্যাগপত্রের খসড়া,corpus_expansion_5000,0.8784590901281101,1,0
v18_2964,পার্বত্য চট্টগ্রামের পর্যটন তুলে ধরতে সাইকেল চালনা,corpus_expansion_5000,0.3121966610993936,0,0
v18_2672,১১৯ বলে খেলে ০ রান!,corpus_expansion_5000,0.9467855558670273,1,1
v18_0561,যশোরে দুস্কৃতকারীদের ছুরিকাঘাতে দোকান কর্মচারী নিহত,new_mid_w1_p1,0.17890108864865745,0,1
v18_2778,খুলনায় বাস-ইজিবাইক সংঘর্ষে নিহত ৪,corpus_expansion_5000,0.25431944370254694,0,1
v18_2948,একাডেমিকে বেসরকারি খাতে দিচ্ছে বাফুফে,corpus_expansion_5000,0.16967643861982618,0,0
v18_2817,বন্দুকযুদ্ধে নিহত তিন,corpus_expansion_5000,0.3020559329753028,0,1
v18_2758,ফেনীতে বিশেষ অভিযানে গ্রেপ্তার ৪১,corpus_expansion_5000,0.2574823647141369,0,1
v18_1756,শিশুকে ‘ধর্ষণের পর হত্যা’,corpus_expansion_5000,0.2661372579035311,0,1
v18_0724,ডেঙ্গু সচেতনতায় মশারি প্রদান,new_mid_w0_p0,0.1861725760704697,0,0
v18_0219,ফের প্রেসিডেন্ট হয়ে মন্ত্রণালয়ে পরিবর্তন শি জিনপিংয়ের,new_mid_w1_p0,0.2060688837501653,0,0
v18_4139,বন্দর প্রকৌশলীকে মারধরের মামলায় আ. লীগ নেতা কারাগারে,corpus_expansion_5000,0.0945363922261271,0,0
v18_3957,বাসযোগ্য আধুনিক শহর গড়তে চাই,corpus_expansion_5000,0.4093327511654775,0,0
v18_1588,কোহলি-আনুশকার যে সেলফিতে ১৫ লাখ ‘লাইক’!,corpus_expansion_5000,0.981310202613338,1,1
v18_3347,সু চির কানাডার নাগরিকত্ব বাতিলের দাবি,corpus_expansion_5000,0.18837344250554755,0,0
v18_3970,"সড়কে বড় বড় গর্ত ও কাদা–পানি, দুর্ভোগ",corpus_expansion_5000,0.30093381222399707,0,0
v18_4707,‘ক্যাচটি আরেকটু ক্লোজ করে দেখলে ভালো হতো’,corpus_expansion_5000,0.6086889203030982,1,0
v18_0043,বৃহস্পতিবার থেকে ঢাকায় শুরু হচ্ছে আরসিজি সম্মেলন,new_low_w0_pany,0.1133379569328199,0,0
v18_3001,লেবাননে প্রবাসীদের সঙ্গে রাষ্ট্রদূতের মতবিনিময়,corpus_expansion_5000,0.24658569031706137,0,0
v18_0210,কেন্দ্রীয় ব্যাংকের ক্রেডিট ইনফরমেশন ব্যুরো অনলাইন হবে,new_mid_w1_p1,0.16611036594773676,0,1
v18_0677,রংপুরবাসীর কাছে ঋণী হয়ে গেছি: আকবর আলী,v17_reused,0.20165843188068572,0,0
v18_0354,ভৈরবে জ্বালানি তেল ব্যবসায়ীর লাশ উদ্ধার নয়জন আটক,new_high_w1_pany,0.18427617227441978,0,0
v18_1433,‘হত্যাতত্ত্ব বাজারজাতের চেষ্টায় খালেদা’,corpus_expansion_5000,0.24966208450370822,0,1
v18_0949,খুলনায় মেয়েকে ‘খুন’ করে বাবার ‘আত্মহত্যা’,corpus_expansion_5000,0.17212265519427414,0,1
v18_2843,ঢাবিতে ছাত্রলীগের হামলায় আহত ৩ ছাত্র,corpus_expansion_5000,0.10663808604295785,0,1
v18_0577,ওবামার ব্যক্তিগত ই-মেইল ফাঁস করল উইকিলিকস,new_mid_w1_p0,0.6235105900572606,1,0
v18_3928,আইএফআইসি ব্যাংকের নতুন ডিএমডি মনিতুর,corpus_expansion_5000,0.17491898592996105,0,0
v18_0544,টেস্ট অব ব্রিটেন কারি ফেস্টিভ্যাল এবার দিল্লীতে,v17_reused,0.30093381222399707,0,0
v18_0367,১৩২৬ মনোনয়ন ফরম প্রথম দিনেই বিক্রি,new_low_w0_pany,0.5572635544250709,1,0
v18_1612,‘গুলি বিনিময়ে’ মৃত্যু: পুলিশের বিরুদ্ধে মামলা,corpus_expansion_5000,0.31354072118734344,0,1
v18_3550,"চট্টগ্রামে ওষুধের কারখানা সিলগালা, জরিমানা",corpus_expansion_5000,0.19000580961738978,0,0
v18_3716,দায়িত্ব পাচ্ছে দুই সিটি,corpus_expansion_5000,0.1618722514109742,0,0
v18_3779,সিলেট-২ আসনে বিভেদ ভুলে নৌকা প্রতীকের দাবিতে ওসমানীনগরে মহাসড়ক অবরোধ,corpus_expansion_5000,0.9498598769459905,1,0
v18_0135,১৩ লাখ ঘনমিটার বর্জ্য পড়ছে নদীতে,new_low_w0_pany,0.36835127139997426,0,0
v18_4480,খালেদার বাসায় সাইফুর-মাহবুব-মিলন,corpus_expansion_5000,0.18364397224064638,0,0
v18_1437,জঙ্গি সন্দেহে আটক ৬,corpus_expansion_5000,0.19000580961738978,0,1
v18_0047,রিয়ালের জন্য বার্সেলোনাকে ফেরালেন ব্রাজিলের ভিনিসিউস,new_mid_w1_p1,0.30093381222399707,0,1
v18_1360,তিন জেলায় ‘বন্দুকযুদ্ধে’ তিন মাদক ব্যবসায়ী নিহত,corpus_expansion_5000,0.09353022216765373,0,1
v18_0734,মাঝ আকাশে স্বামীর পরকীয়া ধরে ফেলায়...,new_mid_w0_p0,0.4346520686834192,1,0
v18_1534,বাগেরহাটে ধর্ষণ: গ্রেপ্তার আরও ২,corpus_expansion_5000,0.10665008879905981,0,1
v18_2004,কুমারখালীতে সংঘর্ষ গোলাগুলিতে নিহত ১,corpus_expansion_5000,0.3232890332596617,0,1
v18_3795,রাশিয়ায় প্রেসিডেন্টের মেয়াদ বাড়ানোর বিলে এমপিদের সমর্থন,corpus_expansion_5000,0.2060688837501653,0,0
v18_2519,ভারতীয় বাহিনীর গুলিতে পাকিস্তানের ১০ কমান্ডো নিহত: ইন্ডিয়া টুডে,corpus_expansion_5000,0.2601425988962303,0,1
v18_1972,নাইজেরিয়ায় বিস্ফোরণে নিহত ৩৮,corpus_expansion_5000,0.1239110617250224,0,1
v18_0996,"সিঁধ কেটে ধর্ষণ, ছাত্রদল নেতাসহ গ্রেফতার ৩",corpus_expansion_5000,0.1064136064497916,0,1
v18_0061,লক্ষ্মীপুরে পুকুরে গোসল করতে গিয়ে যুবকের মৃত্যু,new_mid_w1_p1,0.3921913672632442,0,1
v18_1108,জঙ্গিবাদ মোকাবিলায় ঐক্যবদ্ধ হওয়ার আহ্বান ১৪ দলের,corpus_expansion_5000,0.2332402805873797,0,1
v18_2405,ট্রেনের বগিতে ছাত্রীর লাশ,corpus_expansion_5000,0.32714116095296375,0,1
v18_0095,চট্টগ্রামে ভেজাল ট্যাং পাউডারের কারখানা সিলগালা,new_low_w0_pany,0.1353199798207458,0,0
v18_0478,ভোট দেননি আমীর খসরু নোমান সুফিয়ান,v17_reused,0.40554973669207645,0,0
v18_4359,তিস্তার ডুবোচরে আটকালো ট্রানজিট,corpus_expansion_5000,0.1614187607081555,0,0
v18_4112,মাদকদ্রব্য নিয়ন্ত্রণ অধিদফতরের ২৮তম প্রতিষ্ঠাবার্ষিকী,corpus_expansion_5000,0.38019406710566495,0,0
v18_3707,মহিষলুটি মৎস্য আড়তে বাড়তি খাজনা আদায়ের অভিযোগ,corpus_expansion_5000,0.11465663959725723,0,0
v18_1101,প্রধানমন্ত্রীকে ‘হত্যার উসকানি’: ইরাদ সিদ্দিকী কারাগারে,corpus_expansion_5000,0.1650081392547073,0,1
v18_2746,পাকিস্তানে বোমা হামলায় নিহত ১৩,corpus_expansion_5000,0.0945363922261271,0,1
v18_2170,"গোপালগঞ্জে ৩ গাড়ির সংঘর্ষ, ব্যাংকার নিহত",corpus_expansion_5000,0.2060688837501653,0,1
v18_0322,ভারতের ২২ বিমানবন্দরে সতর্কতা,new_low_w0_pany,0.1133379569328199,0,0
v18_4254,জানতাম সাধারণ ক্ষমার পর রাজাকার একদিন মন্ত্রী হবে,corpus_expansion_5000,0.18919878609055485,0,0
v18_3142,দুটি গ্যাস সঞ্চালন লাইন স্থাপনে ঠিকাদার নিয়োগ,corpus_expansion_5000,0.0945363922261271,0,0
v18_3537,উত্তরাঞ্চল ও সিলেটের নদ-নদীতে পানি বাড়ছে,corpus_expansion_5000,0.45519995882046665,1,0
v18_4925,কারাগারের জায়গায় শিশুপার্ক নির্মাণের দাবি,corpus_expansion_5000,0.19000580961738978,0,0
v18_2924,জলবায়ু পরিবর্তন নিয়ে আরো সহযোগিতার ডাক,corpus_expansion_5000,0.2411447352040636,0,0
v18_1149,সেই ডিসির নারী কেলেঙ্কারির সত্যতা,corpus_expansion_5000,0.8751617586529056,1,1
v18_3617,আমিরাতে ভালো নেই স্বল্প পুঁজির ব্যবসায়ীরা,corpus_expansion_5000,0.4416101760450298,1,0
v18_0291,মানুষের ভাগ্যোন্নয়নে কাজ করতে চাই,v17_reused,0.515514431480711,1,0
v18_3749,ভক্তের ডাকে সাড়া দিয়ে পাকিস্তানে খেলতে যাবেন কোহলি?,corpus_expansion_5000,0.9779097474396319,1,0
v18_3586,পশুর হাটে মাঝারি গরুর চাহিদা বেশি,corpus_expansion_5000,0.4165568777450921,0,0
v18_0533,ভারতে পাচারকালে নারী ও শিশুসহ আটক ৩৫,new_low_w0_pany,0.20127492807135275,0,0
v18_3607,খুলনা রেলওয়ের জমি উদ্ধারে কর্তৃপক্ষ নীরব,corpus_expansion_5000,0.182171882383766,0,0
v18_2648,বেনাপোলে পিস্তল ও গুলি উদ্ধার,corpus_expansion_5000,0.1476023763660605,0,1
v18_4810,ব্যাংক খাতের জন্য নৈতিকতার মানদণ্ড তৈরির পরামর্শ,corpus_expansion_5000,0.39919555479251,0,0
v18_1983,সেই সবুজ বেষ্টনী হত্যা শুরু,corpus_expansion_5000,0.11233631336678146,0,1
v18_2932,ঝিনাইদহ জেলা প্রশাসকের কার্যালয়ে নিয়োগ,corpus_expansion_5000,0.36835127139997426,0,0
v18_1536,‘মাদকাসক্ত’ যুবকের কোপে আহত ৭,corpus_expansion_5000,0.18323315789670946,0,1
v18_4534,কোটচাঁদপুরের মেয়র স্বতন্ত্র প্রার্থী,corpus_expansion_5000,0.5171868926947306,1,0
v18_4172,দেবের 'রূপ' লুকাতে মোবাইল নিষেধাজ্ঞা,corpus_expansion_5000,0.8249155340707216,1,0
v18_3360,নেইমারের দাম = পুরো ফুটবল দল,corpus_expansion_5000,0.6440002025027604,1,0
v18_3665,সড়ক আইন বাস্তব সম্মত নয়,corpus_expansion_5000,0.30747780563823696,0,0
v18_4005,তারপরও আন্দোলনে প্রাথমিক শিক্ষকরা,corpus_expansion_5000,0.09221772379662668,0,0
v18_3626,মাইক্রোসফট পিক্সে পাওয়া যাবে ভালো ছবি,corpus_expansion_5000,0.367578744010231,0,0
v18_0586,অন্যের ব্যাট–প্যাড দিয়ে খেলেই আজকের নাসির,v17_reused,0.535284899234229,1,0
v18_3256,মংলা-ঘসিয়াখালি খালে অজস্র অবৈধ বাঁধ ও ঘের,corpus_expansion_5000,0.39330088883362563,0,0
v18_2298,নবজাতক কন্যা বলে...,corpus_expansion_5000,0.3076534714043194,0,1
v18_3988,বরিশালে ভিসির পদত্যাগ দাবিতে মাঠে শিক্ষার্থীদের সঙ্গে শিক্ষকরা,corpus_expansion_5000,0.1048336059041826,0,0
v18_0584,পিকেটিং করায় চাঁদপুরে শিবিরকর্মী দণ্ডিত,v17_reused,0.21130476167907544,0,0
v18_2423,হাসির পাত্রী দিশা পাটানি!,corpus_expansion_5000,0.9767848835180213,1,1
v18_1391,অমিতাভ কেঁদেছিলেন!,corpus_expansion_5000,0.9833815127729846,1,1
v18_4525,ভেসে গেছে কৃষি-নায়কদের স্বপ্ন,corpus_expansion_5000,0.44661532318702185,1,0
v18_4920,‘মাওয়ায় পুরোদমে ফেরি পারাপার রাত থেকেই’,corpus_expansion_5000,0.1741253108604744,0,0
v18_4800,বহদ্দারহাট ফ্লাইওভার প্রকল্পে নতুন পরিচালক,corpus_expansion_5000,0.16079228470839807,0,0
v18_3240,আশুলিয়া-কমলাপুর মেট্রোরেল পিপিপিতে অর্থায়নে আগ্রহী জাপান,corpus_expansion_5000,0.21550294141217588,0,0
v18_4281,দলকে প্রধানমন্ত্রীর শুভেচ্ছা,corpus_expansion_5000,0.701591212646462,1,0
v18_3338,'কোনো এনজিও কমিউনিটি ক্লিনিক পরিচালনার দায়িত্ব পাবে না',corpus_expansion_5000,0.09039014614778311,0,0
v18_3220,মোটর চালকদের ডিজিটাল লাইসেন্স দেবে বিআরটিএ,corpus_expansion_5000,0.1133379569328199,0,0
v18_2111,বাকপ্রতিবন্ধী তরুণীসহ তিনজনকে ধর্ষণের অভিযোগ,corpus_expansion_5000,0.35855120845665,0,1
v18_1174,দুর্ঘটনায় ৩ ছাত্রী নিহত: বাসচালকসহ গ্রেপ্তার আরও ৩,corpus_expansion_5000,0.321487565828152,0,1
v18_4862,নির্বাচনে যাওয়ার পথ খুললো হিরো আলমের,corpus_expansion_5000,0.2060688837501653,0,0
v18_3811,বাংলাদেশের বিপক্ষে ‘পয়মন্ত’ মাঠে জ্বলে ওঠার হুমকি থিসারার,corpus_expansion_5000,0.3921913672632442,0,0
v18_1867,‘রোহিঙ্গা নির্মূলে’ ধর্ষণও মিয়ানমার সেনাদের অস্ত্র,corpus_expansion_5000,0.1103766083654721,0,1
v18_2614,বি. বাড়িয়ায় সংঘর্ষে আহতের মৃত্যু,corpus_expansion_5000,0.11799929209559501,0,1
v18_3866,নতুন মন্ত্রিসভাকে স্বাগত জানাতে প্রস্তুত টুঙ্গিপাড়া,corpus_expansion_5000,0.2601425988962303,0,0
v18_4885,প্রয়োজনে চট্টগ্রামেও অভিযান : তথ্যমন্ত্রী,corpus_expansion_5000,0.36835127139997426,0,0
v18_3778,ফরিদপুরে পুকুরে বিষ প্রয়োগ করে মাছ নিধন,corpus_expansion_5000,0.41969454179679955,1,0
v18_3846,বেনাপোলে বিদেশি মুদ্রাসহ পাসপোর্টযাত্রী আটক,corpus_expansion_5000,0.1353199798207458,0,0
v18_2416,৫৫ আসনে আ.লীগ বনাম আ.লীগ,corpus_expansion_5000,0.4057110089334788,0,1
v18_0070,"গোলানে শক্তি বাড়াচ্ছে ইসরাইল, লেবানন সীমান্তে উত্তেজনা",new_mid_w1_p0,0.460910624614525,1,0
v18_4880,বেসিক আলীর প্রেমিকা সাবিলা,corpus_expansion_5000,0.8282355492157261,1,0
v18_1126,নাশকতার আশঙ্কা করছেন প্রধানমন্ত্রী,corpus_expansion_5000,0.10019835730535713,0,1
v18_4024,ওয়ালটন কারখানায় শিল্পমন্ত্রী,corpus_expansion_5000,0.6875811590093305,1,0
v18_3250,ঢাকায় পূর্ণাঙ্গ কার্যালয় স্থাপন করবে আইডিবি,corpus_expansion_5000,0.359843617042447,0,0
v18_3901,চার্টার্ড বিমান ও হেলিকপ্টার ভাড়া বাড়ছে,corpus_expansion_5000,0.3921913672632442,0,0
v18_1095,সহিংসতা ও সংঘর্ষে নিহত ৫,corpus_expansion_5000,0.4817611484411397,1,1
v18_4545,খেলা দেখতে না পারায় বিদ্যুৎ কার্যালয় ভাংচুর,corpus_expansion_5000,0.5554384523057331,1,0
v18_1212,"পাবনায় ট্রাক-কার সংঘর্ষ, নিহত ৫",corpus_expansion_5000,0.11023837902142494,0,1
v18_3921,পতেঙ্গা সমুদ্র সৈকতে উপচেপড়া ভিড়,corpus_expansion_5000,0.12227758826886506,0,0
v18_1425,‘বাটপাড়দের’ ছবি ছিঁড়ে ফেলুন: কাদের,corpus_expansion_5000,0.718966709801416,1,1
v18_3066,আটলান্টিকের নিচে ফেসবুক-মাইক্রোসফটের ইন্টারনেট কেব্ল,corpus_expansion_5000,0.28950384935640766,0,0
v18_4519,"শুধু উন্নয়ন নয়, মানুষকে সম্মান করতে হবে",corpus_expansion_5000,0.10355332547344463,0,0
v18_2100,এইচ৫এন১ ফ্লুতে কানাডায় প্রথম মৃত্যু,corpus_expansion_5000,0.1353199798207458,0,1
v18_0807,দুর্যোগ মোকাবিলা প্রকল্পে ২শ’ কোটি টাকার দুর্নীতি : টিআইবি,corpus_expansion_5000,0.1263725817213807,0,1
v18_4743,'সন্ত্রাসবাদ নির্মূলে বিশ্বজুড়ে সহযোগিতা প্রয়োজন',corpus_expansion_5000,0.10957210938485198,0,0
v18_3750,চীনা ভ্যাকসিন সবার আগে পাবে বাংলাদেশ,corpus_expansion_5000,0.1133379569328199,0,0
v18_1362,মোজাম্বিকের ধ্বংসাবশেষ এমএইচ-৩৭০–এরই!,corpus_expansion_5000,0.8090263470353262,1,1
v18_2317,উল্লাপাড়ায় হাত-পা বাঁধা লাশ উদ্ধার,corpus_expansion_5000,0.10356039088419995,0,1
v18_4581,গ্রাম আদালত সংশোধন আইন মন্ত্রিসভায় অনুমোদন,corpus_expansion_5000,0.0945363922261271,0,0
v18_4741,সাভার ও রাজবাড়ীতে অস্ত্রসহ দু'জন গ্রেপ্তার,corpus_expansion_5000,0.1133379569328199,0,0
v18_1025,ছাত্রলীগের বিরোধ: গুলিতে নিহত ১,corpus_expansion_5000,0.28597387733585633,0,1
v18_3109,জামানত ছাড়াই ঋণ পাবেন নারী উদ্যোক্তারা,corpus_expansion_5000,0.3752431354790696,0,0
v18_2110,জার্মানিতে দুটি সেনা বিমানের সংঘর্ষে নিহত ১,corpus_expansion_5000,0.49331264586756507,1,1
v18_1041,রেফারির ‘ডাকাতি’র শিকার বায়ার্ন!,corpus_expansion_5000,0.8516062024164845,1,1
v18_1876,সুন্দরবনে পুলিশের সঙ্গে ‘বন্দুকযুদ্ধে’ নিহত ১,corpus_expansion_5000,0.21093841116397974,0,1
v18_0881,সিলেটে সংঘর্ষে নিহত ১,corpus_expansion_5000,0.0945363922261271,0,1
v18_4299,ডিএসইতে দর বৃদ্ধির শীর্ষে এস আলম কোল্ড রোল্ড স্টিলস,corpus_expansion_5000,0.4413369854724032,1,0
v18_1192,"কাশ্মীরে বিক্ষোভে গুলি, নিহত ৩",corpus_expansion_5000,0.19332233207555063,0,1
v18_4587,নিখোঁজ কিশোরীর লাশ পুকুর থেকে উদ্ধার,corpus_expansion_5000,0.18513134300698805,0,0
v18_4510,আশরাফের আসনে মনোনয়ন চান তাঁর ভাই-বোন,corpus_expansion_5000,0.24617579155362962,0,0
v18_3670,ইসরায়েলের বসতিস্থাপন বন্ধের প্রস্তাবে ফিলিস্তিনের 'না',corpus_expansion_5000,0.09275712042334121,0,0
v18_0624,পাকিস্তানের বিশ্বকাপ দলে দুটি নতুন মুখ,new_mid_w1_p1,0.682152976864649,1,1
v18_2796,রাজধানীর মিরপুরে কিশোরীকে গণধর্ষণ গ্রেফতার ২,corpus_expansion_5000,0.12763333501850557,0,1
v18_4291,বাংলাদেশ মিলিটারি একাডেমিতে রাষ্ট্রপতি কুচকাওয়াজ অনুষ্ঠিত,corpus_expansion_5000,0.32912155184893244,0,0
v18_4968,বসিরহাটে বিজয়ী নুসরাত জাহান,corpus_expansion_5000,0.6474019103120305,1,0
v18_0233,বান্দরবানে দেশীয় প্রযুক্তির জলবিদ্যুৎ প্রকল্প,v17_reused,0.18183926850642226,0,0
v18_4566,নিজামীরা মিন্টো রোডে,corpus_expansion_5000,0.15405255723901926,0,0
v18_1662,"না'গঞ্জে সড়ক দুর্ঘটনায় নিহত ১, আহত ৩৫",corpus_expansion_5000,0.1353199798207458,0,1
v18_0415,মাছচাষিরা জলকপাট খুলে দেওয়ায় কৃষকের সর্বনাশ,new_mid_w1_p1,0.30093381222399707,0,1
v18_4246,নিজেদের ‘সমৃদ্ধ’ করতে বিদেশ সফরে যেতে চান সদস্যরা,corpus_expansion_5000,0.11145603616024789,0,0
v18_2173,এখনো বন্ধু রণবীর-দীপিকা!,corpus_expansion_5000,0.9662288392003014,1,1
v18_1456,স্ত্রীকে ‘হত্যার’ পর ফাঁস দিয়ে ‘আত্মহত্যা’,corpus_expansion_5000,0.17311982482321178,0,1
v18_0746,কুলাউড়া আ.লীগের যুগ্ম সম্পাদক বহিষ্কার,new_high_w1_pany,0.2293980493719794,0,1
v18_0017,ফিলিপাইনে ৬ কর্মকর্তা অপহৃত,new_low_w0_pany,0.32263931900913917,0,0
v18_1200,বরিশালে ট্রাকচাপায় নিহত ২,corpus_expansion_5000,0.2069419865152382,0,1
v18_1699,অস্ত্র-গুলিসহ গ্রেফতার ৫,corpus_expansion_5000,0.12487556635120062,0,1
v18_3253,২০৩০ সালের মধ্যে ভারতে গ্রিনহাউস গ্যাস নির্গমন বাড়বে,corpus_expansion_5000,0.2060688837501653,0,0
v18_0596,"বিয়েবাড়িতে যাওয়ার পথে ট্রলারডুবি: ৮ লাশ উদ্ধার, নিখোঁজ ২",v17_reused,0.8276268984438877,1,0
v18_3226,অংশীদারিত্ব সংলাপে গুরুত্ব পেল সহযোগিতার সম্প্রসারণ,corpus_expansion_5000,0.0945363922261271,0,0
v18_4405,ভারতীয় হাইকমিশনের আয়োজনে সেমিনারে শিল্পমন্ত্রী,corpus_expansion_5000,0.4165568777450921,0,0
v18_4719,এপ্রিলের প্রবৃদ্ধি এসে দাঁড়ায় মাত্র ৮.৮২ শতাংশে,corpus_expansion_5000,0.2643291141153133,0,0
v18_1505,বাজারের ব্যাগে নবজাতকের লাশ!,corpus_expansion_5000,0.6063114688700569,1,1
v18_1412,চকরিয়ায় সড়ক দুর্ঘটনায় নিহত ৪,corpus_expansion_5000,0.30081675921261986,0,1
v18_1965,বিস্ফোরকসহ জেএমবির নেতাকে আটকের দাবি,corpus_expansion_5000,0.38889057162970714,0,1
v18_0371,বয়সের রাশ টেনে ধরবে অধিক সন্তান!,v17_reused,0.9288779600308072,1,0
v18_1340,চাঁদপুরে জামায়াত-শিবির-পুলিশ সংঘর্ষে আহত ৫,corpus_expansion_5000,0.4468719287028791,1,1
v18_0598,ক্যানভাসে সুফিসংগীত,new_high_w1_pany,0.8392709344849586,1,1
v18_0238,লিভারপুল ও ইন্টার মিলানের হোঁচট,v17_reused,0.4234584315295461,1,0
v18_3400,'ইসরাইলের সঙ্গে আলোচনার প্রশ্নই আসে না',corpus_expansion_5000,0.0945363922261271,0,0
v18_2067,চার পুলিশকে গণপিটুনি!,corpus_expansion_5000,0.657587207026873,1,1
v18_0810,যশোরে ‘বোমা’ ফাটিয়ে যৌনকর্মীকে অপহরণ,corpus_expansion_5000,0.24658569031706137,0,1
v18_1094,‘হামলার’ অভিযোগে বায়রার বিরুদ্ধে মামলা,corpus_expansion_5000,0.09108046374181532,0,1
v18_4324,মন্ত্রিসভায় বর্জ্য ব্যবস্থাপনায় জাতীয় নীতি অনুমোদন,corpus_expansion_5000,0.3465148542277624,0,0
v18_4760,কপিল দেবের সঙ্গে রণবীরের কী কথা!,corpus_expansion_5000,0.9702854102860448,1,0
v18_3676,সিটি নির্বাচনকে স্বাগত: সুষ্ঠু ভোট চায় যুক্তরাষ্ট্র,corpus_expansion_5000,0.08942190248674188,0,0
v18_3464,অতিরিক্ত ও যুগ্ম-সচিব পদে নয়জনকে বদলি,corpus_expansion_5000,0.1133379569328199,0,0
v18_3103,আন্দোলনে শিক্ষকসহ বিভিন্ন পর্যায়ের সরকারি চাকুরেরা,corpus_expansion_5000,0.10619053293784222,0,0
v18_2749,মুন্সীগঞ্জে সড়ক দুর্ঘটনায় কনস্টেবলসহ নিহত ২,corpus_expansion_5000,0.22449896003037811,0,1
v18_2295,নাটোরে হত্যার দায়ে যুবকের যাবজ্জীবন,corpus_expansion_5000,0.2743175542006801,0,1
v18_4192,শিগগির মুক্তি পাবেন খালেদা জিয়া -মওদুদ,corpus_expansion_5000,0.3127934244321258,0,0
v18_3708,আগামী বছর পিইসির বদলে জেএসসি হতে পারে: মেনন,corpus_expansion_5000,0.31585514497296535,0,0
v18_3018,ফারমার্স ব্যাংকের রিকভারি সফটওয়্যার চালু,corpus_expansion_5000,0.5285514321449828,1,0
v18_4252,উৎসবে শুভেচ্ছা বার্তা,corpus_expansion_5000,0.27552444862430897,0,0
v18_0803,চুয়াডাঙ্গায় পুলিশ-গ্রামবাসী সংঘর্ষ: ২ পুলিশসহ আহত ১০,corpus_expansion_5000,0.2280237791205333,0,1
v18_4190,জসীমউদ্দীনের নামে সাহিত্য পুরস্কার চালু বাংলা একাডেমির,corpus_expansion_5000,0.5611912551385433,1,0
v18_3705,মেসি-রোনাল্ডোর চেয়ে ভালো এমবাপ্পে,corpus_expansion_5000,0.4413369854724032,1,0
v18_0751,চ্যাম্পিয়নশিপ লিগ,v17_reused,0.5937142332754775,1,0
v18_4644,ম্যান্ডেলার উত্তরাধিকার নিয়ে পারিবারিক দ্বন্দ্ব,corpus_expansion_5000,0.11765268517321305,0,0
v18_2531,মামলায় ফেঁসে যাচ্ছেন কোহলি-আনুশকা!,corpus_expansion_5000,0.7748478101318281,1,1
v18_0621,বিআরটিসিই এখন ভরসা!,v17_reused,0.8410548386496698,1,0
v18_2297,নির্বাচনী সংঘর্ষে আহত ১২,corpus_expansion_5000,0.15264601577862996,0,1
v18_3828,ফু-ওয়াং সিরামিকের ১০% বোনাস লভ্যাংশ ঘোষণা,corpus_expansion_5000,0.525584392960843,1,0
v18_0566,ফিরছেন আবিদাল,new_mid_w1_p0,0.7361040372384489,1,0
v18_1135,ভুয়া ‘মেজর’ জাফরের ভয়ংকর প্রতারণা,corpus_expansion_5000,0.3165028101086222,0,1
v18_1204,ইস্তাম্বুলে বোমা হামলায় নিহত ৫,corpus_expansion_5000,0.12979338353265465,0,1
v18_1047,‘মেননের হত্যাচেষ্টায় প্রকৃত দোষীরা শনাক্তের বাইরে’,corpus_expansion_5000,0.39874372899725785,0,1
v18_0051,ফ্রান্সে এক দশকের মধ্যে সবচেয়ে বড় ধর্মঘট,v17_reused,0.11673134538301908,0,0
v18_3651,রামবুটান চাষে সম্ভাবনার দুয়ার খুলছে রাঙামাটিতে,corpus_expansion_5000,0.3697740080207154,0,0
v18_1044,বজ্রপাতে যুবলীগ নেতাসহ নিহত ৪,corpus_expansion_5000,0.18437608724727741,0,1
v18_2181,‘ভালোবাসার বাংলাদেশ’ গ্রান্ড ফিনালে,corpus_expansion_5000,0.4413369854724032,1,1
v18_2688,‘শান্তিপূর্ণ’ বিক্ষোভের ডাক ব্রাদারহুডের,corpus_expansion_5000,0.20651982628103896,0,1
v18_0534,কোয়ান্টাম কম্পিউটারের খোঁজে,new_mid_w1_p0,0.4074035971174132,0,0
v18_3184,আরেকটি এপিক সেমিফাইনালের স্বপ্ন দেখাচ্ছে আর্জেন্টিনা-মেক্সিকো,corpus_expansion_5000,0.1353199798207458,0,0
v18_3857,"আসছে চ্যালেঞ্জার কাপ, সঙ্গে 'ওঠা-নামা'র ব্যবস্থাও",corpus_expansion_5000,0.4591035521212209,1,0
v18_0443,প্রতিযোগিতা সক্ষমতা সূচকে বাংলাদেশের আরও অবনমন,new_mid_w0_p0,0.3451374483123983,0,0
v18_3604,সিলেট সদরে আ.লীগের প্রার্থী কে,corpus_expansion_5000,0.09239235375676685,0,0
v18_0195,চুক্তি বাড়াতে রাজি জিরুদ,v17_reused,0.5932250523397576,1,0
v18_1115,সালাহকন্যার ‘অসাধারণ গোল’ সোশ্যাল মিডিয়ায় ভাইরাল!,corpus_expansion_5000,0.9867598277519757,1,1
v18_0765,মানবতাবিরোধী অপরাধ: নেত্রকোনার ২ আসামির প্রাণদণ্ড,v17_reused,0.17362524341013033,0,0
v18_1945,আ’লীগের ৫ জনকে হত্যা করা হয়েছে: জয়,corpus_expansion_5000,0.1510190317906202,0,1
v18_3247,টেকনাফে অর্থনৈতিক অঞ্চল স্থাপন হচ্ছে,corpus_expansion_5000,0.2411447352040636,0,0
v18_3002,ঝুঁকিপূর্ণ বেইলি সেতু দিয়ে চলছে ভারী যানবাহন,corpus_expansion_5000,0.3337024132590341,0,0
v18_1432,পুলিশ পরিচয়ে ডাকাতি,corpus_expansion_5000,0.1353199798207458,0,1
v18_4200,বঙ্গবন্ধুর চেতনা বিরোধী স্পীকারের বক্তব্য প্রত্যাহার করতে হবে -মহাসচিব ইসলামী আন্দোলন,corpus_expansion_5000,0.9099441820904479,1,0
v18_3095,ডিএমপির অতিরিক্ত উপ-পুলিশ কমিশনার পদমর্যাদার ২ কর্মকর্তা বদলি,corpus_expansion_5000,0.0916578812273552,0,0
v18_2922,ছয় ঘণ্টা পর পূর্বাঞ্চলে ট্রেন চলাচল শুরু,corpus_expansion_5000,0.16079228470839807,0,0
v18_0644,ইনজামামের বিশ্বকাপ দল দেখে না চমকানো কঠিন,new_mid_w1_p0,0.4413369854724032,1,0
v18_1049,‘ভিন্নমত ধ্বংসের জন্য গণহত্যা চালানো হয়’,corpus_expansion_5000,0.46693282953061116,1,1
v18_3745,ঢাকাসহ বিভাগীয় শহরগুলোতে ট্রাকে করে চাল বিক্রি শুরু,corpus_expansion_5000,0.11286149342448991,0,0
v18_4093,নন্দীগ্রামের প্রবেশপথে জীবাণুনাশক গেট,corpus_expansion_5000,0.2987053372460716,0,0
v18_4403,"কাপ্তাই হ্রদে কচুরিপানা, নৌ–চলাচলে বিঘ্ন",corpus_expansion_5000,0.15049958422041845,0,0
v18_0120,"নারায়ণগঞ্জে আ.লীগ, বিএনপিও সেলিম ওসমানের পক্ষে",new_mid_w1_p1,0.15092997713712306,0,1
v18_2052,"মদিনায় ভয়াবহ অগ্নিকাণ্ডে নিহত ১৫, আহত ১৭০",corpus_expansion_5000,0.17491898592996105,0,1
v18_4258,দুই দেশের হয়ে টানা দুই ফাইনাল খেলেছিলেন যিনি,corpus_expansion_5000,0.6874572254355465,1,0
v18_4888,সিএএ প্রয়োজনীয় ছিল না,corpus_expansion_5000,0.24269531200950822,0,0
v18_4334,এনজিও ও সুশীল সমাজের কণ্ঠরোধের আশঙ্কা,corpus_expansion_5000,0.16266988564854776,0,0
v18_4691,জুলাইতে কর্টানা আসছে অ্যান্ড্রয়েডে,corpus_expansion_5000,0.30093381222399707,0,0
v18_0134,জন্মদিনে ছেলে-মেয়ের সঙ্গে কথা বলতে না পেরে বিষণ,new_mid_w1_p1,0.0927120098026429,0,1
v18_2460,চট্টগ্রামের ১৫ উপজেলায় বিশুদ্ধ পানি,corpus_expansion_5000,0.19000580961738978,0,1
v18_1954,টঙ্গীতে ‘বন্দুকযুদ্ধে’ নিহত ১,corpus_expansion_5000,0.1908272123370029,0,1
v18_2463,"মহাসড়কে ফের দুপক্ষের সংঘর্ষ, আহত ৫০",corpus_expansion_5000,0.8100399885948115,1,1
v18_0184,একলা চলো নীতিতে দেশ ঝুঁকিতে,new_mid_w0_p0,0.28791146036830473,0,1
v18_1392,"ম্যানিলায় হোটেলে অগ্নিকাণ্ড, নিহত ৪",corpus_expansion_5000,0.0945363922261271,0,1
v18_2276,মদনে গ্রাম পুলিশের আত্মহত্যা,corpus_expansion_5000,0.17491898592996105,0,1
v18_0511,'মা তুমি দেখতে পারবা',new_mid_w1_p0,0.8782590066250116,1,0
v18_4729,অভিযোগ গ্রহণ প্রক্রিয়া প্রযুক্তিনির্ভর হওয়া উচিত: দুদক চেয়ারম্যান,corpus_expansion_5000,0.1990297668189826,0,0
v18_4054,"৫ দফার নোটিশ না দিলে বুয়েটে ভর্তি পরীক্ষা বন্ধ, আন্দোলন চলবে",corpus_expansion_5000,0.11173979481070355,0,0
v18_3137,বেসরকারি শিক্ষাপ্রতিষ্ঠানে শিক্ষক নিয়োগ হবে নিবন্ধন পরীক্ষায়,corpus_expansion_5000,0.12989594516986747,0,0
v18_2669,"বঙ্গোপসাগরে ৫১ জেলে অপহরণ, ট্রলারে লুটপাট",corpus_expansion_5000,0.21093841116397974,0,1
v18_4773,ময়নাতদন্তে সিভিল সার্জনের গাফিলতি ছিলো,corpus_expansion_5000,0.09373851118096348,0,0
v18_4861,চীনে চার ব্রিটিশসহ ১৬ বিদেশি আটক,corpus_expansion_5000,0.16079228470839807,0,0
v18_2117,কুকুরের জন্য দেশছাড়া ১০ বছর!,corpus_expansion_5000,0.8887248381748036,1,1
v18_0251,ক্লাবগুলোর আপত্তির পরও শুরু করা হলো ফুটবলের দলবদল,new_mid_w1_p1,0.270009350368497,0,1
v18_3526,পরীক্ষার সময় হরতাল বন্ধে হাই কোর্টে আবেদন,corpus_expansion_5000,0.1266955564262477,0,0
v18_3559,কমপ্লায়েন্স বিভাগে কর্মীর চাহিদা বাড়ছে,corpus_expansion_5000,0.1036171786769625,0,0
v18_4011,ঢাকার কয়েকটি এলাকায় মঙ্গলবার সন্ধ্যা থেকে ১২ ঘন্টা গ্যাস থাকবে না,corpus_expansion_5000,0.22084495816699282,0,0
v18_1507,তরুণ-তরুণীর ‘আত্মহত্যা’,corpus_expansion_5000,0.631757745620824,1,1
v18_0122,জামায়াতের রাজনীতি নিষিদ্ধ করার সময় এসেছে: তথ্যমন্ত্রী,v17_reused,0.4553173504787681,1,0
v18_4259,কবি রুদ্রের জন্মদিন পালিত,corpus_expansion_5000,0.4315943431759306,1,0
v18_3333,"গভীর সমুদ্র থেকে তীরে আসার পথে তিনটি ট্রলার ডুবি,২ জেলে নিখোঁজ",corpus_expansion_5000,0.22311587068072297,0,0
v18_1871,প্রধানমন্ত্রী ‘হত্যাকাণ্ড’ উস্কে দিচ্ছেন: ফখরুল,corpus_expansion_5000,0.17594674126384174,0,1
v18_3692,"সৌদি আরবে ওবামা, লাদেনের ভর্ৎসনা",corpus_expansion_5000,0.13615352954146867,0,0
v18_0567,রাজশাহীর স্কুলে স্কুলে চিঠি দিয়ে ঘুষ দাবি,v17_reused,0.16079228470839807,0,1
v18_1371,‘আমার দেশের’ বরিশাল ব্যুরো প্রধানের ‘আত্মহত্যা’,corpus_expansion_5000,0.1476023763660605,0,1
v18_3185,রপ্তানিমুখী সব খাতে উন্নত কর্মপরিবেশ নিশ্চিত করার তাগিদ,corpus_expansion_5000,0.1353199798207458,0,0
v18_3955,মৌলভীবাজারে যমুনা ইলেকট্রনিক্সের এক্সক্লুসিভ শোরুমের উদ্বোধন,corpus_expansion_5000,0.21264490699173857,0,0
v18_1056,জঙ্গিবিরোধী মিছিল সমাবেশ,corpus_expansion_5000,0.2411447352040636,0,1
v18_0856,ব্যালট ছিনতাই: পুলিশের গুলিতে নিহত ১,corpus_expansion_5000,0.09120807790699394,0,1
v18_3838,হাতিরঝিল প্রকল্পের জন্য সিএনজি স্টেশন উচ্ছেদ,corpus_expansion_5000,0.0945363922261271,0,0
v18_2860,নতুন নাটক ‘তামসিক’,corpus_expansion_5000,0.897842408637177,1,1
v18_4769,২ ঘণ্টায় ২৭৯ কোটি টাকার লেনদেন,corpus_expansion_5000,0.3921913672632442,0,0
v18_0776,পার্থক্য কোথায়?,new_mid_w0_p0,0.7649193227277702,1,1
v18_0720,আমিরকে রেখার হৃদয়গ্রাহী চিঠি,new_high_w1_pany,0.8965561809244665,1,1
v18_2710,'বন্দুকযুদ্ধে' রাজধানীতে একজন নিহত,corpus_expansion_5000,0.0945363922261271,0,1
v18_2654,সাতক্ষীরায় বিদ্যুৎস্পৃষ্টে নিহত ২,corpus_expansion_5000,0.5097577912073377,1,1
v18_4877,মার্চ থেকে ভ্যাটের জন্য একই ধরনের সফটওয়্যার,corpus_expansion_5000,0.3921913672632442,0,0
v18_0602,চট্টগ্রামে ছাত্রদলের বিক্ষোভ সমাবেশ,new_low_w0_pany,0.4116438573363401,0,0
v18_3822,ব্যাংক এশিয়ার ইপিএস কমেছে,corpus_expansion_5000,0.4165568777450921,0,0
v18_1244,ছায়ানীড়ে নিহত ২ জন জঙ্গি জসিমের ‘বোন-দুলাভাই’,corpus_expansion_5000,0.34537425188976095,0,1
v18_4845,প্রয়োজনে হিরো থেকে জিরো হব,corpus_expansion_5000,0.3451374483123983,0,0
v18_4841,ফারমার্স ব্যাংকে টাকা রেখে বিপত্তিতে পরিবেশ মন্ত্রণালয়,corpus_expansion_5000,0.09082010513508995,0,0
v18_0318,দূরপাল্লার ক্ষেপণাস্ত্র পরীক্ষার প্রস্তুতি উ. কোরিয়ার!,new_mid_w1_p0,0.8123629428396816,1,0
v18_0828,এবার ‘গায়েবি ধর্ষণ’ মামলায় হয়রানি,corpus_expansion_5000,0.7526710030730511,1,1
v18_3263,ইউনিয়নের অধিকার পাচ্ছেন ইপিজেড শ্রমিকেরা,corpus_expansion_5000,0.22311587068072297,0,0
v18_0274,এফিমোভাকে পেছনে ফেলে সোনা কানেতোর,v17_reused,0.6413644965951828,1,0
v18_2664,আনসারের গুলিতে সহকর্মী নিহত,corpus_expansion_5000,0.559359466094484,1,1
v18_0549,মা ও শিশু হাসপাতালের উদ্যোগে গুণীজন সংবর্ধনা,new_mid_w1_p1,0.18110324165972577,0,1
v18_3641,বাণিজ্য ও ঋণের মাধ্যমে বিশ্বে একুশ শতকের সাম্রাজ্য গড়ে তুলছে চীন,corpus_expansion_5000,0.2661831994777075,0,0
v18_4053,চট্টগ্রামে ইলিশ মাছ ও জাল জব্দ,corpus_expansion_5000,0.13848990858280025,0,0
v18_4892,টঙ্গীতে আগুনে অর্ধশতাধিক ঝুট গুদাম ছাই,corpus_expansion_5000,0.2739141137316825,0,0
v18_2934,আন্তর্জাতিক বাণিজ্য লেনদেনে সর্বোচ্চ নিরাপত্তা নিশ্চিত করতে হবে,corpus_expansion_5000,0.16079228470839807,0,0
v18_0605,শুভাকাঙ্ক্ষীদের সাক্ষাৎ নিয়েও সমালোচনা দুঃখজনক,new_high_w1_pany,0.19000580961738978,0,1
v18_0896,"স্ত্রীর ‘পরকীয়ায়’ যুবক খুন, গ্রেপ্তার ২",corpus_expansion_5000,0.6913164325274302,1,1
v18_0527,এই সরকার নিয়ে মন্তব্য করাও হাস্যকর: ফখরুল,new_mid_w1_p1,0.24647861770907475,0,1
v18_4607,মনমোহনের সফরেই তিস্তাচুক্তি: রমেশ চন্দ্র,corpus_expansion_5000,0.1001062981444105,0,0
v18_2347,শেষ হলো ‘শেকল ভাঙার পদ্য’,corpus_expansion_5000,0.5295636643669325,1,1
v18_3439,মান নির্ণয় ছাড়া এসএমই ঋণ শতভাগ ঝুঁকিপূর্ণ,corpus_expansion_5000,0.32263931900913917,0,0
v18_4998,আমাদের দেশের সবচেয়ে বড় সমস্যা হচ্ছে আমলাতন্ত্র - দুদক চেয়ারম্যান,corpus_expansion_5000,0.12252138994908926,0,0
v18_4826,"সিরাজগঞ্জে যাত্রীবাহী বাস খাদে, লালমনিরহাটে ট্রাক উঠানে",corpus_expansion_5000,0.13272661183132686,0,0
v18_3922,দুর্নীতি করলে যে দলেরই হন রক্ষা পাবেন না -প্রধানমন্ত্রী,corpus_expansion_5000,0.16079228470839807,0,0
v18_0298,লাদেনের সন্ধানদাতা ডাক্তারকে মুক্ত করতে সিআইএর জেল ভাঙার চক্রান্ত ব্যর্থ,new_low_w0_pany,0.4707622737809433,1,0
v18_2119,শিশু যৌন নিপীড়ন: অস্ট্রেলীয় আর্চবিশপের কারাদণ্ড,corpus_expansion_5000,0.3688793681406799,0,1
v18_2536,"সিরিয়ার হোমসে গোলা হামলা, নিহত ১১",corpus_expansion_5000,0.12003100565406706,0,1
v18_4203,বাংলাদেশের বন্ধু জেনারেল জ্যাকব আর নেই,corpus_expansion_5000,0.5601007973448976,1,0
v18_3254,'বেশি দামি সিগারেটের ওপর শুল্ক বাড়ানোর উপায় নেই',corpus_expansion_5000,0.2180590492009996,0,0
v18_3725,মেলামাইন তৈজসপত্রের বাজার বড় হচ্ছে,corpus_expansion_5000,0.28739571514967194,0,0
v18_1260,রাজধানীতে র্যাবের সঙ্গে ‘বন্দুকযুদ্ধে’ নিহত ২,corpus_expansion_5000,0.3451374483123983,0,1
v18_1558,গৃহকর্মী হত্যা হয়ে যায় আত্মহত্যা!,corpus_expansion_5000,0.4243540681014998,1,1
v18_3269,ঢাকা-মাস্কট রুটে ফ্লাইট বাড়াচ্ছে ওমান এয়ার,corpus_expansion_5000,0.49551626628550255,1,0
v18_4046,লবণাক্ত জমিতে হাইব্রিড ভুট্টা চাষ,corpus_expansion_5000,0.21936841312073682,0,0
v18_0756,কানাডায় উদীচীর প্রতিষ্ঠাবার্ষিকী পালিত,new_high_w1_pany,0.3191154688733861,0,1
v18_1010,ছেলেকে ‘শ্বাসরোধে হত্যার’ পর মায়ের ‘আত্মহত্যা’,corpus_expansion_5000,0.5127531203289604,1,1
v18_2794,সিনেপ্লেক্সে ‘আয়নাবাজি’র বাজিমাত,corpus_expansion_5000,0.8399458396436508,1,1
v18_2905,যুক্তরাজ্যে রপ্তানি হবে নবাবগঞ্জের আম,corpus_expansion_5000,0.1900918089953352,0,0
v18_1870,"ট্রলারডুবি: ৬ লাশ উদ্ধার, অভিযান শেষ",corpus_expansion_5000,0.11114977752989803,0,1
v18_2229,"হোক ওরা জঙ্গি, ওদের শিশুদের বাঁচান",corpus_expansion_5000,0.36898453975431067,0,1
v18_1173,লেস্টারের এই হাল!,corpus_expansion_5000,0.8552966653621286,1,1
v18_1832,১৩৫ বছর বয়সী বৃদ্ধার মৃত্যু!,corpus_expansion_5000,0.8516062024164845,1,1
v18_0376,পর্দা উঠছে ঢাকা লিট ফেস্টের,new_high_w1_pany,0.8282355492157261,1,1
v18_3853,আইওএসকোতে যাচ্ছেন বিএসইসির নির্বাহী পরিচালক,corpus_expansion_5000,0.22311587068072297,0,0
v18_3616,আমরইল চা-বাগানে শ্রমিকদের কর্মবিরতি,corpus_expansion_5000,0.14673715033279403,0,0
v18_0798,নৌকার চাপায় নিহত,corpus_expansion_5000,0.4413369854724032,1,1
v18_0378,টিপিপিতে ঢাকার অংশগ্রহণ প্রত্যাশা করে ওয়াশিংটন,v17_reused,0.3393728111437927,0,0
v18_1158,‘গণহত্যার পর বডি বিল্ডাররূপে দাঁড়ান ব্রেইভিক’,corpus_expansion_5000,0.127297206046095,0,1
v18_3819,হাওরে ধান কাটতে যাচ্ছে চট্টগ্রামের শ্রমিকরা,corpus_expansion_5000,0.1133379569328199,0,0
v18_2792,‘রিভিউ চাইবেন’ মুফতি হান্নান,corpus_expansion_5000,0.09345214088369544,0,1
v18_2240,জঙ্গিবাদের সঙ্গে ইসলামের দূরতম সম্পর্কও নেই,corpus_expansion_5000,0.4986454219465896,1,1
v18_4035,"‘দেশের মানুষ আগের চেয়ে ভালো খাচ্ছে, ভালো পরছে’",corpus_expansion_5000,0.3082112784635874,0,0
v18_2662,"থাই অবকাশযাপন কেন্দ্রে বিস্ফোরণ, নিহত ১",corpus_expansion_5000,0.2411447352040636,0,1
v18_4012,চবিতে নতুন প্রক্টর নিয়োগ,corpus_expansion_5000,0.14074188085942457,0,0
v18_2957,আফ্রো - এশিয়া কাপের তৃতীয় আসর হবে কেনিয়ায়,corpus_expansion_5000,0.4592178922204229,1,0
v18_3927,মেহেরপুর জেলা সভাপতির ইন্তেকালে পীর সাহেব চরমোনাই’র শোক,corpus_expansion_5000,0.9019170330102421,1,0
v18_1038,দামুড়হুদায় ডাকাতি,corpus_expansion_5000,0.5690938689597135,1,1
v18_3259,হামজা ব্রিগেডকে অর্থায়ন: গার্মেন্ট ব্যবসায়ীর জবানবন্দি,corpus_expansion_5000,0.13231908616066826,0,0
v18_1344,‘এসিড’ হামলার শিকার দম্পতি,corpus_expansion_5000,0.0945363922261271,0,1
v18_2505,দিল্লিতে গণধর্ষণ: চিকিৎসা নিতে সিঙ্গাপুরে গেল মেয়েটি,corpus_expansion_5000,0.16377011395146804,0,1
v18_1721,সন্ত্রাসের জবাব হবে ‘নির্দয়’,corpus_expansion_5000,0.227963616271505,0,1
v18_4663,আখাউড়ার দুই ইউপি চেয়ারম্যানের শপথ আটকে গেল,corpus_expansion_5000,0.32263931900913917,0,0
v18_0175,বিভাজন নিয়ে শিরদাঁড়া উঁচু করবেন কীভাবে: ফখরুলকে কাদের,new_mid_w1_p1,0.37132150058833363,0,1
v18_4893,১২ মাস পর খেলায় ফিরে ১৪ রানে আউট বিজয়,corpus_expansion_5000,0.6943585338747226,1,0
v18_1909,হত্যা মামলায় ৬ জনের যাবজ্জীবন,corpus_expansion_5000,0.09238855429688224,0,1
v18_0045,সাপ নিয়েই কেটে গেল ষাট বছর,new_low_w0_pany,0.28008474130873345,0,0
v18_3409,নতুন ডিজাইনে মোবাইল ওয়েব অ্যাপ ও গুগল অফলাইন,corpus_expansion_5000,0.4165568777450921,0,0
v18_4674,মনে হয় একদিন সব ঠিক হয়ে যাবে,corpus_expansion_5000,0.7384126165357974,1,0
v18_1075,‘জিন’ তাড়ানোর নামে শিশু হত্যার অভিযোগ,corpus_expansion_5000,0.18332545979262563,0,1
v18_2829,‘ওয়াজির’ নিয়ে নাখোশ কেন অমিতাভ,corpus_expansion_5000,0.8247798241919257,1,1
v18_1504,‘মিস ইউনিভার্স ২০১৮’,corpus_expansion_5000,0.5568147099660213,1,1
v18_2309,‘গোটা মালয়েশিয়ার’ মোবাইল ডেটা বেহাত,corpus_expansion_5000,0.15853345779062764,0,1
v18_1436,জঙ্গিবাদ ভবিষ্যতের জন্য চ্যালেঞ্জ: আইজিপি,corpus_expansion_5000,0.3927271854371199,0,1
v18_2418,"‘জিনের বাদশা’ সেজে প্রতারণা, গ্রেপ্তার ৬",corpus_expansion_5000,0.2720643639066476,0,1
v18_3986,রূপপুরের তেজস্ক্রিয় বর্জ্য ব্যবস্থাপনার খসড়ায় সায়,corpus_expansion_5000,0.17330535732924368,0,0
v18_3098,"পানি নেই, রোগী নিচ্ছে না ফজিলাতুন্নেছা হাসপাতাল",corpus_expansion_5000,0.5322668994455882,1,0
v18_4588,ডি-এইট সম্মেলন আয়োজন করবে বাংলাদেশ,corpus_expansion_5000,0.28008474130873345,0,0
v18_0283,চট্টগ্রামে হাতবোমায় দুই সাংবাদিক আহত,new_high_w1_pany,0.1376632225812086,0,1
v18_4918,'গণঅভ্যূত্থানে সরকারের পতন ঘটানো হবে',corpus_expansion_5000,0.12463379690311131,0,0
v18_0842,আফগানিস্তানে গাড়িবোমা হামলায় নিহত ১,corpus_expansion_5000,0.2411447352040636,0,1
v18_1513,ভারতীয় গোলায় নয় পাকিস্তানি নিহত!,corpus_expansion_5000,0.5780316606905712,1,1
v18_1168,"গণপিটুনিতে ছাত্রহত্যা: তদন্ত শুরু, ২ জন রিমান্ডে",corpus_expansion_5000,0.09744364620977584,0,1
v18_1592,কুষ্টিয়ায় কথিত বন্দুকযুদ্ধে ২ ‘ডাকাত’ নিহত,corpus_expansion_5000,0.1133379569328199,0,1
v18_3460,চিকিৎসক সংকটে মেলে না কাঙ্ক্ষিত সেবা,corpus_expansion_5000,0.19573380419737688,0,0
v18_3165,পিরোজপুরে শিক্ষক লাঞ্ছনা তদন্তে আরও এক কমিটি,corpus_expansion_5000,0.21808828163078725,0,0
v18_2284,"ধর্ষণের অভিযোগে পুলিশসহ ৪ জনের বিরুদ্ধে মামলা, এসআই ক্লোজড",corpus_expansion_5000,0.11858844106921634,0,1
v18_3575,আড়াইশ টাকার যন্ত্র সেচ খরচ কমাবে ৪০ ভাগ,corpus_expansion_5000,0.33754438072065696,0,0
v18_4870,যুক্তরাষ্ট্রে শিগগিরই অনুমোদন পেতে যাচ্ছে মডার্নার ভ্যাকসিন,corpus_expansion_5000,0.32263931900913917,0,0
v18_2305,৬ সেপ্টেম্বর: আজকের ধাঁধা,corpus_expansion_5000,0.4413369854724032,1,1
v18_0952,ময়মনসিংহে বোমা হামলা: বিচার হয়নি ১৫ বছরে,corpus_expansion_5000,0.2396217554773635,0,1
v18_4942,কোলনকে হারিয়ে পঞ্চম স্থানে লেভারকুসেন,corpus_expansion_5000,0.22311587068072297,0,0
v18_3053,জিম্বাবুয়ের ক্রিকেটারদের চেয়ে কম বেতন পান সাকিব-তামিমরা,corpus_expansion_5000,0.3110605656241452,0,0
v18_4559,নয় ইউপিতে একমাত্র ‘সাধারণ’ নারী জাহানারা,corpus_expansion_5000,0.21958995395437764,0,0
v18_2685,‘সামনে এগোতে করতে হবে গণহত্যার বিচার’,corpus_expansion_5000,0.28152056024905125,0,1
v18_1489,"নেত্রকোনায় শিশু ধর্ষণ, যুবক আটক",corpus_expansion_5000,0.10658607074520558,0,1
v18_0927,ইরাকে বোমা হামলায় নিহত ৪৪,corpus_expansion_5000,0.1531644268793873,0,1
v18_1209,ভারতে নির্বাচন: গণমাধ্যম কেন ‘গণের’ মনোভাব বুঝতে পারে না!,corpus_expansion_5000,0.6760172754569401,1,1
v18_3973,মাত্র ১ শতাংশ মানুষ কর দেন: এনবিআর চেয়ারম্যান,corpus_expansion_5000,0.7628608656713506,1,0
v18_3545,প্রাইভেট খাতে উন্মুক্ত করে দেয়া হচ্ছে স্যাটেলাইট ও সাবমেরিন ক্যাবল,corpus_expansion_5000,0.0945363922261271,0,0
v18_4361,রাত পোহালে প্রতিবাদ ধীরে ধীরে প্রতিরোধ- মান্না,corpus_expansion_5000,0.17622106900317108,0,0
v18_1921,সীতাকুণ্ডে সড়ক দুর্ঘটনায় নিহত ৫,corpus_expansion_5000,0.16079228470839807,0,1
v18_0351,"গোপালগঞ্জে প্রাইভেটকার চাপায় কলেজছাত্রীর মৃত্যু, মহাসড়ক অবরোধ",new_high_w1_pany,0.7925423395600202,1,1
v18_4898,‘সিরিয়ায় নিরাপদ অঞ্চল প্রতিষ্ঠার চুক্তি কার্যকর হয়েছে’,corpus_expansion_5000,0.09308428396933952,0,0
v18_3393,চট্টগ্রাম নগরীতে হচ্ছে উন্মুক্ত উদ্যান,corpus_expansion_5000,0.3451374483123983,0,0
v18_2721,‘পচা শামুকে’ পা কাটল চেন্নাইয়ের,corpus_expansion_5000,0.47393140328115213,1,1
v18_4981,নতুন মধ্যবিত্ত উদার গণতন্ত্রে আগ্রহী নয়?,corpus_expansion_5000,0.9208692842873418,1,0
v18_0718,মাগুরায় কিশোরীকে ধর্ষণের অভিযোগ,new_mid_w1_p0,0.5332547558128448,1,0
v18_2702,"৫০ কোটি টাকা নিয়ে উল্টালো বাস, আহত ৮",corpus_expansion_5000,0.0945363922261271,0,1
v18_2722,দুই স্থানে সড়ক দুর্ঘটনায় নিহত ২ আহত ৩,corpus_expansion_5000,0.15609222625999986,0,1
v18_4561,বিশনয়ের স্পিনে ব্যাটিং বিপর্যয়ে বাংলাদেশ,corpus_expansion_5000,0.4235101483747512,1,0
v18_0308,শ্যামল মিত্রকে স্মরণ,v17_reused,0.4976972215206792,1,0
v18_1675,বাসচাপায় নিহত ১,corpus_expansion_5000,0.17491898592996105,0,1
v18_0833,"পাকিস্তানে ড্রোন হামলা, নিহত ৯",corpus_expansion_5000,0.10948252504348162,0,1
v18_0366,রেলওয়ের জমিতে পশুর হাট বন্ধের নির্দেশ,v17_reused,0.14303868621675692,0,0
v18_4506,পর্যটন শিল্প বিকাশে উদ্যোগ গ্রহণের আহ্বান,corpus_expansion_5000,0.36835127139997426,0,0
v18_2078,৬৩ বছর পর বই ফেরত,corpus_expansion_5000,0.2601425988962303,0,1
v18_4038,ঈদের ছুটির আগে চাঙ্গাভাব পুঁজিবাজারে,corpus_expansion_5000,0.4413369854724032,1,0
v18_4846,প্রাইভেসি সমাধানে ফেইসবুক-কে জ্যাক মা’র আহ্বান,corpus_expansion_5000,0.24567625151580966,0,0
v18_4479,কত হবে ফোর-জির গতি,corpus_expansion_5000,0.25287917411975597,0,0
v18_1746,লাহোরে আত্মঘাতী বোমায় নিহত ৬৫,corpus_expansion_5000,0.29201675595757043,0,1
v18_0019,"লুটপাটকারীদের খবর নেই, ‘নিরপরাধ’ খালেদা জিয়া কারাগারে",new_mid_w1_p0,0.12252823691761389,0,0
v18_1322,বঙ্গবন্ধুর ‘অসমাপ্ত আত্মজীবনী’ নকল: গ্রেপ্তার ২,corpus_expansion_5000,0.092840404417389,0,1
v18_3567,অভিবাসন খাতে স্বচ্ছতা ও জবাবদিহি তৈরি করতে হবে,corpus_expansion_5000,0.09340097178488237,0,0
v18_2521,‘সিডর’–এর সংগ্রাম চলছে,corpus_expansion_5000,0.3921913672632442,0,1
v18_0218,দীঘিনালায় ছয় শতাধিক তামাকচুল্লিতে পুড়ছে কাঠ,v17_reused,0.15751401678324867,0,0
v18_1487,"১০ জেলায় হামলা, ভাঙচুর, আগুন",corpus_expansion_5000,0.3090399381405155,0,1
v18_0438,চট্টগ্রামে দুপুরের ব্যস্ত রাস্তায় গুলি করে হত্যা,v17_reused,0.0945363922261271,0,0
v18_4174,দুর্যোগ মোকাবেলা করতে পারে এমন ধান উদ্ভাবন করুন: প্রধানমন্ত্রী,corpus_expansion_5000,0.24658569031706137,0,0
v18_2750,হামলার পর আবার মামলা দুরভিসন্ধিমূলক: মওদুদ,corpus_expansion_5000,0.12923049925506874,0,1
v18_3288,কন্টেইনার জাহাজ বানাচ্ছে ওয়েস্টার্ন মেরিন,corpus_expansion_5000,0.13250597082700874,0,0
v18_3433,নতুন তালিকায় ভোটার কমছে এক কোটি,corpus_expansion_5000,0.17003443688738976,0,0
v18_2525,স্ক্রিপাল হত্যাচেষ্টায় সন্দেহভাজন ২ রুশ অপরাধী নন: পুতিন,corpus_expansion_5000,0.1353199798207458,0,1
v18_4650,'১৫ অগাস্ট জন্মদিন পালন সংবিধান অবমামনার শামিল',corpus_expansion_5000,0.08887920582476057,0,0
v18_3688,"সংসদে সক্রিয়, বাইরে ক্ষমতাহীন",corpus_expansion_5000,0.09166919898354914,0,0
v18_2763,"‘ছেলের দেহে করোনাভাইরাস, গুলি করবে পুলিশ’ গুজবে সাতক্ষীরায় মায়ের মৃত্যু",corpus_expansion_5000,0.0945363922261271,0,1
v18_0802,হামলার ‘লক্ষ্য’ যোগাযোগ ব্যবস্থা,corpus_expansion_5000,0.2145867838114902,0,1
v18_2997,একাদশ শ্রেণির ভর্তিতে অতিরিক্ত টাকা আদায়,corpus_expansion_5000,0.1019385886310648,0,0
v18_2228,আকাশি-সাদায় শেষ মেসির!,corpus_expansion_5000,0.8856381136234749,1,1
v18_4785,৩২ ঘণ্টা পর নিভল সুন্দরবনের আগুন,corpus_expansion_5000,0.16260839235845012,0,0
v18_2077,"মন্দির নিয়ে সংঘর্ষে আহত ২৫, সড়ক অবরোধ",corpus_expansion_5000,0.4014971739057278,0,1
v18_0582,সাকিবকে নিয়ে মুশফিক হারালেন নিজেকেই,new_mid_w0_p0,0.5057995213474987,1,0
v18_0203,চেক প্রতারণা মামলায় সিএসই সদস্য জয়নুলের বিরুদ্ধে গ্রেপ্তারি পরোয়ানা,new_high_w1_pany,0.1133379569328199,0,1
v18_4346,চীন-নেপাল প্রথম যৌথ সামরিক মহড়া শুরু,corpus_expansion_5000,0.30093381222399707,0,0
v18_3478,গরম আরও কয়েক দিন বাড়ছে জ্বর ডায়রিয়া,corpus_expansion_5000,0.35648912968706037,0,0
v18_2929,"রফতানিতে নগদ সহায়তা, উৎসে কর কমল",corpus_expansion_5000,0.16079228470839807,0,0
v18_3085,বন্দর ও কাস্টম হাউস সপ্তাহে ছয় দিন খোলা রাখার সুপারিশ,corpus_expansion_5000,0.17921858498670093,0,0
v18_1018,ঢাকা ওয়াসার ১১ খাতে দুর্নীতি,corpus_expansion_5000,0.256331041900298,0,1
v18_1583,চাঁদপুরে ‘শিবিরের’ হামলায় আহত ৩ পুলিশ,corpus_expansion_5000,0.24118960934263958,0,1
v18_1032,লক্ষ্মীপুরে নিহত ২,corpus_expansion_5000,0.3921913672632442,0,1
v18_1718,"ঠাকুরগাঁওয়ে কিশোরীকে ‘ধর্ষণ’, যুবক গ্রেপ্তার",corpus_expansion_5000,0.15317030393141737,0,1
v18_1281,কিশোরগঞ্জ থানায় ‘ছাত্রলীগের হামলা’,corpus_expansion_5000,0.16910132416987506,0,1
v18_2498,সিরাজগঞ্জে হামলায় আহত ছাত্রদল নেতা,corpus_expansion_5000,0.1384003364158388,0,1
v18_3350,ফেনীতে পেট্রোল বোমা ও লোহার কাঁটা উদ্ধার,corpus_expansion_5000,0.30717771780997927,0,0
v18_0517,ঢাকার দুই সিটিতে উপসচিবদের ডেঙ্গু প্রতিরোধ সেল করছে সরকার,new_mid_w1_p0,0.0945363922261271,0,0
v18_1747,গৃহবধূকে ধর্ষণের পর হত্যা!,corpus_expansion_5000,0.4708777597412107,1,1
v18_4652,রেকর্ডসংখ্যক ভোটার উপস্থিতির আহ্বান মোদির,corpus_expansion_5000,0.1353199798207458,0,0
v18_3732,ডিএসইতে দিনভর সূচকের ওঠানামা,corpus_expansion_5000,0.3816072118018177,0,0
v18_0668,সংঘাত নিরসনে সংলাপকেই একমাত্র পথ মনে করে পাকিস্তানিরা,v17_reused,0.1284435575360204,0,0
v18_4059,বাংলাদেশ-ভারত সীমান্ত হাটে আগ্রহী বিশ্ব ব্যাংক,corpus_expansion_5000,0.28147015692111366,0,0
v18_3026,বিদ্যালয়ের স্বীকৃতি স্থগিত থাকলেও পরীক্ষা দিচ্ছে শিক্ষার্থীরা,corpus_expansion_5000,0.15766339248712483,0,0
v18_4932,মালদ্বীপের সাবেক পররাষ্ট্রমন্ত্রী নোয়াখালীর পুত্রবধূ,corpus_expansion_5000,0.6924400071252398,1,0
v18_3286,থেরাপ বিডি কর্মীদের বেতন ইবিএল অ্যাকাউন্টে,corpus_expansion_5000,0.2811603874862428,0,0
v18_2650,যুবক হত্যায় চারজনের মৃত্যুদণ্ড,corpus_expansion_5000,0.1395123938491532,0,1
v18_4453,আমি সারা রাত না খেয়েই ছিলাম,corpus_expansion_5000,0.13084259476394489,0,0
v18_3192,ময়মনসিংহ থেকে সব রুটে বাস চলাচল বন্ধ,corpus_expansion_5000,0.14687679629681868,0,0
v18_2124,১৩ এপিল: বাণী চিরন্তনী,corpus_expansion_5000,0.3921913672632442,0,1
v18_3375,শিক্ষকরা দায়িত্বশীল হলেই স্বাভাবিক করা সম্ভব,corpus_expansion_5000,0.31040808473842585,0,0
v18_3392,আগামী সংসদ নির্বাচনে ইভিএম ব্যবহার করা হতে পারে : সিইসি,corpus_expansion_5000,0.17534823506544606,0,0
v18_3485,"প্রবাসীদের ইনকামিং কল যায় কোথায়, সাহারার প্রশ্ন",corpus_expansion_5000,0.0945363922261271,0,0
v18_0759,মাহমুদউল্লাহর পাশে মুশফিক,new_mid_w1_p0,0.8269998396402619,1,0
v18_3379,আইনমন্ত্রীর নেতৃত্বে ফিলিপাইন যাচ্ছে প্রতিনিধিদল,corpus_expansion_5000,0.0945363922261271,0,0
v18_4440,"আর্জেন্টিনার সামনে ইকুয়েডর, ব্রাজিলের প্রতিপক্ষ প্যারাগুয়ে",corpus_expansion_5000,0.3250969449030547,0,0
v18_2526,২১ আগস্ট হামলা: আসামির অস্বাভাবিক আচরণে অভিযোগ গঠন পিছিয়ে গেল,corpus_expansion_5000,0.0945363922261271,0,1
v18_4858,না.গঞ্জে নারী মাদক বিক্রেতার কারাদণ্ড,corpus_expansion_5000,0.3767950318890987,0,0
v18_0907,ধানের সঙ্গে শত্রুতা!,corpus_expansion_5000,0.8516062024164845,1,1
v18_2683,চট্টগ্রামে তিন কিশোরীকে আটকে রেখে ধর্ষণ,corpus_expansion_5000,0.18390866476300863,0,1
v18_0214,বিদ্যুৎ ও গ্যাসের মূল্য বৃদ্ধির উদ্যোগের বিরুদ্ধে আন্দোলন গণফোরামের,v17_reused,0.23138828634415198,0,0
v18_3331,"প্রধান সহকারী পলাতক, আটকে আছে বেতন",corpus_expansion_5000,0.22311587068072297,0,0
v18_4458,"আশুলিয়ায় কারখানায় আগুন, হুড়োহুড়িতে আহত ২০",corpus_expansion_5000,0.1133379569328199,0,0
v18_0693,সামির প্রতি গেইলের সমর্থন,v17_reused,0.2860730847351194,0,0
v18_1503,১৪ ম্যাচে ১৩টিতেই হার বাংলাদেশের!,corpus_expansion_5000,0.8849869545165577,1,1
v18_2414,‘বাইতুল বিলাল’ ও গুডস হিল ফাঁকা!,corpus_expansion_5000,0.7000714023610185,1,1
v18_2118,বাড্ডায় রাতে আটক আসামি ‘বন্দুকযুদ্ধে’ নিহত,corpus_expansion_5000,0.16079228470839807,0,1
v18_3858,"সাগরে মিলছে না মাছ, শুঁটকি পল্লী ছাড়ছেন জেলেরা",corpus_expansion_5000,0.2179237930490512,0,0
v18_2462,ব্রাহ্মণবাড়িয়ায় গ্রেপ্তারের পর ‘বন্দুকযুদ্ধে’ নিহত ২,corpus_expansion_5000,0.18278811559228655,0,1
v18_3635,"কলকারখানা বন্ধ জাপানে, অর্থনীতি হুমকির মুখে",corpus_expansion_5000,0.12696031229635465,0,0
v18_4105,ইতালিতে টাঙ্গাইলের দুই সাংসদকে সংবর্ধনা,corpus_expansion_5000,0.32263931900913917,0,0
v18_4478,জিততেই হবে কিংসকে,corpus_expansion_5000,0.7139774023952976,1,0
v18_0196,এমন পুরুষকে শাস্তি দিতে পারে নারীই,new_low_w0_pany,0.5796551237496729,1,0
v18_4667,ছয়টিতে জাতীয় পার্টি ও জামায়াতের প্রার্থী নেই,corpus_expansion_5000,0.15726380251086222,0,0
v18_1543,ভারতে ‘ধর্ষণের শিকার’ জার্মান পর্যটক,corpus_expansion_5000,0.13957424974302188,0,1
v18_1330,ধর্ষণ মামলার সময় বেঁধে দিন,corpus_expansion_5000,0.18854739780300583,0,1
v18_0879,বিএনপির মিছিলে হামলা,corpus_expansion_5000,0.25970848315275524,0,1
v18_4502,নাটোরে জমি নিয়ে দুই পরিবারের সংঘর্ষে নিহত ১,corpus_expansion_5000,0.16079228470839807,0,0
v18_3501,বান্দরবানে পরীক্ষামূলকভাবে চা উৎপাদন শুরু,corpus_expansion_5000,0.16079228470839807,0,0
v18_3894,সিরাজগঞ্জে শিক্ষার্থীদের বৃত্তি-সম্মাননা,corpus_expansion_5000,0.2658202322195692,0,0
v18_4990,এয়ারটেল ও ইউক্যাশের মধ্যে চুক্তি,corpus_expansion_5000,0.28008474130873345,0,0
v18_0887,‘সাকার উপস্থিতিতে গুলি করে মারা হয় ৫ জনকে’,corpus_expansion_5000,0.22996443824481475,0,1
v18_1345,কান চলচ্চিত্র উৎসব: প্রথম দিনেই ‘ধর্ষণ’ নিয়ে কৌতুক,corpus_expansion_5000,0.8603520433712121,1,1
v18_0068,দীর্ঘাঙ্গীদের ক্যানসারের ঝুঁকি!,new_mid_w0_p0,0.475625440898493,1,0
v18_4210,চট্টগ্রামে ট্রেনের ধাক্কায় শ্রমিক নিহতের ঘটনায় মামলা,corpus_expansion_5000,0.24075326040039874,0,0
v18_1815,যুক্তরাষ্ট্রের পার্কে গুলিতে আহত ১৬,corpus_expansion_5000,0.13538536467280635,0,1
v18_0568,ঢাকা ছাড়লেন ২১৪ জন কানাডিয়ান,new_mid_w0_p0,0.3921913672632442,0,0
v18_2167,মাগুরায় ‘বন্দুকযুদ্ধে’ যুবক নিহত,corpus_expansion_5000,0.1565224472613618,0,1
v18_0096,এনসিসি ব্যাংকের অর্ধবার্ষিক ব্যবসায়িক সম্মেলন,new_high_w1_pany,0.2344844413536289,0,1
v18_4181,"অলির দাওয়াত নিয়ে মান্নার বাসায় সেলিম, আজ দুদলের সংবাদ সম্মেলন",corpus_expansion_5000,0.36626720586661443,0,0
v18_3353,ঢাকা-রংপুর মহাসড়কে আলু চাষিদের অবরোধ,corpus_expansion_5000,0.7570371679004028,1,0
v18_0139,আর্জেন্টিনা দলে আছেন মেসি,new_mid_w1_p1,0.6920738657088753,1,1
v18_4954,স্টেম সেল পরীক্ষার সবুজ সংকেত পেল ব্রিটিশ ফার্ম,corpus_expansion_5000,0.2060688837501653,0,0
v18_2602,মালয়েশিয়া যাওয়ার চেষ্টাকালে আটক ৬,corpus_expansion_5000,0.17577706886254474,0,1
v18_4023,পূজা মন্ডপে ৩৯ হাজার আনসার মোতায়েন,corpus_expansion_5000,0.1353199798207458,0,0
v18_4772,গিগসের সামনে অনেক প্রশ্ন,corpus_expansion_5000,0.6212402787211939,1,0
v18_1606,অবিশ্বাস্য হেরাথ!,corpus_expansion_5000,0.999526831971809,1,1
v18_1629,বনানীর ধর্ষণ মামলা,corpus_expansion_5000,0.08958375351262997,0,1
v18_1539,ফেসবুকে ‘#বিদায়’ স্ট্যাটাস দিয়ে তরুণের আত্মহত্যা!,corpus_expansion_5000,0.6240807500853555,1,1
v18_1694,জঙ্গি বিরোধী অভিযান শেষ : ১৪ হাজারে জঙ্গি ১৯৪,corpus_expansion_5000,0.1853662927697712,0,1
v18_2059,ফরিদপুরে বাস-ট্রাক সংঘর্ষে চালকসহ নিহত ২,corpus_expansion_5000,0.29463307552696333,0,1
v18_0463,ওডিশায় থাবা মেরে তিতলি যাচ্ছে পশ্চিমবঙ্গে,v17_reused,0.30093381222399707,0,0
v18_2330,দিনদুপুরে গুলি র্যাব কর্মকর্তাকে,corpus_expansion_5000,0.17491898592996105,0,1
v18_3043,১৩২০ মেগাওয়াট বিদ্যুৎকেন্দ্র স্থাপন হচ্ছে মহেশখালীতে,corpus_expansion_5000,0.24767096429543195,0,0
v18_4734,প্রচার-বিজ্ঞাপনে ঢাকা মুক্তিযুদ্ধের ভাস্কর্য!,corpus_expansion_5000,0.8553113535814503,1,0
v18_0594,মুশফিক কেন নিচে ব্যাটিং করেন?,v17_reused,0.828725972464913,1,0
v18_3814,ভারতে শত শত টন সোনা যায় কোথায়?,corpus_expansion_5000,0.7335605413829477,1,0
v18_0625,এই সহিংস শক্তিকে নিষিদ্ধ করতেই হবে,new_high_w1_pany,0.2174329183771929,0,0
v18_0450,"আ.লীগ ‘এখনই’ চায়, বিএনপির ‘না’",new_mid_w0_p0,0.431933173223743,1,0
v18_1499,আতঙ্ক থেকেই সরকারের ‘মামলার কৌশল’: রিজভী,corpus_expansion_5000,0.20520857548482635,0,1
v18_2456,"জাবি ছাত্রলীগে পাল্টাপাল্টি হামলা, আহত ৮",corpus_expansion_5000,0.08898505803892827,0,1
v18_4722,নবীগঞ্জে ভাতিজাকে নির্যাতনের ভিডিও পাঠিয়ে ভাবির কাছে টাকা দাবি!,corpus_expansion_5000,0.8565452898312056,1,0
v18_2984,বিদেশগামী যাত্রীদের করোনা পরীক্ষার ফি সর্বোচ্চ ৩ হাজার টাকা,corpus_expansion_5000,0.2601425988962303,0,0
v18_1569,জঙ্গি সন্দেহে ৪ নারী গ্রেপ্তার,corpus_expansion_5000,0.10711505246201655,0,1
v18_1034,দিয়াশলাই নিয়ে সংঘর্ষে নিহত ১,corpus_expansion_5000,0.3921913672632442,0,1
v18_3518,রমজানে ব্যাংক ও পুঁজিবাজারের অফিস সূচি,corpus_expansion_5000,0.1476023763660605,0,0
v18_1557,ভারতে ট্রেন দুর্ঘটনায় নিহত ১৫,corpus_expansion_5000,0.16079228470839807,0,1
v18_3624,ফাইনাল খেলেই ওয়ানডেকে বিদায় ক্লার্কের,corpus_expansion_5000,0.5243130518360242,1,0
v18_4664,সোমবার ঢাকায় এসেই কোহলিদের অনুশীলন,corpus_expansion_5000,0.3752431354790696,0,0
v18_0150,আশুলিয়ায় অস্ত্রসহ তিন ‘ডাকাত’ গ্রেপ্তার,new_mid_w0_p0,0.186677684723329,0,0
v18_1420,সরকারি পৃষ্ঠপোষকতায় ২১ আগস্ট হামলা হয়: হানিফ,corpus_expansion_5000,0.3106077524538265,0,1
v18_2011,কম্পিউটার ছাড়াই রাখির কীর্তি!,corpus_expansion_5000,0.7577048528648269,1,1
v18_2686,সন্ত্রাসবাদ দক্ষিণ এশিয়ার চ্যালেঞ্জ: চন্দ্রিকা,corpus_expansion_5000,0.30093381222399707,0,1
v18_1786,ট্রাক-অটোরিকশা সংঘর্ষে নিহত ৬,corpus_expansion_5000,0.2895705106934872,0,1
v18_0088,আমাদের দুটি উইকেট বেশি পড়েছে: রাজ্জাক,new_mid_w0_p0,0.6211206420662264,1,0
v18_0457,বাড়াবাড়ির গুলিবর্ষণ,new_mid_w0_p0,0.18361223420384012,0,0
v18_1305,বানিয়াচংয়ে দু’দলের সংঘর্ষ,corpus_expansion_5000,0.1353199798207458,0,1
v18_2925,"মেঘনায় তলা ফাটল লঞ্চের, যাত্রীদের রক্ষা",corpus_expansion_5000,0.8251239609220575,1,0
v18_3270,তেল ট্যাংকার জব্দ: ব্রিটেনের বিরুদ্ধে প্রতিশোধের হুমকি ইরানের,corpus_expansion_5000,0.5648214880749929,1,0
v18_3227,ঊর্ধ্বগতিসম্পন্ন অর্থনীতিতে নারীর অবদান থাকে,corpus_expansion_5000,0.15291728462565163,0,0
v18_1988,না'গঞ্জে জমি নিয়ে সংঘর্ষে আহত ১০,corpus_expansion_5000,0.10887256954965677,0,1
v18_3754,গুগল-ফেসবুক-আমাজনের আধিপত্য ক্রেতার জন্য ভালো নয়,corpus_expansion_5000,0.20755164041364976,0,0
v18_3646,ঠান্ডায় গরম গরম পানীয়,corpus_expansion_5000,0.5434738198858534,1,0
v18_0831,ধুনটে সড়ক দুর্ঘটনায় নিহত ২,corpus_expansion_5000,0.1517903805359531,0,1
v18_0239,চলতি সপ্তাহে তিন কোম্পানির এজিএম,new_mid_w1_p0,0.3921913672632442,0,0
v18_4681,খালেদার গ্যাটকো মামলায় অভিযোগ গঠনের শুনানি পিছিয়েছে,corpus_expansion_5000,0.16079228470839807,0,0
v18_3022,ঘরোয়া আয়োজনে ইফতারের পুষ্টিকর রেসিপি,corpus_expansion_5000,0.3921913672632442,0,0
v18_3148,"কুয়েত, চেক প্রজাতন্ত্রকে বিনিয়োগের আহ্বান প্রধানমন্ত্রীর",corpus_expansion_5000,0.30093381222399707,0,0
v18_1946,ফরিদপুরে ‘ডাকাতদের গোলাগুলিতে’ নিহত ১,corpus_expansion_5000,0.16079228470839807,0,1
v18_2775,লাশ ফেরত দিল বিএসএফ,corpus_expansion_5000,0.39623092801523313,0,1
v18_0192,বিএনপির সাবেক দুই সাংসদ পাঁচ দিন করে রিমান্ডে,v17_reused,0.15367543954699134,0,0
v18_4849,ইন্টারনেটে লেনদেনে নীতিমালা করার তাগিদ,corpus_expansion_5000,0.4034389532222642,0,0
v18_4939,কর্মক্ষেত্রে সফল হওয়ার ৭ উপায়,corpus_expansion_5000,0.4806427980857302,1,0
v18_0944,অপহরণের পর ধর্ষণ: চাঁপাইনবাবগঞ্জে একজনের যাবজ্জীবন,corpus_expansion_5000,0.10801904213810284,0,1
v18_1268,ধর্ষণ চেষ্টার ঘটনায় উত্তাল ধনবাড়ী,corpus_expansion_5000,0.14437760475291772,0,1
v18_4231,যুক্তরাজ্যে সন্দেহভাজন প্রায় ১০০ যুদ্ধাপরাধী বাস করছেন,corpus_expansion_5000,0.11317000625789762,0,0
v18_2307,‘প্রাচীন নগরী হাত্রা ধ্বংস করেছে আইএস’,corpus_expansion_5000,0.10142683793419635,0,1
v18_4424,প্রার্থিতা ফিরে পেলেন মামুন খান,corpus_expansion_5000,0.15212904411586817,0,0
v18_4711,এবার চলচ্চিত্র কর্মীদের খাবারের দায়িত্ব নিলেন হৃতিক,corpus_expansion_5000,0.797509549022906,1,0
v18_2313,ডিএসসিসি ৬৫ নং ওয়ার্ড: আওয়ামী লীগ বনাম যুবলীগ লড়াই,corpus_expansion_5000,0.12817749791593616,0,1
v18_3214,অর্থদণ্ড পরিশোধে পূর্বানুমতির বাধা কাটল,corpus_expansion_5000,0.17921858498670093,0,0
v18_2732,‘বিএনপির সময় দেশ ছিল নরক’,corpus_expansion_5000,0.1272151882761766,0,1
v18_1926,‘ব্যর্থ’ কোহলির ৩৩,corpus_expansion_5000,0.4677390838333056,1,1
v18_4227,ব্রাজিল যাচ্ছেন বাকি-শোভন,corpus_expansion_5000,0.6392111355973198,1,0
v18_4676,২০২০ সালে ৯৮ শতাংশ স্মার্টফোন বিক্রি হবে,corpus_expansion_5000,0.28008474130873345,0,0
v18_0800,২০ ডিসেম্বর ‘নেকাব্বরের মহাপ্রয়াণ’,corpus_expansion_5000,0.9924464910716374,1,1
v18_3671,নিউইয়র্কে আনন্দে মেতেছে সবাই,corpus_expansion_5000,0.4613166826765943,1,0
v18_4193,রাশিয়া বিশ্বকাপে ভাঙতে পারে যে ১০ রেকর্ড,corpus_expansion_5000,0.8389153829857209,1,0
v18_2968,ঢাকায় উবারের মোটর সাইকেল শেয়ারিং সেবাও চালু,corpus_expansion_5000,0.31354072118734344,0,0
v18_4793,খালেদার সঙ্গে কমনওয়েলথ মহাসচিবের সাক্ষাৎ,corpus_expansion_5000,0.9403049901400887,1,0
v18_4368,পুলিশের অভিযানে পণবন্দী প্রবাসী ঢাকায় উদ্ধার,corpus_expansion_5000,0.20861624743262033,0,0
v18_2776,রক্তগঙ্গা বইত স্টেডিয়ামেই!,corpus_expansion_5000,0.9477362338437526,1,1
v18_2970,আমাদের জনগণ ধর্মপ্রিয় তারা মৌলবাদী চিন্তা করে না-আইজিপি,corpus_expansion_5000,0.13188104082806887,0,0
v18_3867,বন্দরের এনসিটিতে অপারেটর নিয়োগ স্থগিত,corpus_expansion_5000,0.0945363922261271,0,0
v18_1743,বগুড়ায় ১১ জঙ্গি গ্রেফতার,corpus_expansion_5000,0.2899991054454769,0,1
v18_3948,ঢাকা-চট্টগ্রাম রেল বন্ধ,corpus_expansion_5000,0.4165568777450921,0,0
v18_3802,খালেদা জিয়া যেকোনো স্থানে যেতে পারবেন,corpus_expansion_5000,0.1296436758523923,0,0
v18_2024,নাফ নদীতে আরও ১১ রোহিঙ্গার লাশ,corpus_expansion_5000,0.1353199798207458,0,1
v18_2274,নেত্রকোণায় বাসচাপায় বাইক আরোহী নিহত,corpus_expansion_5000,0.2574823647141369,0,1
v18_0099,কোপা দেল রে’র নক আউটে বার্সা-রিয়াল,new_high_w1_pany,0.6574241273716266,1,1
v18_4921,জুডিশিয়াল ম্যাজিস্ট্রেট আদালত ভবনের প্রকল্প একনেকে অনুমোদন,corpus_expansion_5000,0.13518241857686253,0,0
v18_3407,মাইক্রোসফটের স্মার্টফোন ভালো অবস্থায়,corpus_expansion_5000,0.2060688837501653,0,0
v18_4245,মার্কিন ক্ষেপণাস্ত্র প্রতিরক্ষা পরিকল্পনা রুখতে বিকল্পের সন্ধানে রাশিয়া,corpus_expansion_5000,0.38477547706397086,0,0
v18_4619,লক্ষ্মীপুরে বেড়িবাঁধ ভেঙে গ্রাম প্লাবিত,corpus_expansion_5000,0.34200983460079226,0,0
v18_4916,"গোবর ও গোমূত্রের তৈরি সাবান আনছে আরএসএস, থাকবে মোদি কুর্তাও!",corpus_expansion_5000,0.7329861260080995,1,0
v18_0191,কোনো ধর্মের মানুষই নিরাপদ নয় : খালেদা,new_mid_w0_p0,0.35902723938990144,0,0
v18_4696,পদ্মায় বাঁধ দিয়ে মাছ শিকার,corpus_expansion_5000,0.22311587068072297,0,0
v18_1784,যশোরে ‘বন্দুকযুদ্ধে’ একজন নিহত,corpus_expansion_5000,0.19000580961738978,0,1
v18_1532,জামালপুরে বজ্রপাতে ৫ জন নিহত,corpus_expansion_5000,0.17491898592996105,0,1
v18_2834,‘প্রয়োজনে হেগ-এ নিয়ে যান সাকাকে’,corpus_expansion_5000,0.14973421894816857,0,1
v18_4444,প্রতিষ্ঠার পর মুফতি জসিম উদ্দীন রহমানীসহ ৫০ সন্দেহভাজনকে গ্রেফতারে সক্ষম হয়েছে সিটিটিসি,corpus_expansion_5000,0.09386818029598121,0,0
v18_4915,নির্বাহী পরিচালক হলেন ছাইদুর রহমান,corpus_expansion_5000,0.1353199798207458,0,0
v18_1598,ধর্ষণের শিকার আরো ৩ : আটক ২,corpus_expansion_5000,0.4735811076403684,1,1
v18_1779,চট্টগ্রামে ৩ ‘জেএমবির’ বিস্ফোরক মামলা পুনঃতদন্তের নির্দেশ,corpus_expansion_5000,0.0945363922261271,0,1
v18_4900,দায়িত্ব ছেড়ে দিচ্ছেন সেই ইংলিশ কোচ,corpus_expansion_5000,0.653167008581208,1,0
v18_2574,আখাউড়ায় থানায় নিয়ে বিয়ে!,corpus_expansion_5000,0.9122907395731579,1,1
v18_3398,পুরনো গাড়ির দাম সাড়ে চার লাখ টাকা পর্যন্ত বেড়েছে: বারভিডা,corpus_expansion_5000,0.4111896330138989,0,0
v18_3975,...এ ধরনের ঘটনা মানুষ গ্রহণ করেছে,corpus_expansion_5000,0.3451374483123983,0,0
v18_3770,যুক্তরাষ্ট্রে বাড়ির দাম সাত বছরের সর্বোচ্চ,corpus_expansion_5000,0.4413369854724032,1,0
v18_0166,অভ্যুত্থান পরিকল্পনাকারীদের ছাড় নয়: প্রধানমন্ত্রী,v17_reused,0.37826138688823246,0,0
v18_1751,গাংনীতে ‘গোলাগুলিতে’ নিহত ১,corpus_expansion_5000,0.156883207513163,0,1
v18_1479,মাদক-জঙ্গিবাদ নির্মূলে চারঘাট ঘোষণা,corpus_expansion_5000,0.27273548435752637,0,1
v18_1024,মিউনিখে কে এই হামলাকারী?,corpus_expansion_5000,0.708185871044357,1,1
v18_1788,‘সীমান্ত হত্যা শূন্যের কোটায়’,corpus_expansion_5000,0.24658569031706137,0,1
v18_2264,রাজশাহীতে নারীসহ ৭ ‘জঙ্গি’ গ্রেপ্তার,corpus_expansion_5000,0.25164664892226296,0,1
v18_2473,ভোলায় আ’লীগ-বিএনপির দফায় দফায় সংঘর্ষে আহত ২০,corpus_expansion_5000,0.1791537982491679,0,1
v18_1822,ফুটবলের ‘অট্টহাসি’ লিসবনে!,corpus_expansion_5000,0.7647905207928839,1,1
v18_1220,‘বিচারবহির্ভূত’ হত্যা বন্ধের আহ্বান এইচআরডব্লিউর,corpus_expansion_5000,0.11334757216895708,0,1
v18_1666,‘ভেঙে পড়া’ জেএমবি হামলায় এগিয়ে!,corpus_expansion_5000,0.41890316840323083,1,1
v18_2960,বিজ্ঞাপনমুক্ত ফেসবুক সংস্করণ নিয়ে চলছে গবেষণা,corpus_expansion_5000,0.22331343612620913,0,0
v18_0152,তথ্য আইনের আশ্রয় নিন: মির্জ্জা আজিজ,new_mid_w0_p0,0.09102733860529963,0,0
v18_2534,প্রথম বলে শচীনের ভয়!,corpus_expansion_5000,0.9270092408458263,1,1
v18_4688,তিন কুকুরের স্কুটার যাত্রা,corpus_expansion_5000,0.22311587068072297,0,0
v18_1978,"আধিপত্যের দ্বন্দ্বে বোমা হামলা, নিহত ১",corpus_expansion_5000,0.18497759610769157,0,1
v18_1469,কারাগারে ৩৩ বন্দীকে হত্যা,corpus_expansion_5000,0.15722561675919342,0,1
v18_2807,২৫ ডিসেম্বর: আজকের ধাঁধা,corpus_expansion_5000,0.4413369854724032,1,1
v18_2512,"আগারগাঁওয়ে অস্ত্র ও মাদক উদ্ধার, গ্রেপ্তার ২৫",corpus_expansion_5000,0.16967882471207463,0,1
v18_2943,"ডাকসু নির্বাচনে অসংখ্য অনিয়ম হয়েছে, সাফাই গাওয়া উচিত নয়: ঢাবি সিনেটে ভিপি নুরুল",corpus_expansion_5000,0.10545117587554753,0,0
v18_2980,বে-টার্মিনালের নির্ধারিত স্থানের পাশ থেকে বালু উত্তোলন,corpus_expansion_5000,0.18269319975931203,0,0
v18_4822,মার্কিন দূতাবাসকে বাণিজ্যিক কর্মকাণ্ড বন্ধ করতে বলেছে ভারত,corpus_expansion_5000,0.31247237046248827,0,0
v18_3017,"মহাসড়কে গতিরোধক নেই, ঝুঁকিতে শিক্ষার্থীরা",corpus_expansion_5000,0.8619312109579542,1,0
v18_1566,পিরোজপুরে ‘কষ্টিপাথরসহ’ গ্রেপ্তার ৩,corpus_expansion_5000,0.4178524313426963,1,1
v18_0031,কিশোরগঞ্জ পাসপোর্ট কার্যালয়ের দালালের কারাদণ্ড,v17_reused,0.17491898592996105,0,0
v18_0937,বড় ধরনের নাশকতার শঙ্কা,corpus_expansion_5000,0.20196452531445702,0,1
v18_1215,কিশোরগঞ্জে সংঘর্ষে নিহত ১,corpus_expansion_5000,0.1353199798207458,0,1
v18_1937,"শেষকৃত্য অনুষ্ঠানে বোকো হারামের হামলা, নিহত ৬৫",corpus_expansion_5000,0.11036844485109495,0,1
v18_1129,মিরপুরের ‘জঙ্গি আস্তানায়’ গুলির শব্দ,corpus_expansion_5000,0.13346462115782765,0,1
v18_0309,বঙ্গবন্ধুর ভাস্কর্য স্বাধীন দেশে হবেই,v17_reused,0.4707137827014917,1,0
v18_4901,গরমে আম খেলে যত উপকার,corpus_expansion_5000,0.4413369854724032,1,0
v18_2168,ভাঙ্গায় বাসের চাপায় কিশোর নিহত,corpus_expansion_5000,0.36835127139997426,0,1
v18_3113,এখনো ই–মেইলে নজরদারি চালিয়ে যাচ্ছে যু্ক্তরাষ্ট্র,corpus_expansion_5000,0.1353199798207458,0,0
v18_0495,আবেগ বুঝতে পারা ব্যবসার জন্য ভালো,new_mid_w0_p0,0.2098620032400554,0,0
v18_0205,চাঁদপুরে নিখোঁজ পুলিশের লাশ বরিশালে,v17_reused,0.18652982268526705,0,0
v18_2673,জিসান হত্যাকাণ্ডে অন্ধকারে পুলিশ,corpus_expansion_5000,0.0945363922261271,0,1
v18_3357,তালায় ক্ষুরা রোগে গরু-ছাগল মারা যাচ্ছে,corpus_expansion_5000,0.22311587068072297,0,0
v18_3830,"নামতে হবে ব্যাটিংয়ে, তিনি মগ্ন বইয়ের পাতায়",corpus_expansion_5000,0.9135293827389105,1,0
v18_0305,ক্রিকেটারদের জন্য বিভিন্ন পেশাজীবীর শুভকামনা,new_mid_w1_p1,0.8496897880192583,1,1
v18_3793,একক প্রার্থিতা নিশ্চিতের চিঠি দিচ্ছে আওয়ামী লীগ,corpus_expansion_5000,0.4230726918536915,1,0
v18_2201,বন্দুকযুদ্ধে দুই ভাইসহ তিনজন নিহত,corpus_expansion_5000,0.2411447352040636,0,1
v18_1061,শরীয়তপুরে ‘বন্দুকযুদ্ধে’ নিহত ২,corpus_expansion_5000,0.24332721018927692,0,1
v18_0843,অচল নোটে সচল দুর্নীতি কাণ্ড!,corpus_expansion_5000,0.575225731708319,1,1
v18_3872,যথাসময়ে এলসির বিল পরিশোধ না করলে জরিমানা,corpus_expansion_5000,0.30093381222399707,0,0
v18_2251,নেতাহীন জঙ্গিরা ছোট ছোট গ্রুপে বিভক্ত: মনিরুল,corpus_expansion_5000,0.12728317623043375,0,1
v18_0211,রোহিঙ্গা নির্যাতনের প্রতিবাদ কলকাতায়,v17_reused,0.3199038909280351,0,0
v18_3997,চট্টগ্রামে ফ্লাইওভারের নির্মাণসামগ্রী পড়ে শিক্ষার্থী আহতের অভিযোগ,corpus_expansion_5000,0.12443420472344577,0,0
v18_0679,চট্টগ্রামে চুলার আগুনে দগ্ধ শিশুর মৃত্যু,v17_reused,0.33247110482375264,0,0
v18_0565,ফেনীতে পাঁচটি বোমা বিস্ফোরণ,new_mid_w1_p0,0.15602857184885005,0,0
v18_3290,"বাজারে রসাল মৌসুমি ফল, দাম চড়া",corpus_expansion_5000,0.30093381222399707,0,0
v18_4354,এইচপিতে জায়গা পেলেন সালমান,corpus_expansion_5000,0.5263955317736001,1,0
v18_0680,"শাহজাদপুরে প্রতিমা ভাঙচুর, রাঙ্গুনিয়ায় মন্দিরে আগুন",v17_reused,0.08841979600162797,0,0
v18_0180,নাজমুল হুদার মেয়ে অন্তরা পেলেন না বিএনপির চিঠি,new_mid_w1_p0,0.3515763410552523,0,0
v18_4279,করোনায় মারা গেলে ২ লাখ টাকা দেবে ন্যাশনাল ব্যাংক,corpus_expansion_5000,0.28008474130873345,0,0
v18_2495,‘এক নম্বর’ নাদালের আরেকটি ব্যর্থতা,corpus_expansion_5000,0.5937142332754775,1,1
v18_2316,মাদ্রাসাছাত্রী নিহত,corpus_expansion_5000,0.4007782457918172,0,1
v18_4273,কলকাতায় বাংলাদেশের প্রথম বাধা মুম্বাই,corpus_expansion_5000,0.8362821348238718,1,0
v18_0278,মুফতী শহীদুলের বিরুদ্ধে দুর্নীতি মামলার রায় ১৯ মার্চ,new_mid_w1_p1,0.08862940583044417,0,1
v18_3683,প্রস্তুতি ম্যাচে প্রস্তুত হওয়ার অনেক কিছুই পাওয়া গেলো,corpus_expansion_5000,0.43551828726142805,1,0
v18_4762,আবু আলম শহীদ খানসহ তিনজনের পদোন্নতি,corpus_expansion_5000,0.10642222382299953,0,0
v18_0432,নানা শর্তে সঞ্চয়পত্রে গ্রাহকের আগ্রহ কমছে,new_mid_w0_p0,0.2601425988962303,0,0
v18_0289,আয়ের শীর্ষে এমা স্টোন,new_mid_w1_p0,0.6974874866511146,1,0
v18_1027,সংঘর্ষের পর কাপ্তাইয়ের ‘সুইডিশ’ বন্ধ,corpus_expansion_5000,0.15892977267212405,0,1
v18_0535,সেই বিচারপতির বিরুদ্ধে ব্যবস্থা নিতে পদক্ষেপ,new_high_w1_pany,0.17565966811603864,0,1
v18_3631,ইকো ডিভাইসের দাম কমালো অ্যামাজন,corpus_expansion_5000,0.2601425988962303,0,0
v18_0188,কায়সারের ইশারায় বাবাসহ সাতজনকে হত্যা করা হয়,v17_reused,0.2557297749704314,0,0
v18_2174,১৭ বছর পর মুক্তি পাচ্ছেন ‘আমেরিকান তালেবান’,corpus_expansion_5000,0.4191342940228083,1,1
v18_3915,'এবার মাঠে নামার ব্যাপারে আশাবাদী',corpus_expansion_5000,0.3752431354790696,0,0
v18_1862,শেরপুরে ৪ বছরের শিশুকে হত্যা!,corpus_expansion_5000,0.5241979785534703,1,1
v18_0270,আজ চুক্তি পরিসংখ্যান মান উন্নয়নে সহায়তা দিচ্ছে বিশ্বব্যাংক,v17_reused,0.19208625077447028,0,0
v18_1728,বাগেরহাটে গৃহবধূকে ‘হত্যা’: শ্বশুরসহ আটক ৩,corpus_expansion_5000,0.7476038848753772,1,1
v18_4075,দরপতনের শীর্ষে ফার্স্ট এনআরবি মিউচ্যুয়াল ফান্ড,corpus_expansion_5000,0.534773342741746,1,0
v18_2157,সরকার ও প্রশাসনে জঙ্গিবাদ,corpus_expansion_5000,0.49389774590418206,1,1
v18_3931,যশোরে ১ কেজি ওজনের একটি সোনার বার উদ্ধার,corpus_expansion_5000,0.17491898592996105,0,0
v18_0111,আগুয়েরোর গোলে জয়ে শুরু সিটির,new_mid_w1_p1,0.6091580614464711,1,1
v18_2384,গাজীপুরে নির্মাণাধীন ভবনের ছাদ ধসে নিহত ১,corpus_expansion_5000,0.09144496467522605,0,1
v18_0220,গৃহবধূ হত্যার বিচার দাবি,new_mid_w1_p0,0.32263931900913917,0,0
v18_0627,দক্ষিণ কোরিয়ায় একদিনে ৫৭১ জন করোনায় আক্রান্ত,v17_reused,0.2601425988962303,0,0
v18_1181,পুরোহিত হত্যা: এক আসামি কারাগারে,corpus_expansion_5000,0.1133379569328199,0,1
v18_3381,বাংলাদেশসহ এ অঞ্চলে বাজার সম্প্রসারণে আগ্রহী ক্যানন,corpus_expansion_5000,0.19310504161520556,0,0
v18_2422,ধর্ষণ মামলায় গ্রেফতার তৃতীয় শ্রেণির ছাত্র!,corpus_expansion_5000,0.6899037851811244,1,1
v18_0790,নিঝুম দ্বীপে ডুবে যাওয়া ট্রলারের আরও দুই জেলে উদ্ধার,new_high_w1_pany,0.18317196389676713,0,1
v18_4275,কয়েক মাসের মধ্যেই এই সরকারকে বিদায়: খালেদা,corpus_expansion_5000,0.09965755841903032,0,0
v18_0461,রামেক ছাত্রদের সঙ্গে এলাকাবাসীর সংঘর্ষে আহত ৩,v17_reused,0.22072131531565672,0,0
v18_4402,পশ্চিমবঙ্গের পঞ্চায়েত নির্বাচনে বিজেপির কৌশল,corpus_expansion_5000,0.1371510188943469,0,0
v18_0551,মেহেরপুরে অস্ত্রসহ দুই ব্যক্তি আটক,v17_reused,0.1353199798207458,0,0
v18_3129,জ্বালানি তেলের দাম কমানোর সুপারিশ সিপিডির,corpus_expansion_5000,0.19000580961738978,0,0
v18_1444,তেঁতুলিয়ায় হামলায় নিহত ১,corpus_expansion_5000,0.0925083047199343,0,1
v18_0198,বিরোধী দল আজ নীতি-নৈতিকতা হারিয়ে মুখ থুবড়ে পড়ার উপক্রম: মনজু,new_mid_w1_p1,0.2528272173465735,0,1
v18_2589,চবির শিক্ষক বাসে হামলার পর অভিযানে আটক ২৫,corpus_expansion_5000,0.12188208912015465,0,1
v18_0402,পাকিস্তানে হাক্কানি গোষ্ঠীর শীর্ষ নেতা নিহত,new_mid_w1_p0,0.3106077524538265,0,0
v18_3959,"ঈদের অগ্রিম টিকিট কখন, কোথায়",corpus_expansion_5000,0.2601425988962303,0,0
v18_4189,পাটকল শ্রমিকরা ঘরে ফিরেছেন,corpus_expansion_5000,0.1538395770366817,0,0
v18_4763,পাক সমর্থককে ম্যাচের টিকিট দিলেন ধোনি,corpus_expansion_5000,0.6786729007039516,1,0
v18_2095,হবিগঞ্জে উত্যক্তকারীর ১ বছর কারাদণ্ড,corpus_expansion_5000,0.1098198324314836,0,1
v18_2900,স্মার্টফোন-টিভিতে আসছে নিরাপদ স্ক্রিন,corpus_expansion_5000,0.21093841116397974,0,0
v18_4462,দিনাজপুরে দুর্ঘটনায় মোটরসাইকেল আরোহী নিহত,corpus_expansion_5000,0.2060688837501653,0,0
v18_0650,আশারাম বাপু যৌন নির্যাতনে সক্ষম,v17_reused,0.1093688378200317,0,0
v18_0708,‘আইএসের শীর্ষনেতা বাগদাদি গুরুতর আহত’,new_mid_w0_p0,0.3914976684002542,0,0
v18_1480,‘দুর্নীতির অভিযোগ টোটালি রং’,corpus_expansion_5000,0.09954188206301182,0,1
v18_4414,সিলেটে দুই ছিনতাইকারী গ্রেফতার,corpus_expansion_5000,0.19000580961738978,0,0
v18_3065,মেইল খুলতে বাধ্যতামূলক হচ্ছে ফোন নম্বর,corpus_expansion_5000,0.37947776013135415,0,0
v18_2395,২৫ ডিসেম্বর: ইতিহাসে আজকের এই দিনে,corpus_expansion_5000,0.7178599377734799,1,1
v18_1769,নিহত ‘জঙ্গিরা’ গুলশান হামলাকারীদের গ্রুপের: ডিএমপি,corpus_expansion_5000,0.20610331440171456,0,1
v18_0314,'অবধারিত ধ্বংস' ঠেকাতে ইউনূসের আহ্বান,v17_reused,0.11780483083565961,0,0
v18_3761,"বিরামপুর শহরে ফুটপাত নেই, ভোগান্তি",corpus_expansion_5000,0.17119389624323653,0,0
v18_4909,প্রার্থিতায় ‘অনুপ্রবেশ’ ঠেকানোর ঘোষণা,corpus_expansion_5000,0.23424929676914494,0,0
v18_0113,‘অস্কারের পেছনে ছুটছি কেন’,v17_reused,0.9031133989024074,1,0
v18_0960,আলেমদের হত্যার ‘ষড়যন্ত্রে’ বিক্ষোভ চট্টগ্রামে,corpus_expansion_5000,0.14967156023518408,0,1
v18_2910,"২৯ গোল করেও সাম্পাওলির বিশ্বকাপ দলে নেই ইকার্দি, সুযোগ মিলেছে দিবালার",corpus_expansion_5000,0.3451374483123983,0,0
v18_3405,টেকনোর ফ্ল্যাগশিপ দুটি স্মার্টফোন বাজারে,corpus_expansion_5000,0.7384126165357974,1,0
v18_1623,‘জাগগা জাসুস’-এ গোবিন্দ নেই!,corpus_expansion_5000,0.9875399658825671,1,1
v18_3322,বাণিজ্যিক বিমান চলাচলে চীনকে জানাতে যুক্তরাষ্ট্রের পরামর্শ,corpus_expansion_5000,0.14816176329557498,0,0
v18_4999,স্মার্টফোনে গাড়ি পার্কিং,corpus_expansion_5000,0.5182791658573175,1,0
v18_1818,নাইজেরিয়ায় সাম্প্রদায়িক সহিংসতায় নিহত ৫৫,corpus_expansion_5000,0.36513858716764985,0,1
v18_3194,"নেদারল্যান্ডস, ইংল্যান্ড, পতুর্গাল, ফ্রান্সের বড় জয়",corpus_expansion_5000,0.22311587068072297,0,0
v18_3007,বাল্যবিবাহ শব্দটি যেন বাংলাদেশে না থাকে,corpus_expansion_5000,0.6764809178252855,1,0
v18_3414,বগুড়ায় নকল দুধ তৈরির কারখানার সন্ধান লাভ,corpus_expansion_5000,0.0945363922261271,0,0
v18_4528,১৫ আগস্টের নামে চাঁদাবাজিতে আ.লীগ তাদের নেতাকে ছোট করেছে,corpus_expansion_5000,0.5658354384456563,1,0
v18_1897,ধর্ষণে ব্যর্থ হয়ে শিশুকে হত্যা!,corpus_expansion_5000,0.6070367164490782,1,1
v18_1918,অভিজিৎ খুনের ‘দায় স্বীকার’ আনসারুল্লাহ জঙ্গির,corpus_expansion_5000,0.0945363922261271,0,1
v18_1270,টেকনাফে বিজিবির সঙ্গে ‘বন্দুকযুদ্ধে’ নিহত ১,corpus_expansion_5000,0.5243130518360242,1,1
v18_4176,চর্মরোগের চিকিৎসা প্রসারে কুয়াকাটায় বাংলাদেশ ও ভারতের শতাধিক বিশেষজ্ঞ,corpus_expansion_5000,0.25327684716135557,0,0
v18_4962,পুকুরে বিষ দিয়ে মাছ নিধন,corpus_expansion_5000,0.2601425988962303,0,0
v18_4883,ভিকারুননিসার ভারপ্রাপ্ত অধ্যক্ষ হাসিনা বেগম,corpus_expansion_5000,0.0945363922261271,0,0
v18_4094,নড়াইলে বিজয় সরকার জন্মজয়ন্তী উৎসব উদ্বোধন,corpus_expansion_5000,0.598900906658088,1,0
v18_3159,দাম বাড়ায় গরুর মাংসের বিক্রি কমেছে চট্টগ্রামে,corpus_expansion_5000,0.0945363922261271,0,0
v18_1813,সিলেটে সড়ক দুর্ঘটনায় নিহত ৫,corpus_expansion_5000,0.10933802084493563,0,1
v18_2426,মেসিকেও লোভ দেখাচ্ছে চীনারা!,corpus_expansion_5000,0.9154559664255073,1,1
v18_3950,গণতন্ত্র জোরদারে যুক্তরাষ্ট্রের সহযোগিতার আশা খালেদার,corpus_expansion_5000,0.3313952984543241,0,0
v18_4428,স্বেচ্ছাসেবক লীগ নেতার বিরুদ্ধে আ.লীগ নেতার মামলা,corpus_expansion_5000,0.1106973481577134,0,0
v18_2142,লোপেজের ‘সত্যিকারের ভালোবাসা’,corpus_expansion_5000,0.6591786595763865,1,1
v18_1626,"হাঙ্গামায় আহত ৮, গুলিবিদ্ধ ২",corpus_expansion_5000,0.09204023494960747,0,1
v18_0789,জাবির ১২ শিক্ষককে সম্মাননা প্রদান,v17_reused,0.18376816404616345,0,0
v18_3786,সিনিয়র স্টাফ নার্স নিয়োগ দেবে সরকারি কর্ম কমিশন সচিবালয়,corpus_expansion_5000,0.17504814177908173,0,0
v18_1864,আফগানিস্তানে ৭ ন্যাটো সেনাসহ নিহত ৩৫,corpus_expansion_5000,0.0945363922261271,0,1
v18_2865,‘ভুল নিশানায়’ নিহত নয়জন ইরাকি সেনা,corpus_expansion_5000,0.0945363922261271,0,1
v18_0871,চার জঙ্গির ফাঁসির রায়,corpus_expansion_5000,0.3150450978523394,0,1
v18_3271,"মাওয়ায় ফেরি চলছে, তবে বাস নিচ্ছে না",corpus_expansion_5000,0.10194050855530264,0,0
v18_3833,৩১ কর্মকর্তার মুক্তিযোদ্ধা সনদ বাতিলে প্রজ্ঞাপন,corpus_expansion_5000,0.2682710354318056,0,0
v18_0073,কমদামি ফোনে মাইক্রোসফটের চোখ?,v17_reused,0.699920541260577,1,1
v18_1752,কিশোরগঞ্জে দু’পক্ষের সংঘর্ষে নিহত ১,corpus_expansion_5000,0.12834468046721156,0,1
v18_1421,সারা দেশে হামলার পরিকল্পনা ছিল একিউআইএসের!,corpus_expansion_5000,0.9086649326352848,1,1
v18_4221,গণতন্ত্র পুনরুদ্ধারে বিএনপির সঙ্গে একত্রে কাজ করব: কাদের সিদ্দিকী,corpus_expansion_5000,0.22658319363516422,0,0
v18_4693,বড়াইগ্রামে ওএমএসের চাল বিক্রি বন্ধ তিন দিন,corpus_expansion_5000,0.22311587068072297,0,0
v18_4369,স্বপ্ন ও সাধ্যের ফারাক,corpus_expansion_5000,0.6526437611512376,1,0
v18_4575,যুগান্তরের বর্ষপূর্তিতে না’গঞ্জ আদালতপাড়ায় কেক কাটলেন ডিসি,corpus_expansion_5000,0.4414845567443966,1,0
v18_3809,"গাজীপুরে ট্রাক বিদ্যুতায়িত, চালক ও সহকারীর মৃত্যু",corpus_expansion_5000,0.4076543965940803,0,0
v18_2244,ঢাবির ‘চ’ ইউনিটের ফল প্রকাশ,corpus_expansion_5000,0.19000580961738978,0,1
v18_3047,ভেজাল সার ও কীটনাশক কারখানার সন্ধান,corpus_expansion_5000,0.16079228470839807,0,0
v18_2445,মধুপুরে ৫ মাদকসেবীর জেল,corpus_expansion_5000,0.22311587068072297,0,1
v18_0494,শীতাতপ ব্যবস্থা চান না কেজরিওয়াল,v17_reused,0.1353199798207458,0,0
v18_3130,নোয়াখালীতে লাঠিয়াল বাহিনীর হাতে জিম্মি ৪ হাজার সিএনজি-অটোরিকশা,corpus_expansion_5000,0.18692087892884576,0,0
v18_4321,সিরিয়ায় নতুন যুদ্ধবিরতির প্রস্তাব চীনের,corpus_expansion_5000,0.0945363922261271,0,0
v18_4397,ট্যারিফ আইন সংশোধন,corpus_expansion_5000,0.2860730847351194,0,0
v18_1164,পাহাড় ধসে নিহত ১,corpus_expansion_5000,0.4413369854724032,1,1
v18_3734,ইয়াংওয়ানের পাঁচ কারখানায় কাজ শুরু,corpus_expansion_5000,0.11036844485109495,0,0
v18_1730,আত্মহত্যা ঠেকাবে স্প্রে!,corpus_expansion_5000,0.8963515588503678,1,1
v18_4812,চলে গেলেন অস্ট্রেলিয়ার ৩৩তম অধিনায়ক,corpus_expansion_5000,0.8307776161953655,1,0
v18_2402,লন্ডন হামলা: পিটুনি থেকে হোতাকে বাঁচালেন ইমাম,corpus_expansion_5000,0.20269694651052209,0,1
v18_3403,"টাইটেল স্পনসর ব্র্যাক ব্যাংক, আইসক্রিম স্পনসরও আছে",corpus_expansion_5000,0.17491898592996105,0,0
v18_0618,চাহিদার অর্ধেক গরুই আসে ভারত থেকে,new_low_w0_pany,0.09264088942868803,0,0
v18_1697,‘আমরা সবাই শিকারি’: শ্রাবন্তী,corpus_expansion_5000,0.8551460124766889,1,1
v18_3593,বিসিএস'র বাতিল ফল বহালের দাবিতে অনশন চলছে,corpus_expansion_5000,0.18839516624329813,0,0
v18_1957,আশুলিয়ায় বাস-লেগুনা সংঘর্ষে নিহত ৫,corpus_expansion_5000,0.2060688837501653,0,1
v18_1221,শেরপুরে পুলিশের সঙ্গে ‘বন্দুকযুদ্ধে’ এক জঙ্গি নিহত,corpus_expansion_5000,0.15445887402942632,0,1
v18_2073,"‘অডিটর’ নিয়োগ পরীক্ষার প্রশ্ন ফাঁস, আটক ১৫",corpus_expansion_5000,0.36835127139997426,0,1
v18_3410,চট্টগ্রাম থেকে সরাসরি হজ ফ্লাইট চালুর দাবি,corpus_expansion_5000,0.11164988212464767,0,0
v18_0869,সোশ্যাল মিডিয়ায় ভাইরাল ‘ডাইনোসর মাছ’!,corpus_expansion_5000,0.9723916673269005,1,1
v18_2718,স্কুলছাত্রীর ভাইকে গলা কেটে ‘হত্যার চেষ্টা’,corpus_expansion_5000,0.1329093862093684,0,1
v18_1042,মিল্টন হত্যা: জবানবন্দি দিলেন কাশেম,corpus_expansion_5000,0.0909442693393218,0,1
v18_1361,গারো তরুণী ধর্ষণ: রুবেলসহ ৪ জনের বিরুদ্ধে অভিযোগপত্র,corpus_expansion_5000,0.08902669582418761,0,1
v18_0356,ব্রাহ্মণবাড়িয়ায় সিভিল সার্জন কার্যালয় ঘেরাও-ভাংচুর,v17_reused,0.3765108221437137,0,0
v18_1162,‘হোয়াই নট’ ঈশিতা,corpus_expansion_5000,0.7346655394027533,1,1
v18_2765,বিশ্বকাপের ট্রফি ‘মিস’ করেন মেসি,corpus_expansion_5000,0.48719929544414753,1,1
v18_3252,'মার্কিন নিষেধাজ্ঞায় প্রভাব পড়বে না',corpus_expansion_5000,0.1133379569328199,0,0
v18_1438,অ্যাসিড সন্ত্রাস,corpus_expansion_5000,0.8856554763315495,1,1
v18_3603,রাজস্ব আদায়ে প্রবৃদ্ধি,corpus_expansion_5000,0.46892158437854076,1,0
v18_4940,দিনাজপুরে হিন্দুদের ওপর হামলার প্রতিবাদে খুবিতে মানববন্ধন,corpus_expansion_5000,0.20066468091734307,0,0
v18_4593,কৃত্রিমভাবে চলছে এরশাদের শ্বাস-প্রশ্বাস,corpus_expansion_5000,0.31512658319403974,0,0
v18_3639,ঢাকা শিশু হাসপাতাল হৃদ্রোগের চিকিৎসায় ওয়ার্ড চালু,corpus_expansion_5000,0.15638789955549356,0,0
v18_1253,"‘অস্ত্রের কারখানায়’ অভিযান, আগ্নেয়াস্ত্র-গুলিসহ আটক ২",corpus_expansion_5000,0.37592439660454763,0,1
v18_3365,সবজির দাম কমছে বাড়ছে চাল ও চিনি,corpus_expansion_5000,0.23991106181214988,0,0
v18_0332,‘রহস্যজনক ডাকাতি’ মন্তব্য অর্থমন্ত্রীর,new_high_w1_pany,0.8789634531931602,1,0
v18_3694,রাষ্ট্রপতির সঙ্গে ইতালির রাষ্ট্রদূতের বিদায়ী সাক্ষাত,corpus_expansion_5000,0.1239110617250224,0,0
v18_3568,ক্রীড়াঙ্গনের উন্নয়নে গণতন্ত্র ও সুশাসন গুরুত্বপূর্ণ,corpus_expansion_5000,0.34603810535845686,0,0
v18_2728,১ হাজার ৬৩২ কোটি টাকার বাজেট ঘোষণা,corpus_expansion_5000,0.3451374483123983,0,1
v18_3667,"মুহম্মদ খান-সভাপতি, ওয়াশিকুর রহমান-সাধারণ সম্পাদক",corpus_expansion_5000,0.16079228470839807,0,0
v18_1630,গাড়িবোমায় নিহত ৬০,corpus_expansion_5000,0.17491898592996105,0,1
v18_1116,‘জঙ্গিদের’ তথ্যে মোহাম্মদপুরে মিলল বিস্ফোরক,corpus_expansion_5000,0.27735724806940515,0,1
v18_1849,তাইজুল কি বাংলার ‘ডেডলি’!,corpus_expansion_5000,0.8983904554935364,1,1
v18_3554,অস্ট্রেলিয়ার যে রেকর্ড বারমুডা-পাপুয়া নিউগিনিরও,corpus_expansion_5000,0.5575055387629987,1,0
v18_3153,কেরানীগঞ্জে জিনসের প্যান্ট তৈরির ধুম,corpus_expansion_5000,0.30093381222399707,0,0
v18_3265,নতুন অর্থনৈতিক অঞ্চল প্রতিষ্ঠায় কাজ চলছে,corpus_expansion_5000,0.2851529236123448,0,0
v18_1665,শেরপুরে সংঘর্ষে আহত ৫,corpus_expansion_5000,0.36835127139997426,0,1
v18_0445,মুহাম্মদ হাবিবুর রহমানের কুলখানি অনুষ্ঠিত,new_high_w1_pany,0.24987576005539225,0,1
v18_2245,শিশু ও কৃষককে কুপিয়ে হত্যা,corpus_expansion_5000,0.0945363922261271,0,1
v18_0452,২১ মিনিট চেষ্টায় পুরান ঢাকার জুতার কারখানার আগুন নিভল,new_low_w0_pany,0.36835127139997426,0,0
v18_1551,রোগীর আত্মহত্যা!,corpus_expansion_5000,0.6063114688700569,1,1
v18_4434,'গেইম অফ থ্রোন্স'-এ ফিরছে জন স্নো?,corpus_expansion_5000,0.9944358990399882,1,0
v18_2954,টিকাটুলীতে এ-ওয়ান পলিমারের নতুন ডিপো,corpus_expansion_5000,0.27273548435752637,0,0
v18_0014,মাগুরায় মন্দিরের অলঙ্কার ‘চুরি’,new_mid_w0_p0,0.1723976248148546,0,0
v18_3628,পাটুরিয়া-কাজীরহাট রুটে ফেরি চলাচল আবার শুরু,corpus_expansion_5000,0.13200677088471446,0,0
v18_0945,১৬ আগস্ট: হাসতে নেই মানা,corpus_expansion_5000,0.9102818780870372,1,1
v18_0247,হাবিপ্রবি’তে ইমপ্রুফমেন্ট প্লান এন্ড টিচিং লার্নিং অ্যাসেসমেন্ট বিষয়ক দুই দিনব্যাপী ওয়ার্কশপ শুরু,new_high_w1_pany,0.1353199798207458,0,1
v18_4697,বীর উত্তম হাবিবুর রহমান নেই,corpus_expansion_5000,0.6660955940315115,1,0
v18_0360,পাবনায় দুদিনব্যাপী লালন উৎসব,v17_reused,0.420752462934253,1,0
v18_4656,করোনা মোকাবিলায় বিদেশেও সাহায্য শাহরুখের,corpus_expansion_5000,0.7255467745590829,1,0
v18_1614,কুমিল্লায় ‘বন্দুকযুদ্ধে’একজন নিহত,corpus_expansion_5000,0.15657429818955218,0,1
v18_2303,হামলায় জড়িতদের গ্রেপ্তারের দাবি,corpus_expansion_5000,0.365079031514132,0,1
v18_4141,সীতাকুণ্ডে তিন শিপ ব্রেকিং ইয়ার্ডের জরিমানা,corpus_expansion_5000,0.22404081870056092,0,0
v18_3168,কুয়েতে শ্রমিকদের আকামা সমস্যা সমাধানে দূতাবাসের উদ্যোগ,corpus_expansion_5000,0.0945363922261271,0,0
v18_2478,নভোজাইমস’র পুরস্কার পেল ৮ গার্মেন্ট,corpus_expansion_5000,0.5361398372178342,1,1
v18_4214,কামরাঙ্গীরচরে নিখোঁজ শিশু ইমনের লাশ ডোবা থেকে উদ্ধার,corpus_expansion_5000,0.18393133396037895,0,0
v18_4180,বাড়ি ইংল্যান্ড সমর্থন করে বাংলাদেশকে,corpus_expansion_5000,0.4413369854724032,1,0
v18_4884,১০ ব্যক্তিকে আটকে রেখে বিরোধপূর্ণ জমি দখল,corpus_expansion_5000,0.15357626676081645,0,0
v18_3163,বিশ্ব জুড়ে স্থবির বিমান যোগাযোগ স্বাভাবিক হতে লাগবে দুই বছর,corpus_expansion_5000,0.16757875590542037,0,0
v18_0490,ম্যান্ডেলা-অনুপ্রেরণা,new_mid_w1_p0,0.6008119471731185,1,0
v18_0862,"গাইবান্ধায় ডাকাতের হামলা, নিহত ২",corpus_expansion_5000,0.10521428139929538,0,1
v18_1740,১৯৬৬ সালে লাল বাহাদুর শাস্ত্রীর পাশে নেতাজি!,corpus_expansion_5000,0.9263033028842014,1,1
v18_4099,ঈদ সামনে রেখে সক্রিয় জাল টাকার কারবারি চক্র,corpus_expansion_5000,0.3451374483123983,0,0
v18_4385,বুধবার থেকে শুরু কোটি টাকার সুপার কাপ,corpus_expansion_5000,0.22311587068072297,0,0
v18_2447,গোপালগঞ্জে বৃদ্ধাকে কুপিয়ে হত্যা,corpus_expansion_5000,0.2861273246074394,0,1
v18_4230,হল্যান্ডের সন্ধ্যা হলুদ ফুল বাংলাদেশে,corpus_expansion_5000,0.19123916708851182,0,0
v18_0506,যুগান্তরের মেঘনা প্রতিনিধির মায়ের ইন্তেকাল,new_high_w1_pany,0.28008474130873345,0,1
v18_2677,৩৫ দিন পর কবর থেকে ওঠালো স্কুলছাত্রীর লাশ,corpus_expansion_5000,0.369145237405112,0,1
v18_2995,"ম্যাকডোনাল্ড, কেএফসি, বার্গার কিংয়ের পানীয়তে মলের ব্যাকটেরিয়া",corpus_expansion_5000,0.16079228470839807,0,0
v18_1942,ঝড়-বজ্রাঘাতে নিহত ৬ বিপুল ক্ষয়ক্ষতি,corpus_expansion_5000,0.19000580961738978,0,1
v18_1222,কবিরহাটে গণধর্ষণ,corpus_expansion_5000,0.1077560818240046,0,1
v18_1113,কেরানীগঞ্জে গলা কেটে হত্যা: নারীসহ গ্রেপ্তার ৪,corpus_expansion_5000,0.1121847353446863,0,1
v18_1905,হত্যা মামলায় ৫ জনের যাবজ্জীবন,corpus_expansion_5000,0.1239110617250224,0,1
v18_3423,পদ্মা সেতুর রেল সংযোগের ফলক উন্মোচন আগামী মাসেই,corpus_expansion_5000,0.2601425988962303,0,0
v18_1877,সাকিবের সঙ্গে প্রতারণা ভারত আর্মির!,corpus_expansion_5000,0.9495527666463192,1,1
v18_4672,পাঁচ মিনিটেই মেইকআপ,corpus_expansion_5000,0.49299121880686847,1,0
v18_0433,"সময় থাকতে ভোটাধিকার ফিরিয়ে দিন, নইলে বিপদ হবে: রিজভী",new_high_w1_pany,0.21171330508618413,0,0
v18_2364,রাজধানীতে শিশু ধর্ষণের অভিযোগে আটক ১,corpus_expansion_5000,0.26710887454810794,0,1
v18_3154,বঙ্গবন্ধু সেতু দিয়ে দুই ঘণ্টা যান চলাচল বন্ধ,corpus_expansion_5000,0.3451374483123983,0,0
v18_2835,বাগেরহাটে ট্রাক চাপায় নিহত ২,corpus_expansion_5000,0.233073776285876,0,1
v18_2092,"ধামরাইয়ে খাদে বাস, নিহত ১",corpus_expansion_5000,0.17491898592996105,0,1
v18_3010,"সেন্টমার্টিনের অংশ দাবি, মিয়ানমারের রাষ্ট্রদূতকে তলব",corpus_expansion_5000,0.1674125295622808,0,0
v18_3162,বিএসটিআইকে শিল্প মন্ত্রণালয়ের একটি বিভাগ করা হবে : শিল্পমন্ত্রী,corpus_expansion_5000,0.17921858498670093,0,0
v18_2945,পরিবারতন্ত্রের স্বার্থে ব্যাংকিং আইন সংশোধনী,corpus_expansion_5000,0.24290980751118654,0,0
v18_3916,কাস্ত্রোকে মনে রাখবে শিশু ফুটবলাররাও,corpus_expansion_5000,0.25378498461257154,0,0
v18_2916,ঢাকায় কাউন্টার টেররিজম ইনস্টিটিউট প্রতিষ্ঠার প্রস্তাব,corpus_expansion_5000,0.0945363922261271,0,0
v18_1102,সিরাজগঞ্জে ট্রাকচাপায় নিহত ২,corpus_expansion_5000,0.4178524313426963,1,1
v18_1448,যুক্তরাষ্ট্রে ‘বর্ণবাদী হামলায়’ নিহত ৩,corpus_expansion_5000,0.3342765183733665,0,1
v18_1720,‘মড়ার’ ওপর মুশফিকের চোটের ঘা!,corpus_expansion_5000,0.9712555754331965,1,1
v18_4518,করোনা প্রতিরোধে সর্বাত্মক প্রচেষ্টা অব্যাহত রাখুন,corpus_expansion_5000,0.16079228470839807,0,0
v18_3842,"ইসি আঁতাতে ব্যস্ত, তাদের বিরুদ্ধে জুডিসিয়াল কাউন্সিল করা উচিত",corpus_expansion_5000,0.3161134461202552,0,0
v18_0156,"জামায়াত নেতার বক্তব্যকে স্বাগত জানাই, পরবর্তী কার্যক্রমে উদ্দেশ্য বুঝা যাবে - শিক্ষামন্ত্রী",new_mid_w1_p1,0.21890018013334694,0,1
v18_2978,উইমেন মিডিয়া অবজারভেটরি প্রতিষ্ঠা করছে ওআইসি,corpus_expansion_5000,0.3496805616860888,0,0
v18_1773,কর্মসূচির নামে নাশকতা করলে ‘সমুচিত জবাব’,corpus_expansion_5000,0.40079949115292984,0,1
v18_0615,ডোপিং নিয়ে বোল্টের সতর্কবার্তা,new_mid_w1_p0,0.5361789775333201,1,0
v18_0643,"যমজ শিশু, বাবা দুজন!",new_low_w0_pany,0.81765237349289,1,0
v18_1935,"শ্রীনগরে ধর্ষণ, ৬ দিন পর মামলা",corpus_expansion_5000,0.17034212621144737,0,1
v18_4277,পদ্মা বিভাগের হেডকোয়ার্টার হবে ফরিদপুরে: এলজিআরডি মন্ত্রী,corpus_expansion_5000,0.09145186648392009,0,0
v18_1068,আরেক জঙ্গির পরিচয় মিলেছে,corpus_expansion_5000,0.09123437137177078,0,1
v18_4454,রাবি অধ্যাপককে পেটালেন ইন্টার্ন চিকিৎসকরা,corpus_expansion_5000,0.11033518038844338,0,0
v18_4154,সোহেল রানার বাবা-মায়ের বিরুদ্ধে মামলা করল দুদক,corpus_expansion_5000,0.1133379569328199,0,0
v18_4239,শ্যামনগরে পাউবোর বেড়িবাঁধে ভাঙন,corpus_expansion_5000,0.1792329055055442,0,0
v18_4868,এলিফ্যান্ট পাস দখল করেছে সেনারা: শ্রীলংকার প্রেসিডেন্ট,corpus_expansion_5000,0.1133379569328199,0,0
v18_0330,যুদ্ধাপরাধীদের 'সত্যিকারের' বিচারের পক্ষে বিএনপি,new_mid_w1_p1,0.27405030927462887,0,1
v18_2057,ধর্ষণের মামলার পর আসামি ‘বন্দুকযুদ্ধে’ নিহত,corpus_expansion_5000,0.15285027381875094,0,1
v18_2646,চট্টগ্রামে ১০ হাজার ইয়াবাসহ গ্রেপ্তার ৩,corpus_expansion_5000,0.0917308399231837,0,1
v18_2191,"ঝিনাইদহে ‘বন্দুকযুদ্ধে’ যুবক নিহত, পুলিশের দাবি ডাকাত",corpus_expansion_5000,0.1855931761920299,0,1
v18_0622,"সিরাজগঞ্জে সংঘর্ষ, পথচারী নিহত",new_low_w0_pany,0.15158631420875962,0,0
v18_1595,অস্ট্রেলিয়ায় ‘বিস্ফোরণের’ পর আগুনে নিহত ৩,corpus_expansion_5000,0.1476023763660605,0,1
v18_2915,নীতিমালা চায় ক্ষুদ্র টেলিকম ব্যবসায়ীরা,corpus_expansion_5000,0.16079228470839807,0,0
v18_4821,ভারতের চন্দ্রাভিযান নিয়ে শচীনের ভবিষ্যদ্বাণী,corpus_expansion_5000,0.5680346049150274,1,0
v18_3898,ইভিএম কেনার প্রকল্প একনেকে অনুমোদন,corpus_expansion_5000,0.20959590087226618,0,0
v18_1919,ফেরিডুবি: নাবিকদের আচরণ ‘হত্যার শামিল’,corpus_expansion_5000,0.2090304468815064,0,1
v18_4173,সউদী ক্রাউন প্রিন্স মোহাম্মাদ বিন সালমানকে বাংলাদেশ সফরে আমন্ত্রণ,corpus_expansion_5000,0.1353199798207458,0,0
v18_4477,নারায়ণগঞ্জে মসজিদে বিস্ফোরণের ঘটনা তদন্তে ৩ কমিটি,corpus_expansion_5000,0.22852083505405357,0,0
v18_0755,ভুয়া বিজ্ঞাপন ও ক্যাটরিনা,v17_reused,0.797509549022906,1,0
v18_0518,আগুনে পুড়ল চার হাজার ঘর,v17_reused,0.15791227310930403,0,0
v18_3803,ঠাকুরগাঁওয়ে বাসের চাকায় মোটরসাইকেল আরোহীর মৃত্যু,corpus_expansion_5000,0.16151257862235233,0,0
v18_0032,বিশ্বজয়ীদের সঙ্গে বিসিবির নতুন চুক্তি,new_mid_w1_p0,0.2601425988962303,0,0
v18_2937,প্রতিবাদে শিক্ষকদের ক্লাস-পরীক্ষা বর্জন,corpus_expansion_5000,0.11467751065225915,0,0
v18_1157,কাশ্মীরে বিক্ষোভে গুলি: নিহত ২,corpus_expansion_5000,0.1268737151485299,0,1
v18_0744,সাংবাদিক সুবর্ণা নদী হত্যার জট খুলবে,v17_reused,0.1133379569328199,0,0
v18_1497,‘সতী সাবিত্রী’ বলা যাবে না!,corpus_expansion_5000,0.988043190081958,1,1
v18_3459,ওয়াসার পানির দাম না বাড়ানোর আহ্বান,corpus_expansion_5000,0.1259823406114045,0,0
v18_3755,তিন কোটি চাকরি সমাচার,corpus_expansion_5000,0.22628120035438795,0,0
v18_2591,"জোনাইলে লীগ-বিএনপি মুখোমুখি, আহত ৪",corpus_expansion_5000,0.15104711231943269,0,1
v18_0783,চট্টগ্রামেও ভাগ্য ফিরল না চিটাগংয়ের,new_mid_w1_p1,0.7066535519540424,1,1
v18_3493,উন্মুক্ত বিশ্ববিদ্যালয়ের এসএসসির ফল প্রকাশ,corpus_expansion_5000,0.2344844413536289,0,0
v18_2949,সিঙ্গাপুর সম্মেলন নিয়ে আশাবাদী ট্রাম্প-পম্পেও,corpus_expansion_5000,0.44190663466108115,1,0
v18_0229,২০১৫ বিশ্বকাপের কথা মনে পড়ছে মাশরাফির,v17_reused,0.4964879174661108,1,0
v18_0857,যশোরে ‘বন্দুকযুদ্ধে’ ধর্ষণ মামলার আসামি নিহত,corpus_expansion_5000,0.3798025951628195,0,1
v18_2266,স্কুলছাত্রকে শ্বাসরোধ করে হত্যা,corpus_expansion_5000,0.13122049386913642,0,1
v18_4274,প্রেসিডেন্টের সাথে প্রধানমন্ত্রীর সৌজন্য সাক্ষাৎ,corpus_expansion_5000,0.32263931900913917,0,0
v18_0408,তুলি আর কলমের আশ্রয়ে সংসদ ভবন,v17_reused,0.43439739941127803,1,0
v18_0170,টঙ্গীতে তুলার কারখানায় অগ্নিকাণ্ড,new_high_w1_pany,0.4805131009053714,1,1
v18_0540,ছোট আবাসনে কর ছাড়,v17_reused,0.531056306716739,1,0
v18_2210,জঙ্গি আস্তানায় আহত শিশু সাবিনা নানার হেফাজতে,corpus_expansion_5000,0.1542686214183095,0,1
v18_2304,শেওড়াপাড়ায় পোশাক শ্রমিকদের বিক্ষোভ,corpus_expansion_5000,0.1529652941558766,0,1
v18_2567,"মিলেমিশে দুর্নীতি, অবশেষে ধরা",corpus_expansion_5000,0.17277062687873362,0,1
v18_0613,আবীর আবদুল্লাহর প্রদর্শনী: মৃত্যু ফাঁদ,new_low_w0_pany,0.5069392243935124,1,0
v18_2101,গাইবান্ধায় বাস-ট্রাক মুখোমুখি সংঘর্ষে নিহত ১,corpus_expansion_5000,0.2060688837501653,0,1
v18_1808,দুই জেলায় ‘বন্দুকযুদ্ধে’ নিহত ২,corpus_expansion_5000,0.16079228470839807,0,1
v18_3438,জম্মু-কাশ্মীরে ভ্যাকসিন বিতরণের প্রস্তুতি,corpus_expansion_5000,0.5685965839687225,1,0
v18_1161,পাঁচ খুন: ‘পাওনাদার’ এক নারী গ্রেপ্তার,corpus_expansion_5000,0.22148188982645078,0,1
v18_4225,ফরাসি পতাকা হাতে মন্ট্রিলে হাজারো মানুষের মৌন মিছিল,corpus_expansion_5000,0.18680039848555832,0,0
v18_3119,"রাজধানীতে ফিরছে মানুষ, নৌপথে উপচে পড়া ভিড়",corpus_expansion_5000,0.29784185712897054,0,0
v18_3652,মোহনগঞ্জে বস্তার নিচে চাপা পড়ে শ্রমিকের মৃত্যু,corpus_expansion_5000,0.2601425988962303,0,0
v18_1610,‘ধর্ষণে ব্যর্থ হয়ে’ স্কুলছাত্রীকে ছুরিকাঘাত,corpus_expansion_5000,0.6393904256880911,1,1
v18_1932,আঙ্কারায় রুশ রাষ্ট্রদূত হত্যা: আটক ৬,corpus_expansion_5000,0.25726220205450184,0,1
v18_3027,হাতিরঝিলে উঁচু ভবন নির্মাণে বাধা নেই,corpus_expansion_5000,0.18245826509097013,0,0
v18_0564,উল্লাপাড়ায় বাস-লেগুনা সংঘর্ষে বৃদ্ধা নিহত,new_low_w0_pany,0.28008474130873345,0,0
v18_3571,উদ্যোক্তা উন্নয়নে প্রয়োজন নীতিমালা ও প্রণোদনা,corpus_expansion_5000,0.22311587068072297,0,0
v18_4247,প্রথম আলো বন্ধুসভার আগামী দুই বছরের পরিকল্পনা,corpus_expansion_5000,0.8428327231849831,1,0
v18_2388,গাজায় ইসরায়েলি বিমান হামলায় নিহত ৬,corpus_expansion_5000,0.16711119502662014,0,1
v18_1471,নাসিরনগরে হামলা: সন্দেহভাজন ছবি ‘পোস্টকারী’ রিমান্ডে,corpus_expansion_5000,0.22632749156733564,0,1
v18_2630,কাপাসিয়ার সংঘর্ষের ঘটনায় দুই মামলা,corpus_expansion_5000,0.13897857244239925,0,1
v18_1835,ধর্ষণের পর শরীরে গরম ভাতের মাড়!,corpus_expansion_5000,0.6919228556553942,1,1
v18_4928,ব্যবসায়ীরা বিনা মাশুলে ব্যবসা করতে চান: অর্থমন্ত্রী,corpus_expansion_5000,0.2601425988962303,0,0
v18_3475,সংস্কার করে ছাত্রাবাস দ্রুত খোলার দাবি,corpus_expansion_5000,0.09047959538492313,0,0
v18_1533,সড়ক দুর্ঘটনায় শিক্ষার্থীসহ নিহত ৫,corpus_expansion_5000,0.28367631350830563,0,1
v18_4327,রাবিতে শিবিরকর্মী সন্দেহে যুবক আটক,corpus_expansion_5000,0.3087428362589052,0,0
v18_2484,তুরস্ক সন্ত্রাসী নিধন অব্যাহত রাখবে: এরদোগান,corpus_expansion_5000,0.33815823919146865,0,1
v18_4207,অস্ট্রিয়ার পথে প্রধানমন্ত্রী,corpus_expansion_5000,0.3921913672632442,0,0
v18_1172,চট্টগ্রামে ‘বন্দুকযুদ্ধে’ নিহত ১,corpus_expansion_5000,0.3451374483123983,0,1
v18_1427,‘চিরকুমার সমিতি’ হতাশ!,corpus_expansion_5000,0.8914649618890343,1,1
v18_0325,রোমাঞ্চকর লড়াইয়ে ভারতকে হারাল অস্ট্রেলিয়া,new_mid_w0_p0,0.3921913672632442,0,0
v18_1051,এ কেমন প্রতারণা: মওদুদ,corpus_expansion_5000,0.27582001357253605,0,1
v18_3319,মোটর সাইকেলে আরোহী বহনে বাধা নিষেধাজ্ঞা প্রত্যাহার,corpus_expansion_5000,0.2060688837501653,0,0
v18_4721,পঞ্চগড়ে বিডিআর বিদ্রোহের বিচার শুরু বুধবার,corpus_expansion_5000,0.20835330511533443,0,0
v18_3864,"ট্রেনের ধাক্কায় প্রাণ গেল এক ভাইয়ের, চিকিৎসাধীন আরেক ভাই",corpus_expansion_5000,0.2601425988962303,0,0
v18_2603,নিজের ছেলেকে বিষ দিয়ে হত্যা,corpus_expansion_5000,0.20815656986227296,0,1
v18_1738,সুবর্ণচরে ‘ধর্ষণের’ শিকার সেই নারী বাড়ি ফিরেছেন,corpus_expansion_5000,0.09025054115195531,0,1
v18_1196,২১ আগস্ট গ্রেনেড হামলা: অধিকতর তদন্তের নির্দেশ,corpus_expansion_5000,0.0900721301875036,0,1
v18_0620,"আপিলে গেছেন লতিফ, শুনানি সেই রোববার",new_mid_w0_p0,0.0945363922261271,0,0
v18_1374,সাঁওতালপল্লীতে হামলা: ‘লুট হওয়া’ ঢেউটিন উদ্ধার,corpus_expansion_5000,0.17972040307692053,0,1
v18_2879,রাজধানীতে তরুণীর বস্তাবন্দী লাশ,corpus_expansion_5000,0.28008474130873345,0,1
v18_1189,বসরায় বিক্ষোভ: পুড়ল ইরানি কনসুলেটও,corpus_expansion_5000,0.18469133856549524,0,1
v18_0328,কুষ্টিয়ার এসপি’র বক্তব্য ঔদ্ধত্যপূর্ন ও উস্কানিমূলক ইসলামী আন্দোলন বাংলাদেশ,new_high_w1_pany,0.2820748753547635,0,1
v18_0648,বিচারকের মানসিক সুস্থতা: নজিরবিহীন সঙ্কটে ভারত,v17_reused,0.13594465100785882,0,0
v18_0897,‘দুর্বৃত্তের’ হামলায় সাঈদীর মামলার সাক্ষীর মৃত্যু,corpus_expansion_5000,0.31904791396040755,0,1
v18_3882,"সুন্দরবন থেকে অপহূত জেলের লাশ উদ্ধার, এখনো নিখোঁজ একজন",corpus_expansion_5000,0.24445009190560865,0,0
v18_1123,আদালতে ‘বোমা হামলাকারী’ আরেকজনের স্বীকারোক্তি,corpus_expansion_5000,0.2968010371940543,0,1
v18_1891,১০ জঙ্গির বিরুদ্ধে বিচারকাজ শুরু,corpus_expansion_5000,0.13359317485734432,0,1
v18_4643,"কোড ইট, গার্ল'য়ের প্রথম কর্মশালা",corpus_expansion_5000,0.22515367583164478,0,0
v18_4791,প্রথম মৃত্যুবার্ষিকীতে সাংবাদিক গোলাম সারওয়ারকে স্মরণ,corpus_expansion_5000,0.3302991176393585,0,0
v18_4529,আফগানদের ভালো শুরুর পর আল আমিনের বোলিং ঝলক,corpus_expansion_5000,0.5743695239102369,1,0
v18_4234,ভিন্নতা থাকলেও ঢাকার সঙ্গে ঐকমত্যে জোর যুক্তরাষ্ট্রের,corpus_expansion_5000,0.46372111632747315,1,0
v18_1593,রাজশাহীতে ‘বন্দুকযুদ্ধে’ যুবক নিহত,corpus_expansion_5000,0.46690422116013536,1,1
v18_3312,"চাঁদপুরে ইলিশের আমদানি বেড়েছে, কমেনি দাম",corpus_expansion_5000,0.34481237868609527,0,0
v18_2547,বাড্ডায় খুন: গাজীপুর ও নারায়ণগঞ্জে গ্রেপ্তার ৪,corpus_expansion_5000,0.0945363922261271,0,1
v18_1545,লাশ মিলল ‘অপহূত’ তরুণীর,corpus_expansion_5000,0.4822955331476324,1,1
v18_4336,মিঠুনের ফিফটিতে বিপর্যয় সামলেছে বাংলাদেশ,corpus_expansion_5000,0.7299043073166129,1,0
v18_1023,মালিতে জঙ্গি হামলা,corpus_expansion_5000,0.31581168703472284,0,1
v18_1971,‘বাঘা বাঘা’ নেতারা চলছেন তারেকের নির্দেশে: কাদের,corpus_expansion_5000,0.6176774913018968,1,1
v18_4988,সাকা চৌধুরীর স্ত্রী-ছেলের রায় বাতিল করে কেন সাজা নয়,corpus_expansion_5000,0.09224807290848518,0,0
v18_1714,রাজধানীতে দিনেদুপুরে ‘ডাকাতি’,corpus_expansion_5000,0.4110141230542197,0,1
v18_1717,ধর্ষণ: মৃত্যুদণ্ডের ৩ আসামির সাজা কমে যাবজ্জীবন,corpus_expansion_5000,0.10884839411169411,0,1
v18_1477,ধ্বংসাবশেষ বঙ্গোপসাগরে!,corpus_expansion_5000,0.7194524749599174,1,1
v18_0809,কাশিমপুর কারাগারে জঙ্গি হামলার ‘পরিকল্পনা নস্যাৎ’,corpus_expansion_5000,0.1538216384581662,0,1
v18_2850,‘ডেনিম’ মোস্তাফিজ,corpus_expansion_5000,0.1327223959709792,0,1
v18_0978,অনন্ত হত্যা: ৫ জঙ্গি রিমান্ডে,corpus_expansion_5000,0.13203749777961146,0,1
v18_4687,শরিকদের সঙ্গে নিয়েই নির্বাচনী প্রস্তুতি আওয়ামী লীগে,corpus_expansion_5000,0.19930143874827191,0,0
v18_4895,অভিবাসন ইস্যুতে পদত্যাগ করলেন বেলজিয়ামের প্রধানমন্ত্রী,corpus_expansion_5000,0.31962123424527733,0,0
v18_1684,কুষ্টিয়া ও ময়মনসিংহে ‘বন্দুকযুদ্ধে’ নিহত ২,corpus_expansion_5000,0.2832911964429434,0,1
v18_4660,বৃষ্টি চলবে দিনভর,corpus_expansion_5000,0.36387431513977786,0,0
v18_1514,ঈদযাত্রায় সড়ক দুর্ঘটনা নিহত ২২৪ আহত ৮৬৬,corpus_expansion_5000,0.16358536398587953,0,1
v18_2404,"বেগমগঞ্জে দুজন নিহত, আহত অর্ধশত",corpus_expansion_5000,0.17407427585771418,0,1
v18_2021,রাজধানীতে গ্রেফতার ৬২,corpus_expansion_5000,0.2411447352040636,0,1
v18_4553,করোনা আতঙ্কের মধ্যেও বকেয়া বেতনের দাবিতে মহাসড়ক অবরোধ,corpus_expansion_5000,0.9531864991391099,1,0
v18_1767,"চলন্ত বাসে পোশাক শ্রমিককে ‘দলবেঁধে ধর্ষণ’, গ্রেপ্তার ৫",corpus_expansion_5000,0.19937751164651546,0,1
v18_0174,সেধে ঢিল খেতে চাইছেন যিনি!,v17_reused,0.8992434562838653,1,0
v18_1554,২২ বছরেও বিচার হয়নি ৩৫ কাঠুরিয়া হত্যার,corpus_expansion_5000,0.2932603380592846,0,1
v18_4215,বাজেট নিয়ে খুলনার বিশিষ্টজনদের মিশ্র প্রতিক্রিয়া,corpus_expansion_5000,0.2663681644335821,0,0
v18_1482,"আফগানিস্তানে মার্কিন ঘাঁটিতে হামলা, নিহত ৬",corpus_expansion_5000,0.1353199798207458,0,1
v18_4461,সম্পর্ক ভাঙার পর মন ভালো রাখতে কি করবেন?,corpus_expansion_5000,0.932054710281517,1,0
v18_0217,সুপ্রিম কোর্টে পর্যালোচনার আবেদন,v17_reused,0.3063368991795243,0,0
v18_3914,খাবার খেয়েও ওজন নিয়ন্ত্রণ,corpus_expansion_5000,0.6852340389886598,1,0
v18_3720,করোনায় দুদক চলবে বিশেষ গাইডলাইনে,corpus_expansion_5000,0.23226173676668999,0,0
v18_0690,শাড়ির বুননে স্বপ্ন আঁকেন ফরিদা,new_mid_w1_p0,0.7384126165357974,1,0
v18_2577,সাতক্ষীরায় বাসচাপায় মা-মেয়েসহ নিহত ৩,corpus_expansion_5000,0.4683947501272958,1,1
v18_2233,ধর্ষণের অভিযোগে গণপিটুনিতে নিহত ১,corpus_expansion_5000,0.19559043216514294,0,1
v18_2238,খালাফ হত্যা মামলার অভিযোগপত্র দাখিল,corpus_expansion_5000,0.09136092570117273,0,1
v18_1106,মনজুরুল হত্যা: জামায়াতের ২ কর্মী আটক,corpus_expansion_5000,0.15105970153597403,0,1
v18_1789,ঢাকায় গুলিবিদ্ধ ১,corpus_expansion_5000,0.32263931900913917,0,1
v18_3188,"স্থায়ী কমিটি দুটি বাড়লো, বাদ পড়লেন অলি",corpus_expansion_5000,0.14943143091873304,0,0
v18_2436,মামলা করায় ক্ষুব্ধ অপহরণকারীরা,corpus_expansion_5000,0.11259788082099481,0,1
v18_0611,ফ্রান্স নিয়েও উটের কথাই সত্যি হলো!,new_mid_w1_p0,0.8516062024164845,1,0
v18_3660,বিএসএমএমইউতে বিএনপি সমর্থক চিকিৎসক-কর্মচারীদের বিক্ষোভ,corpus_expansion_5000,0.11790944398810918,0,0
v18_3711,নাটোরে এয়ারটেলের সেবা কেন্দ্র চালু,corpus_expansion_5000,0.22311587068072297,0,0
v18_0576,"রাজধানীর পল্টনে মিছিলে বাধা, উত্তেজনা",v17_reused,0.28008474130873345,0,0
v18_2063,বন্দুকসহ গ্রেপ্তার,corpus_expansion_5000,0.2344844413536289,0,1
v18_4435,চট্টগ্রাম নগরীর বাজারে পণ্যের মূল্য তালিকা টাঙানোর আহ্বান,corpus_expansion_5000,0.1353199798207458,0,0
v18_1180,প্রশ্ন ফাঁসের কি ফাঁসি হয়,corpus_expansion_5000,0.4260918056805786,1,1
v18_0888,কর্ণাটকে বিক্ষোভের মুখে ‘বাহুবলী টু’,corpus_expansion_5000,0.7336395631440011,1,1
v18_3128,রাজশাহী থেকে ডুয়েলগেজ রেলপথে সারা দেশে যোগাযোগ স্থাপনের দাবি,corpus_expansion_5000,0.30093381222399707,0,0
v18_1732,নিষ্ঠুরতার জন্য মুজাহিদের মৃত্যুদণ্ডই ‘ন্যায়বিচার’,corpus_expansion_5000,0.1962320993835876,0,1
v18_2663,"ঝড়ে বিভিন্ন স্থানে ঘর-বাড়ি লণ্ডভণ্ড, নিহত ১",corpus_expansion_5000,0.09335749781150632,0,1
v18_0817,‘জঙ্গি আস্তানায়’ বিস্ফোরণে নিহত কমপক্ষে ২,corpus_expansion_5000,0.3352604054046999,0,1
v18_3277,"ট্রেন লাইনচ্যুত, খুলনার সঙ্গে সারাদেশের রেলযোগ বন্ধ",corpus_expansion_5000,0.36835127139997426,0,0
v18_1859,নেত্রকোণায় বিস্ফোরকসহ ৫ শিবির নেতা আটক,corpus_expansion_5000,0.20191629714008552,0,1
v18_0208,করোনায় মারা গেলেন ইরাকের ফুটবল কিংবদন্তি,new_mid_w1_p1,0.37321053606326904,0,1
v18_0293,পাবলাখালীর অভয়ারণ্যে,new_mid_w1_p1,0.5441271193800749,1,1
v18_1119,মিয়ানমারে সংঘর্ষে ১১ জন নিহত,corpus_expansion_5000,0.1353199798207458,0,1
v18_2213,কর্ণফুলীতে অটোরিকশা উল্টে নিহত ১,corpus_expansion_5000,0.2411447352040636,0,1
v18_1609,রাত ১২টায় সারিকা...!,corpus_expansion_5000,0.9826269750367824,1,1
v18_1264,আফগানিস্তানে জঙ্গি হামলায় নিহত ২২,corpus_expansion_5000,0.0945363922261271,0,1
v18_0990,পরাগ অপহরণ: আরেক আসামি রিমান্ডে,corpus_expansion_5000,0.15654837097718127,0,1
v18_4197,জামালপুরে ছাত্রলীগ নেতা উপর হামলাকারীদের বিচার দাবি,corpus_expansion_5000,0.31638097535592824,0,0
v18_1616,স্বামীকে শিক্ষা দিতে স্ত্রীকে গণধর্ষণ!,corpus_expansion_5000,0.4718920174114958,1,1
v18_0353,ভর্তি-ইচ্ছুকদের জন্য দিকনির্দেশনা,v17_reused,0.4851373944539194,1,0
v18_4557,ট্রাম্পকে ২০ লাখ ডলার জরিমানা আদালতের,corpus_expansion_5000,0.17921858498670093,0,0
v18_2022,আসছে ‘বিউটি অ্যান্ড দ্য বিস্ট’,corpus_expansion_5000,0.8282355492157261,1,1
v18_3690,"৩৭ কোম্পানি, ৩ ফান্ডের বোর্ড সভার সময় ঘোষণা",corpus_expansion_5000,0.44529082277997717,1,0
v18_2555,রাষ্ট্র পরিচালিত গণহত্যা,corpus_expansion_5000,0.13846246373721924,0,1
v18_3048,"""ইন্টারনেটের চাহিদার সঙ্গে বাড়বে তথ্য নিরাপত্তার প্রয়োজনীয়তা""",corpus_expansion_5000,0.22311587068072297,0,0
v18_1228,হাতি দিয়ে সন্ত্রাস,corpus_expansion_5000,0.4478048176476679,1,1
v18_0259,মোমের শিখায় একটি ঘণ্টা,new_mid_w0_p0,0.5434738198858534,1,0
v18_1519,"ডোরিয়ান: মৃতের সংখ্যা বেড়ে ৩০, নিখোঁজ ‘অগণিত’",corpus_expansion_5000,0.14667632805399833,0,1
v18_1777,নিহত আ’লীগ নেতার ভাইকে পুলিশ পরিচয়ে অপহরণ!,corpus_expansion_5000,0.4731730172805892,1,1
v18_4739,ঘরে ঘরে ছুটছেন নারী মেয়র উমা,corpus_expansion_5000,0.36835127139997426,0,0
v18_1770,কুড়িগ্রামে ছাত্রাবাস থেকে ৪ ‘জঙ্গি’ আটক,corpus_expansion_5000,0.1575297318399097,0,1
v18_4353,আ’লীগের বিদ্রোহীদের কাঁধে ভর করে বিএনপি গোলযোগের চক্রান্তে লিপ্ত -হানিফ,corpus_expansion_5000,0.1110413192570302,0,0
v18_0052,চীন-ভারত সম্পর্কে দালাই লামা,new_low_w0_pany,0.4280944715771255,1,0
v18_3473,ই-লার্নিংয়ের সম্ভাবনা কাজে লাগানোর তাগিদ,corpus_expansion_5000,0.319616076694664,0,0
v18_4683,ভারতে শিশু আসিফা ধর্ষণ ও হত্যার বিচার শুরু,corpus_expansion_5000,0.262909526876935,0,0
v18_4411,‘প্রধানমন্ত্রী সমঝোতার পথ আটকে দিচ্ছেন’,corpus_expansion_5000,0.21359143045764487,0,0
v18_2409,৬০ ও ৬১ নম্বর ওয়ার্ডে এখনও পড়ে আছে বর্জ্য,corpus_expansion_5000,0.3684356227588703,0,1
v18_2787,অগ্নিকাণ্ডের ঝুঁকিতে পুরনো ঢাকা,corpus_expansion_5000,0.09361412868220226,0,1
v18_2344,প্রশ্নপত্র ফাঁসের অভিযোগে বিক্ষোভ,corpus_expansion_5000,0.11520683008361449,0,1
v18_1033,যুবককে কুপিয়ে হত্যা,corpus_expansion_5000,0.2411447352040636,0,1
v18_1097,মিজানের ‘বীরাঙ্গনা’,corpus_expansion_5000,0.4413369854724032,1,1
v18_0543,তদন্ত বন্ধ হচ্ছে,new_low_w0_pany,0.1239110617250224,0,0
v18_1046,‘খাশোগি হত্যা ধামাচাপা ইতিহাসের সবচেয়ে খারাপ নজির’,corpus_expansion_5000,0.10548572720423018,0,1
v18_1894,লোকলজ্জার ভয়ে ছাত্রীর আত্মহত্যা!,corpus_expansion_5000,0.8274994095971943,1,1
v18_4376,সকল বাসকে ৬টি কোম্পানীতে নিয়ে আসা হবে- সাঈদ খোকন,corpus_expansion_5000,0.20651454197540436,0,0
v18_0030,শেষ ওভারে ৯ রানও করতে পারেনি ঢাকা,v17_reused,0.5743695239102369,1,0
v18_0725,এখন নিজেদের তৈরি করার সময়,v17_reused,0.33616172228937596,0,0
v18_4961,উত্তরে ইলশে গুঁড়ির আভাস,corpus_expansion_5000,0.5951448547618906,1,0
v18_4718,‘কাঁচা ধান কাটার ফটোসেশন বন্ধ করুন’,corpus_expansion_5000,0.28373991141511246,0,0
v18_3903,বিনামূল্যে গাঁজা দিচ্ছে মার্কিন সংস্থা,corpus_expansion_5000,0.21413939886338956,0,0
v18_1426,‘গায়েবি মামলা’র কথা অপপ্রচার: আমু,corpus_expansion_5000,0.1176015182321855,0,1
v18_2497,"কাশ্মীরে ফের গ্রেনেড হামলা, আহত ৭",corpus_expansion_5000,0.40639880133444034,0,1
v18_0436,শিক্ষকদের দলাদলি শিক্ষা কার্যক্রম ব্যাহত,v17_reused,0.16079228470839807,0,0
v18_2470,এ্যানির গাড়িবহরে হামলার অভিযোগ,corpus_expansion_5000,0.16017978071038813,0,1
v18_0912,ধর্ষণের অভিযোগে গ্রেপ্তার করণ,corpus_expansion_5000,0.47768698431742457,1,1
v18_4222,ঢাকার পূর্বাঞ্চলে বিশুদ্ধ খাবার পানির তীব্র সংকট,corpus_expansion_5000,0.17740191043593975,0,0
v18_4352,সাংবাদিকতার ন্যূনতম যোগ্যতা খতিয়ে দেখা হচ্ছে: তথ্যমন্ত্রী,corpus_expansion_5000,0.32263931900913917,0,0
v18_4512,সড়ক পরিবহন মালিক শ্রমিক ঐক্য পরিষদের যৌথ সভা কাল,corpus_expansion_5000,0.21254503982788164,0,0
v18_4443,যুক্তরাষ্ট্রে জেনারেল ওসমানীর ৩৫তম মৃত্যুবার্ষিকী পালন,corpus_expansion_5000,0.46518661821579077,1,0
v18_2287,লালবাগে সিঙ্গারের দোকানে ডাকাতি,corpus_expansion_5000,0.1353199798207458,0,1
v18_4597,পাকিস্তানে গাড়ি বহরে জঙ্গি হামলায় ১৮ জন নিহত,corpus_expansion_5000,0.09015262353436052,0,0
v18_1238,একরাম ‘হত্যার’ অডিও বিশ্ববিবেককে নাড়িয়ে দিয়েছে : বিএনপি,corpus_expansion_5000,0.23576364643348727,0,1
v18_0903,‘যৌন নির্যাতনকারী’ অভিনেতার লাশ উদ্ধার,corpus_expansion_5000,0.6729721358265106,1,1
v18_3620,পানিবন্দী দুই হাজার পরিবার,corpus_expansion_5000,0.21799845164639509,0,0
v18_3231,ইসলামী আন্দোলন জামায়াত প্রার্থী দিচ্ছে,corpus_expansion_5000,0.0886647911849631,0,0
v18_2859,জঙ্গিবাদ প্রতিরোধের অঙ্গীকার,corpus_expansion_5000,0.1708165084559884,0,1
v18_0507,জালিয়াতির মামলায় নিউ ইয়র্কে ৭ বাংলাদেশি গ্রেপ্তার,v17_reused,0.0945363922261271,0,0
v18_3221,অচল ডেমু ট্রেন তিন মাস ধরে লোকোশেডে,corpus_expansion_5000,0.3451374483123983,0,0
v18_0183,"রাজশাহী, সিলেট অঞ্চলের ক্যাম্প শেষ হলো",v17_reused,0.16079228470839807,0,0
v18_1564,বগুড়ায় মা-মেয়েসহ নিহত ৬,corpus_expansion_5000,0.30714362119347216,0,1
v18_2704,হবিগঞ্জে ফের ৪ শিশু নিখোঁজের খবর,corpus_expansion_5000,0.16523780619680206,0,1
v18_0321,স্বামী হত্যায় স্ত্রীর মৃত্যুদণ্ড,new_low_w0_pany,0.16857217928819485,0,0
v18_3563,বহুজাতিক কোম্পানির লেনদেনে স্বচ্ছতা বাড়াতে উদ্যোগ,corpus_expansion_5000,0.0945363922261271,0,0
v18_1538,গৃহবধূকে গণধর্ষণ,corpus_expansion_5000,0.4276737845877746,1,1
v18_1837,গাজীপুরে ট্রেনের ‘ছাদ থেকে পড়ে’ নিহত ২,corpus_expansion_5000,0.2060688837501653,0,1
v18_2380,ঢাবিতে বিবিএ ছাত্রদের বিক্ষোভ,corpus_expansion_5000,0.11672672935972446,0,1
v18_1912,কিশোরী ধর্ষণের ঘটনা ফেসবুকে সরাসরি সম্প্রচার!,corpus_expansion_5000,0.46751873675145345,1,1
v18_1840,ভোলায় যুবলীগের সংঘর্ষ আহত ৫,corpus_expansion_5000,0.21424108260875446,0,1
v18_2115,জাপানে আইএস’র হামলার আশঙ্কা,corpus_expansion_5000,0.1200370904773588,0,1
v18_4437,কোহলির দৃষ্টিশক্তি কমেছে,corpus_expansion_5000,0.6599334042431618,1,0
v18_1146,ধারাবাহিক হত্যাকাণ্ড ‘আন্তর্জাতিক ষড়যন্ত্রের’ অংশ,corpus_expansion_5000,0.0892339210586568,0,1
v18_2486,আইএসের দৃষ্টি আকর্ষণ করতে বোমা হামলার ছক!,corpus_expansion_5000,0.712046404937207,1,1
v18_0044,ইবুক বিক্রি বন্ধ করলো মাইক্রোসফট,new_mid_w1_p0,0.22311587068072297,0,0
v18_2154,দেলোয়ারসহ ১৫ জনের বিরুদ্ধে শিগগিরই অভিযোগপত্র,corpus_expansion_5000,0.09398707770203919,0,1
v18_1526,কাশ্মির হামলা: ভারতের ‘পাশে’ বাংলাদেশ,corpus_expansion_5000,0.2333024872938042,0,1
v18_4855,শুভেচ্ছা সফরে চট্টগ্রামে ভারতীয় নৌবাহিনীর জাহাজ,corpus_expansion_5000,0.3674371529851944,0,0
v18_1378,‘তাহেরের হত্যাকারীরা পাকিস্তানের প্রেতাত্মা’,corpus_expansion_5000,0.47520046141673195,1,1
v18_1765,ছেলেকে হত্যার পর বাবার আত্মহত্যা!,corpus_expansion_5000,0.6230138039576425,1,1
v18_3012,স্বাস্থ্য সেবা অধিদফতরে বিতর্কিত কর্মকর্তার এডিজি হিসাবে যোগদান,corpus_expansion_5000,0.771008723587791,1,0
v18_0413,অগ্নিকাণ্ডের ৯ বছর পরও ঝুঁকিপূর্ণ ভবনটি,new_high_w1_pany,0.1353199798207458,0,1
v18_4284,বন্যাদুর্গত এলাকা পরিদর্শনে রবিবার কুড়িগ্রাম যাচ্ছেন প্রধানমন্ত্রী,corpus_expansion_5000,0.37950454645693227,0,0
v18_1407,আবারও ব্যাটসম্যানদের ‘আত্মহত্যা’,corpus_expansion_5000,0.4413369854724032,1,1
v18_1658,বাংলাদেশকে ৬৬ জঙ্গি ঘাঁটির তালিকা দিল বিএসএফ,corpus_expansion_5000,0.15452693832278955,0,1
v18_0801,ভারতে হামলার পরিকল্পনা!,corpus_expansion_5000,0.6247651669135604,1,1
v18_1288,জঙ্গিদের জামিনে ‘বিপদে পড়ে’ পুলিশ: স্বরাষ্ট্রমন্ত্রী,corpus_expansion_5000,0.10625271628973408,0,1
v18_2182,১৪ নবজাতকের মৃত্যু,corpus_expansion_5000,0.30093381222399707,0,1
v18_2588,চবিতে ৪ শিক্ষার্থী বহিষ্কারের প্রতিবাদে বিক্ষোভ,corpus_expansion_5000,0.3199745736655743,0,1
v18_2615,নুসরাত হত্যাকাণ্ড ধামাচাপা দিতে চাইছে সরকার: রিজভী,corpus_expansion_5000,0.20074572550911543,0,1
v18_2318,প্রেমের ফাঁদে ফেলে ডেকে নিয়ে স্কুলছাত্রীকে গণধর্ষণ,corpus_expansion_5000,0.5522327831803602,1,1
v18_0256,দাঁড়িয়ে থাকা ট্রাকে চালক হেলপারের লাশ,v17_reused,0.28008474130873345,0,0
v18_4541,২১০০ কর্মী ছাঁটাই করবে ভেরাইজন,corpus_expansion_5000,0.36856616568882944,0,0
v18_1729,বাসা থেকে এসআইয়ের পিস্তল-গুলি চুরি!,corpus_expansion_5000,0.43131946097737195,1,1
v18_1151,সন্ত্রাসে মদতদাতার তালিকায় পাকিস্তান!,corpus_expansion_5000,0.693204173381689,1,1
v18_4144,গাঁটছড়া বাঁধছেন স্পিগেল ও কার,corpus_expansion_5000,0.8784590901281101,1,0
v18_0647,ট্রাইব্যুনালের বাইরে ফাঁসির দাবিতে মিছিল,v17_reused,0.39557542218627145,0,0
v18_2908,অ্যান্ড্রয়েড ফোনের স্টোরেজ বাঁচানোর সহজ উপায়,corpus_expansion_5000,0.5685965839687225,1,0
v18_1702,মাকে হত্যা করে মেয়েকে অপহরণ!,corpus_expansion_5000,0.8589373779514321,1,1
v18_1881,সিলেটে দুর্ঘটনায় নিহত বেড়ে ৬,corpus_expansion_5000,0.19000580961738978,0,1
v18_3768,নামের সঙ্গে পদবি কি খুব জরুরি?,corpus_expansion_5000,0.9515546210845804,1,0
v18_1315,জঙ্গি রাজীব গান্ধী রিমান্ডে,corpus_expansion_5000,0.13248535824733307,0,1
v18_2269,ডাইভিংয়ে মিনশিয়ার অনন্য ৫,corpus_expansion_5000,0.5849453704511827,1,1
v18_1966,আকশায়ের কাছে হৃত্বিকের হার!,corpus_expansion_5000,0.9814556664151832,1,1
v18_2465,‘গণতন্ত্র না ফিরলে’ জঙ্গি রাষ্ট্র হবে বাংলাদেশ: হাফিজ,corpus_expansion_5000,0.19986268297437312,0,1
v18_3855,সিলেটে চা শ্রমিকের কর্মবিরতি,corpus_expansion_5000,0.1599400044827701,0,0
v18_1350,যশোরে ‘ডাকাতের’ বোমায় নিহত ১,corpus_expansion_5000,0.25164664892226296,0,1
v18_3296,হজযাত্রীদের ভিসা দেয়া হবে বৃহস্পতিবার পর্যন্ত,corpus_expansion_5000,0.2555429669224655,0,0
v18_0112,উপজেলা ও জেলা পরিষদে ভাইস চেয়ারম্যান পদ সৃষ্টির প্রস্তাব,v17_reused,0.0945363922261271,0,0
v18_3133,এসএমই খাতের উন্নয়নে ক্লাস্টারভিত্তিক অর্থায়নের পরামর্শ,corpus_expansion_5000,0.4737632500619631,1,0
v18_0263,ভর্তি পরীক্ষার তারিখ,new_mid_w0_p0,0.44330092545846445,1,0
v18_1393,নবাবগঞ্জে পুলিশের গুলিতে ‘ডাকাত’ আহত,corpus_expansion_5000,0.1353199798207458,0,1
v18_1878,আড়াইহাজারে ১৩ বছরের শিশুকে গণধর্ষণ,corpus_expansion_5000,0.21359471883364314,0,1
v18_1186,"নারায়ণগঞ্জে সংঘর্ষ, আটক ২",corpus_expansion_5000,0.6543912664816429,1,1
v18_3071,চবিতে শিক্ষক সমিতির দুই প্যানেলের প্রার্থী চূড়ান্ত,corpus_expansion_5000,0.17280115603007046,0,0
v18_0056,সব নদীতেই পানি কমছে,new_mid_w0_p0,0.16151257862235233,0,0
v18_1309,খুলনায় ‘শীর্ষ সন্ত্রাসী ট্যারা মোস্তফা’ গ্রেপ্তার,corpus_expansion_5000,0.0945363922261271,0,1
v18_0695,মস্তক উদ্ধার,new_low_w0_pany,0.2001218854158135,0,0
v18_2952,"পর্যটকদের জন্য প্রস্তুত কুয়াকাটা, তবে বুকিং কম",corpus_expansion_5000,0.43232644434414774,1,0
v18_1726,"মিরসরাইয়ে ‘জঙ্গি আস্তানায়’ ২ মরদেহ, বিপুল অস্ত্র উদ্ধার",corpus_expansion_5000,0.47932348132601066,1,1
v18_2091,গোপালগঞ্জে সড়কে বাস উল্টে নিহত ৪,corpus_expansion_5000,0.32263931900913917,0,1
v18_3869,সংসদীয় কমিটিতে গ্রামীণফোন সিইও,corpus_expansion_5000,0.10385995702325378,0,0
v18_0319,চালের দাম বাড়ার আভাস ব্যবসায়ীদের,new_mid_w1_p0,0.19000580961738978,0,0
v18_4320,"শুধু তৃতীয় লিঙ্গের স্বীকৃতি নয়, মানসিকতার পরিবর্তন জরুরি",corpus_expansion_5000,0.3041834121218657,0,0
v18_0682,জাতির উদ্দেশে বুধবার রাতে দেওয়া প্রধান উপদেষ্টার ভাষণের পূর্ণ বিবরণ:,new_high_w1_pany,0.0945363922261271,0,1
v18_3841,বৈশ্বিক জিডিপির গড় প্রবৃদ্ধি কমবে,corpus_expansion_5000,0.2812828468573762,0,0
v18_3213,জমির কাগজপত্র সঠিকভাবে যাচাই করতে হবে : আইজিপি,corpus_expansion_5000,0.1353199798207458,0,0
v18_2002,চঞ্চল হলেন বানর-মধু!,corpus_expansion_5000,0.981310202613338,1,1
v18_4782,গুরুত্বপূর্ণ সফরে ভারতে আসছেন শি জিনপিং,corpus_expansion_5000,0.14651382407652588,0,0
v18_4150,"বাংলাদেশকে হারানোর রান হয়ে গেছে, বিশ্বাস লঙ্কানদের",corpus_expansion_5000,0.6262103383846348,1,0
v18_0286,বাঘের পেটে নয়জন,new_mid_w0_p0,0.13594465100785882,0,0
v18_1888,"ইরাকে বোমা বিস্ফোরণে নিহত ১৬, আহত ৪৫",corpus_expansion_5000,0.10706667100602997,0,1
v18_2337,চট্টগ্রামে ছাত্রলীগ কর্মী গুলিবিদ্ধ,corpus_expansion_5000,0.4007782457918172,0,1
v18_2520,সাগরে ভাসমান যুবকের লাশ উদ্ধার,corpus_expansion_5000,0.2241461571565322,0,1
v18_2277,ফুলপুরে কাউন্সিলর হত্যা মামলায় গ্রেফতার ৪,corpus_expansion_5000,0.13024131768998384,0,1
v18_2127,নারায়ণগঞ্জে দুর্ঘটনায় ছাত্র নিহত,corpus_expansion_5000,0.17779759666589454,0,1
v18_3499,এসএসসি ও সমমানের পরীক্ষা শুরু আজ,corpus_expansion_5000,0.3881808091536623,0,0
v18_4211,সাভারে ৭ হাজার ইয়াবাসহ একজন আটক,corpus_expansion_5000,0.2916307820044533,0,0
v18_2083,‘মিলিমিশি থাকি সবে একসঙ্গে খাই’,corpus_expansion_5000,0.21671125351369372,0,1
v18_0736,রমজানে ৯৮ শতাংশ যাত্রী নৈরাজ্যের শিকার,new_mid_w0_p0,0.3451374483123983,0,0
v18_4801,"ফিটনেসবিহীন গাড়ি ধরতে অভিযানে জনদুর্ভোগ, মন্ত্রীর দুঃখপ্রকাশ",corpus_expansion_5000,0.4307089526714278,1,0
v18_0336,পর্নোগ্রাফি থেকে সন্তানকে দূরে রাখতে,v17_reused,0.19000580961738978,0,0
v18_2596,"তুচ্ছ ঘটনায় দুই গ্রামবাসীর সংঘর্ষ, পুলিশসহ আহত ২৫",corpus_expansion_5000,0.15743386254859923,0,1
v18_2771,টাঙ্গাইলে ছাত্রী অপহরণের অভিযোগ,corpus_expansion_5000,0.3269855114692258,0,1
v18_3704,হাতিরঝিলে আরও চার ওয়াটার ট্যাক্সি,corpus_expansion_5000,0.4413369854724032,1,0
v18_4404,বহিষ্কৃত বিদ্রোহীদের নিয়ে বিপাকে আ.লীগ-বিএনপি,corpus_expansion_5000,0.24664555954094816,0,0
v18_1071,বাঁধন হত্যা: সবাই এখনো অন্ধকারে,corpus_expansion_5000,0.25323623287549807,0,1
v18_2290,ট্রাকচাপায় তিন কৃষি শ্রমিক নিহত,corpus_expansion_5000,0.4276737845877746,1,1
v18_1672,উৎসবে ‘ডুব’ এবং...,corpus_expansion_5000,0.8025872124839457,1,1
v18_4083,"ফরিদপুরে জমির বিরোধ নিয়ে সংঘর্ষ, এক নারীর মৃত্যু",corpus_expansion_5000,0.2614176554912833,0,0
v18_4250,নৌকায় ভোট দিন উন্নয়ন দেব,corpus_expansion_5000,0.22552444992214768,0,0
v18_4113,রাজশাহী সদর আসনে মিনু নৌকার কান্ডারী কে?,corpus_expansion_5000,0.7404218750058619,1,0
v18_4408,আইসিএবির দুই পুরস্কার পেল ইস্টার্ন ব্যাংক,corpus_expansion_5000,0.5872267582459403,1,0
v18_3366,"তোর্সা নয়, আমরা তিস্তার পানি চাই",corpus_expansion_5000,0.3556897017009146,0,0
v18_1488,সাভারে ব্যবসায়ী হত্যা: গ্রেপ্তার ৪,corpus_expansion_5000,0.24481014102044318,0,1
v18_0498,ভুল চিকিৎসায় রোগীর মৃত্যুর অভিযোগে হাসপাতাল ভাংচুর,new_mid_w1_p0,0.1353199798207458,0,0
v18_4382,প্রিমিয়ার দাবায় শীর্ষে ফিরল নৌবাহিনী,corpus_expansion_5000,0.7539621283993077,1,0
v18_3479,প্রতিটি শিক্ষার্থীই দেশের ক্রীড়াঙ্গনের হাল ধরবে: মুশফিকুর রহিম,corpus_expansion_5000,0.6757209327399362,1,0
v18_2581,চট্টগ্রাম সাভার মগুরায় সড়ক দুর্ঘটনায় নিহত ৫,corpus_expansion_5000,0.24420981381425297,0,1
v18_3123,দন্ত চিকিৎসার নতুন পদ্ধতি নিয়ে সেমিনার,corpus_expansion_5000,0.19000580961738978,0,0
v18_2921,খুচরা বাজারে সয়াবিনের দাম এখনও বেশি,corpus_expansion_5000,0.0945363922261271,0,0
v18_4377,‘স্বাধীনতা ছাড়া বাঙালী জাতির মুক্তি নেই’,corpus_expansion_5000,0.6437083020617936,1,0
v18_2644,‘ড্রোন হামলা থেকে রক্ষা পেলেন’ ভেনেজুয়েলার প্রেসিডেন্ট,corpus_expansion_5000,0.1117226214906263,0,1
v18_4286,‘সেফাসিয়াস হর্ন’ নিয়ে জামালপুরের হাসপাতালে এক ব্যক্তি,corpus_expansion_5000,0.5387072227208463,1,0
v18_4040,প্রযুক্তি বাজারে পোকিমন প্রভাব,corpus_expansion_5000,0.28124586935303486,0,0
v18_2034,জামায়াতের ২৫ নেতার প্রার্থিতা বহাল,corpus_expansion_5000,0.08851723320473097,0,1
v18_1022,পাকিস্তানেই জঙ্গিবাদের প্রধান শেকড় : মোদি,corpus_expansion_5000,0.2601425988962303,0,1
v18_2282,"মিরসরাইয়ে পুলিশের ওপর হামলা, আহত ৫",corpus_expansion_5000,0.24427850725790218,0,1
v18_4886,শপথ ভঙ্গের পরও পদে কেন: দুই মন্ত্রীকে উকিল নোটিস,corpus_expansion_5000,0.23414750233400794,0,0
v18_4219,হামিদ ফেব্রিক্সের চাঁদা গ্রহণ শুরু রোববার,corpus_expansion_5000,0.3797841921389016,0,0
v18_3063,"পুঁজিবাজারে সূচক বেড়েছে, কমেছে লেনদেন",corpus_expansion_5000,0.4165568777450921,0,0
v18_4365,মায়ের রক্তচাপই বলে দেবে সন্তান ছেলে না মেয়ে,corpus_expansion_5000,0.3993555662143467,0,0
v18_0665,ক্ষমতা চিরস্থায়ী না: হাসিনার উদ্দেশে খন্দকার মাহবুব,new_mid_w1_p1,0.22046906877967484,0,1
v18_3932,আখাউড়া হয়ে ত্রিপুরায় খাদ্য যাবে বুধবার,corpus_expansion_5000,0.09020404933138913,0,0
v18_2638,যশোরে উদ্ধার ২ লাশ ঝিনাইদহের শিবির নেতাকর্মীর,corpus_expansion_5000,0.2369944760099797,0,1
v18_3176,'তিন পার্বত্য জেলায় মোবাইল ফোন চালুর বিষয়ে আলোচনা হচ্ছে',corpus_expansion_5000,0.129550405078555,0,0
v18_4265,অভিযুক্ত দুই ছাত্রলীগ কর্মীর ভর্তি পুনর্বহাল,corpus_expansion_5000,0.17212670706483954,0,0
v18_3121,বাজেট অনেকটাই অবাস্তব অর্থমন্ত্রীর মেডিটেশন করা দরকার,corpus_expansion_5000,0.14661563844610087,0,0
v18_1017,ফেনীতে র্যাবের সঙ্গে ‘বন্দুকযুদ্ধে’ নিহত ২,corpus_expansion_5000,0.5494664555230963,1,1
v18_0557,বাগমারায় সংঘর্ষে আহত ২০,new_low_w0_pany,0.13233679201490914,0,0
v18_2399,আমরা প্রতারণার শিকার,corpus_expansion_5000,0.4851904157066046,1,1
v18_1207,দুই প্রতারক গ্রেফতার,corpus_expansion_5000,0.16079228470839807,0,1
v18_2005,"লজ্জার রেকর্ড, বিস্ময়েরও!",corpus_expansion_5000,0.8963515588503678,1,1
v18_2656,"অভিযোগপত্রে আসামি ১৩, ‘কামরুল পলাতক’",corpus_expansion_5000,0.10867237427173453,0,1
v18_2135,এখনো জনপ্রিয়তার শীর্ষে ১২৩৪৫৬,corpus_expansion_5000,0.2238525849780599,0,1
v18_1510,প্রেসিডেন্ট পুতিন ‘রাতজাগা পাখি’!,corpus_expansion_5000,0.5744108732842524,1,1
v18_1736,আড়াইহাজারে পৃথক সংঘর্ষে আহত ৪৫,corpus_expansion_5000,0.29239086809910597,0,1
v18_0245,শেষ খেলাতেও হারলো বাংলাদেশ,new_mid_w1_p1,0.28008474130873345,0,1
v18_1163,মনিরামপুরে ‘ডাকাতদের বন্দুকযুদ্ধে’ নিহত ১,corpus_expansion_5000,0.0945363922261271,0,1
v18_3362,মা ও নবজাতকের মৃত্যুতে হবিগঞ্জে ডাক্তার-নার্সের বিরুদ্ধে মামলা,corpus_expansion_5000,0.31354072118734344,0,0
v18_0266,কক্সবাজারের মরিচ্যায় ল্যাঙ্গুয়েজ সেন্টার উদ্বোধন,new_mid_w1_p1,0.4413369854724032,1,1
v18_2366,ধর্মীয় জঙ্গিবাদ নিয়ন্ত্রণে রয়েছে: র্যাব প্রধান,corpus_expansion_5000,0.19410361133270068,0,1
v18_1114,ছাত্রলীগ জঙ্গিবাদী সংগঠন -রিজভী,corpus_expansion_5000,0.1258751029826634,0,1
v18_0063,"বুর্কিনা ফাসোর গির্জায় গুলি, নিহত ৬",new_mid_w1_p1,0.15636000516471185,0,1
v18_2592,বিএনপির অভিযোগ সঠিক নয়: সিইসি,corpus_expansion_5000,0.4203685762353713,1,1
v18_2788,‘পুরো ফিট মেসিকে রোখা অসম্ভব’,corpus_expansion_5000,0.8461382923652667,1,1
v18_2757,দিনাজপুরে ট্রাকের ধাক্কায় এএসআইসহ ২ পুলিশ নিহত,corpus_expansion_5000,0.4136833391168398,0,1
v18_3011,সেই বিদ্যালয় মাঠে পশুর হাট বন্ধ,corpus_expansion_5000,0.2601425988962303,0,0
v18_3076,ঢাকায় আজ থেকে তথ্যপ্রযুক্তির আন্তর্জাতিক সম্মেলন,corpus_expansion_5000,0.28008474130873345,0,0
v18_2998,নারী-পুরুষে কাজ ভাগাভাগির আহ্বান প্রধানমন্ত্রীর,corpus_expansion_5000,0.3391588038156509,0,0
v18_2815,জঙ্গিবাদ মোকাবেলায় কৌশল নির্ধারণে জাতীয় কনভেনশন চায় বিএনপি : নোমান,corpus_expansion_5000,0.3030055026275252,0,1
v18_2259,গাজীপুরে ট্রাক-লেগুনা সংঘর্ষে নিহত ৪,corpus_expansion_5000,0.16079228470839807,0,1
v18_4958,নতুন প্রেসিডেন্ট নির্বাচনে ব্যর্থ লেবাননের পার্লামেন্ট,corpus_expansion_5000,0.1536884187735781,0,0
v18_3204,কমেছে মাছের দাম বেড়েছে মরিচের ঝাল,corpus_expansion_5000,0.3451374483123983,0,0
v18_1237,বজ্রপাতে যুবক নিহত,corpus_expansion_5000,0.6021595530648611,1,1
v18_0103,সজল-সাবির ডার্ক ব্লু,v17_reused,0.7782539617711284,1,1
v18_2643,চুয়াডাঙ্গায় সড়ক দুর্ঘটনায় যুবক নিহত,corpus_expansion_5000,0.1476023763660605,0,1
v18_0272,কর কমিশনারকে গ্রেপ্তারের দাবিতে মানববন্ধন,v17_reused,0.32263931900913917,0,0
v18_0508,মালয়েশিয়ায় আহত বাংলাদেশি কর্মীকে অনুদান প্রদান,new_low_w0_pany,0.21574371869981235,0,0
v18_2226,নুরদের বিরুদ্ধে হত্যাচেষ্টা মামলার তদন্ত প্রতিবেদন ৫ ফেব্রুয়ারি,corpus_expansion_5000,0.19570708215965552,0,1
v18_4933,"মন্ত্রী আসছেন, তাই কেরানীগঞ্জে তড়িঘড়ি করে সড়ক মেরামত",corpus_expansion_5000,0.43823768894419773,1,0
v18_2441,"গার্দিওলা–এনরিকের নয়, যুগটা মেসির!",corpus_expansion_5000,0.9122340406743517,1,1
v18_0865,ম্যারাডোনার ক্ষোভ!,corpus_expansion_5000,0.8946645420213137,1,1
v18_3326,পিএইচপির কাচ কারখানার উৎপাদন ক্ষমতা দ্বিগুণ হচ্ছে,corpus_expansion_5000,0.2709744995010885,0,0
v18_0908,সুনামগঞ্জে ‘ভারতীয়দের গুলিতে যুবক নিহত’,corpus_expansion_5000,0.4737632500619631,1,1
v18_2114,শার্লটসভিল: ‘অশুভ বর্ণবাদের’ নিন্দা ট্রাম্পের,corpus_expansion_5000,0.11738314232726066,0,1
v18_3896,বগুড়া ও শরীয়তপুরে ৭০ শিক্ষাপ্রতিষ্ঠান বন্ধ,corpus_expansion_5000,0.10537511220461654,0,0
v18_1627,ইরাকে আত্মঘাতী হামলায় নিহত ৬,corpus_expansion_5000,0.11020134873817986,0,1
v18_2873,তিতাসের ২১ দুর্নীতির উৎস পেয়েছে দুদক,corpus_expansion_5000,0.12604972566167688,0,1
v18_1522,হত্যার পেছনে জমি নিয়ে বিরোধ!,corpus_expansion_5000,0.6321400730344315,1,1
v18_0835,বিদেশে ধোনি নিকৃষ্ট!,corpus_expansion_5000,0.9338304282855248,1,1
v18_0358,অবাস্তবের বাস্তবতা,new_mid_w1_p0,0.8014215076398002,1,0
v18_0138,সিএএ-এনআরসিবিরোধী বিক্ষোভে উত্তাল মুম্বাই,new_low_w0_pany,0.3880424062960514,0,0
v18_0299,ক্রেডিট কার্ডে আন্তর্জাতিক লেনদেনে কড়াকড়ি শিথিল,v17_reused,0.30093381222399707,0,0
v18_1556,টেকনাফে ‘বন্দুকযুদ্ধে’ যুবক নিহত,corpus_expansion_5000,0.3752431354790696,0,1
v18_1003,ধেয়ে আসছে ‘ইরমা’,corpus_expansion_5000,0.22311587068072297,0,1
v18_0382,বোলিং করতেও প্রস্তুত কোহলি!,new_low_w0_pany,0.9488331744656565,1,0
v18_0941,তাজরীনে নাশকতার প্রমাণ মেলেনি: স্বরাষ্ট্রমন্ত্রী,corpus_expansion_5000,0.1590660520939585,0,1
v18_4446,সপ্তাহের শুরুতে সূচকের বড় উত্থান,corpus_expansion_5000,0.3921913672632442,0,0
v18_4854,গাঁজাসহ মিয়ানমারের ২ নাগরিক গ্রেপ্তার,corpus_expansion_5000,0.17491898592996105,0,0
v18_0761,নাহার-ইসমাইল চৌধুরী ফাউন্ডেশনের উদ্যোগে শীতবস্ত্র বিতরণ,new_mid_w1_p1,0.28008474130873345,0,1
v18_1705,"রাজশাহীতে ‘নাশকতার পরিকল্পনা’, বিএনপি নেতা আটক",corpus_expansion_5000,0.5058679125072721,1,1
v18_1873,আবরার হত্যায় ‘বড় নেতার’ নির্দেশ ছিল: চাচা,corpus_expansion_5000,0.14535818545896814,0,1
v18_2550,‘কানাডার ট্রেন হামলার পরিকল্পনাকারী ইরান ভ্রমণ করেছে’,corpus_expansion_5000,0.1814913593093756,0,1
v18_2086,অপরাধীকে শনাক্ত করবে সুগন্ধি!,corpus_expansion_5000,0.7682704612381456,1,1
v18_2197,রংপুরে ধর্ষণ মামলায় কৃষি কর্মকর্তার যাবজ্জীবন,corpus_expansion_5000,0.152936911172411,0,1
v18_0898,"ভারতে আবার গণধর্ষণ, ক্ষোভের ঝড়",corpus_expansion_5000,0.21164395524852953,0,1
v18_3999,ঋণ আদায়ে সরকারি ব্যাংক কর্মকর্তাদের জন্য পুরস্কার,corpus_expansion_5000,0.6509151995091049,1,0
v18_3615,শিশুটি শুধু আদালতে যায়-আসে,corpus_expansion_5000,0.09128008814383144,0,0
v18_1402,‘টাকা চাওয়ায় দেবরকে গলা টিপে হত্যা’,corpus_expansion_5000,0.16151257862235233,0,1
v18_3873,বাজেটে হাওরাঞ্চল ও চা–জনগোষ্ঠীকে গুরুত্ব দেওয়া হবে,corpus_expansion_5000,0.1335356701270649,0,0
v18_3785,ঈদের দিনে রোজা রেখেছেন গৌরনদীর ২০ গ্রামের মানুষ,corpus_expansion_5000,0.5064928846319345,1,0
v18_4386,যুক্তরাষ্ট্রে আরেকদফা ঝড়বৃষ্টিতে ১৩ জনের মৃত্যু,corpus_expansion_5000,0.14090253468721725,0,0
v18_2955,মাধ্যমিক ও উচ্চশিক্ষা অধিদফতরে নিয়োগ,corpus_expansion_5000,0.2601425988962303,0,0
v18_1512,‘কাবালি’র রিমেকে অমিতাভ!,corpus_expansion_5000,0.9662288392003014,1,1
v18_1188,কৃষক হত্যা: চারজনের যাবজ্জীবন,corpus_expansion_5000,0.20210365713614412,0,1
v18_2989,"প্রধানমন্ত্রী সুস্থ, দাপ্তরিক কাজও করছেন",corpus_expansion_5000,0.0945363922261271,0,0
v18_2080,‘আমদানি হচ্ছে রোগাক্রান্ত মুরগি’,corpus_expansion_5000,0.16360246495745806,0,1
v18_4983,শীতলক্ষ্যা নদী থেকে স্কুলছাত্রের লাশ উদ্ধার,corpus_expansion_5000,0.1848797051160577,0,0
v18_3437,২০ হাজার নারী উদ্যোক্তাকে প্রশিক্ষণ ও আর্থিক সহায়তা দেবে সরকার,corpus_expansion_5000,0.3238048861829309,0,0
v18_0108,আজারবাইজান-আর্মেনিয়ার যুদ্ধে তুরস্কের ‘গেম অব ড্রোনস’,v17_reused,0.6024683945397232,1,1
v18_4698,হামিদুর রাহমান পুরস্কার পেলেন মুর্তজা বশীর,corpus_expansion_5000,0.7012202717686872,1,0
v18_2827,দুর্লভ ‘মাশুকের দরবার’ বইমেলায়,corpus_expansion_5000,0.653167008581208,1,1
v18_4747,গৃহবধূকে হত্যার অভিযোগে স্বামী ও শাশুড়ি আটক,corpus_expansion_5000,0.45598911548315474,1,0
v18_0058,টুঙ্গিপাড়ায় বঙ্গবন্ধুর সমাধিসৌধে প্রধানমন্ত্রীর শ্রদ্ধা নিবেদন,v17_reused,0.43833856669825105,1,0
v18_0076,র্যাঙ্কিং নিয়ে ভাবছেন না কোচ,new_mid_w1_p0,0.4413369854724032,1,0
v18_0796,জঙ্গিবিরোধী জাতীয় ঐক্যে জঙ্গিদের চায় বিএনপি: হাছান,corpus_expansion_5000,0.14517824983206556,0,1
v18_0368,"চলচ্চিত্র প্রদর্শনী (মঙলবার, ১৮ ফেব্রুয়ারি)",v17_reused,0.9174807457985427,1,0
v18_4905,আটলান্টায় হাসান ইমাম ও লায়লা হাসানের সংবর্ধনা,corpus_expansion_5000,0.6962511735884017,1,0
v18_0785,মেজবানে একদিন,v17_reused,0.5441271193800749,1,0
v18_2088,মাশরাফির ভাবনায় ‘সুপার টেন’,corpus_expansion_5000,0.5489384787658472,1,1
v18_2314,রাজধানীর বিজয় নগরে বিক্ষোভ,corpus_expansion_5000,0.4976972215206792,1,1
v18_3384,ছাগলে ফসল খাওয়াকে কেন্দ্র করে কৃষক পরিবার একঘরে,corpus_expansion_5000,0.16738328679263786,0,0
v18_3605,চীনে অনূর্ধ্ব ১৩ বয়সীদের জন্য নিষিদ্ধ পাবজি,corpus_expansion_5000,0.3921913672632442,0,0
v18_4111,সোনারগাঁওয়ে করোনায় মৃত ব্যক্তিদের লাশ দাফনে এমপি খোকার টিম,corpus_expansion_5000,0.2529827437637835,0,0
v18_1902,মুরগির হামলায় শিয়ালের মৃত্যু!,corpus_expansion_5000,0.8453604440380661,1,1
v18_1703,জঙ্গিবাদ প্রতিরোধে এবার ‘কোটি কণ্ঠে জাতীয় সংগীত’,corpus_expansion_5000,0.17921858498670093,0,1
v18_0121,"অরুণাচলে হেলিকপ্টার বিধ্বস্ত, নিহত ১৭",new_high_w1_pany,0.17491898592996105,0,0
v18_1844,বাগদাদে আইএস হামলায় ৬ সেনাসহ নিহত ৯,corpus_expansion_5000,0.16079228470839807,0,1
v18_2369,"বাসায় ঢুকে হামলা, বাবা-ছেলে আহত",corpus_expansion_5000,0.19000580961738978,0,1
v18_3728,‘চ্যাম্পিয়ন্স লিগে ভিএআর প্রযুক্তি না থাকাটা হাস্যকর’,corpus_expansion_5000,0.569255747183441,1,0
v18_0910,বিশ্ব ফ্যাশন ২০১৫,corpus_expansion_5000,0.6701360153709581,1,1
v18_0124,মিঠুর স্মরণে এমিটি,v17_reused,0.21329044322821522,0,0
v18_2572,কাজী আরেফ হত্যা: হাইকোর্টের আদেশই বহাল,corpus_expansion_5000,0.09061578556838343,0,1
v18_1586,বরিশালে গ্রেপ্তারের পর ‘বন্দুকযুদ্ধে’ নিহত ১,corpus_expansion_5000,0.2038092859216916,0,1
v18_1257,‘দুর্নীতির বিরুদ্ধে আসল সিনেমা এখনও শুরু হয়নি’,corpus_expansion_5000,0.845849496378495,1,1
v18_3441,জয়পুরহাট-গোবিন্দগঞ্জ সংযোগ সড়ক বেহাল,corpus_expansion_5000,0.14363554912878218,0,0
v18_3480,সাত বছর পর সম্মেলন হলেও হয়নি কমিটি,corpus_expansion_5000,0.34440985093213017,0,0
v18_4108,বরিশালে ৩০০ পিস ইয়াবাসহ যুবক আটক,corpus_expansion_5000,0.2411447352040636,0,0
v18_1178,২১ অগাস্ট হামলা তদন্তে ‘নাটক’ হয়েছিল: রাষ্ট্রপক্ষ,corpus_expansion_5000,0.2653195547405834,0,1
v18_3463,জাতীয় বিশ্ববিদ্যালয়ের ডিগ্রি পরীক্ষার তারিখ পেছাল,corpus_expansion_5000,0.27273548435752637,0,0
v18_3469,চট্টগ্রাম কলেজের মাস্টার্স পরীক্ষার উত্তরপত্র পাওয়া গেল বহদ্দারহাট পুকুর পাড়ে,corpus_expansion_5000,0.09246013436329381,0,0
v18_3467,দেশীয় শিল্পের উৎপাদন বৃদ্ধি এবং আমদানি নির্ভরতা কমানোর আহ্বান,corpus_expansion_5000,0.1353199798207458,0,0
v18_2103,টরন্টো উৎসবে ‘মেঘমল্লার’,corpus_expansion_5000,0.6432444674841988,1,1
v18_0442,‘বন্দুকযুদ্ধে’ নিহত ১৫,new_low_w0_pany,0.16079228470839807,0,0
v18_2227,চীনে ভূমিকম্পে নিহত ১১,corpus_expansion_5000,0.1353199798207458,0,1
v18_4416,সিলেটে রিকশায় ভোটকেন্দ্রে গেলেন অর্থমন্ত্রী,corpus_expansion_5000,0.4413369854724032,1,0
v18_0925,‘খালেদা জিয়া রাজনীতির শয়তান ও ধ্বংসের রানি’,corpus_expansion_5000,0.40761513737957533,0,1
v18_4020,স্লিম থাকার পাঁচটি উপায়,corpus_expansion_5000,0.8210587943102536,1,0
v18_2145,চুমুবিরোধী সালমান!,corpus_expansion_5000,0.9795638492718384,1,1
v18_4770,লিগ্যাল এইড কমিটির সভা,corpus_expansion_5000,0.1711076387833799,0,0
v18_1411,"‘জঙ্গি আস্তানায়’ নিহতদের লাশ দাফন, মামলা",corpus_expansion_5000,0.11149044289188749,0,1
v18_3466,রাঙামাটিতে সকাল-সন্ধ্যা সড়ক ও নৌপথ অবরোধ চলছে,corpus_expansion_5000,0.20265270432985194,0,0
v18_2072,রাজ্জাক-শাবানার ‘আগুন’ মধুমিতায়,corpus_expansion_5000,0.8322631872883662,1,1
v18_1509,ফাঁস হলো ওয়ানপ্লাস ৬টি’র সব তথ্য!,corpus_expansion_5000,0.9107409577071962,1,1
v18_1227,চট্টগ্রামে দুর্ঘটনায় নিহত ৩,corpus_expansion_5000,0.0945363922261271,0,1
v18_4072,ঢাকা কারাগারের সীমানায় থাকা কম্বল ফ্যাক্টরির দখল নিয়েছে কর্তৃপক্ষ,corpus_expansion_5000,0.19000580961738978,0,0
v18_2585,লাদেনের জামাতার যাবজ্জীবন কারাদণ্ড,corpus_expansion_5000,0.12583994648298363,0,1
v18_4450,‘স্কুলে শিক্ষার্থী বেশি হলে শিফটে ক্লাস’,corpus_expansion_5000,0.3748749972964905,0,0
v18_2951,'জমি কেনার ক্ষেত্রে সেনাবাহিনীর কিছু ভুল ছিলো',corpus_expansion_5000,0.11018850675773023,0,0
v18_3885,তিন মাসে ৮৩ লাখ ভিডিও সরিয়েছে ইউটিউব,corpus_expansion_5000,0.2601425988962303,0,0
v18_0324,আবাসন–সংকটে ভোগান্তি,v17_reused,0.3020559329753028,0,0
v18_3977,সুযোগের অপেক্ষায় রাহী,corpus_expansion_5000,0.4165568777450921,0,0
v18_3576,রমজানে দ্রব্যমূল্য স্থিতিশীল থাকবে -বাণিজ্যমন্ত্রী,corpus_expansion_5000,0.1520589249565257,0,0
v18_2211,আতাইকুলায় নসিমন উল্টে নিহত ২,corpus_expansion_5000,0.22414154672966854,0,1
v18_3298,শারীরিক শিক্ষা স্বাস্থ্য বিজ্ঞান ও খেলাধুলা,corpus_expansion_5000,0.5637328118069199,1,0
v18_3035,যুক্তরাষ্ট্রের লাস ভেগাসে প্রথম অনুমোদন পেয়েছে ইলন মাস্ক-এর দ্রুতগতিবান্ধব সুড়ঙ্গ বানানোর প্রকল্প।,corpus_expansion_5000,0.5824142246867856,1,0
v18_1498,কুষ্টিয়ায় ‘ডাকাতির প্রস্তুতিকালে’ আটক ৩,corpus_expansion_5000,0.21093841116397974,0,1
v18_1502,ধর্ষণ মামলা ফয়সালা ৮০ হাজার টাকায়!,corpus_expansion_5000,0.5157198332193368,1,1
v18_1006,জামায়াতের হামলা মাঠে নির্দেশনা আসে ‘গুচ্ছ এসএমএসে’,corpus_expansion_5000,0.14730361182892113,0,1
v18_4179,খালেদা জিয়ার চিকিৎসা ব্যবস্থার দাবি সুপ্রিম কোর্ট আইনজীবী সমিতির,corpus_expansion_5000,0.08983844807615327,0,0
v18_3013,ট্রাম্পের ঘোষণা সমর্থন করল ইসরাইল-সৌদি আরব,corpus_expansion_5000,0.1133379569328199,0,0
v18_3516,অস্ট্রেলিয়ায় বাড়ি কিনতে জেনে রাখা ভালো,corpus_expansion_5000,0.20684191767148055,0,0
v18_1467,পাতালরেলে হামলার সন্দেহভাজন ‘মধ্য এশীয়’,corpus_expansion_5000,0.1133379569328199,0,1
v18_1225,গাজীপুরেও সরকারকে জনগণের‘না’: ফখরুল,corpus_expansion_5000,0.2406539546133129,0,1
v18_3167,আরপিও সংশোধন হলে সীমিত আকারে ইভিএম ব্যবহার,corpus_expansion_5000,0.09244999610653919,0,0
v18_2267,মা-মেয়েকে ধর্ষণের অভিযোগে ৩ নেতা-কর্মী আটক,corpus_expansion_5000,0.0913433740951066,0,1
v18_3808,বৈশাখে স্মার্ট কেনাকাটা,corpus_expansion_5000,0.29346898805872257,0,0
v18_1216,"প্রমাণ হলো, জামায়াত সন্ত্রাসী সংগঠন: ১৪ দল",corpus_expansion_5000,0.16878536400386598,0,1
v18_3976,চুক্তিতে গাড়ি চালাবেন না মালিকেরা,corpus_expansion_5000,0.2925509671762741,0,0
v18_4584,বিদ্যুৎ-জ্বালানি দ্রুত সরবরাহ আইনের মেয়াদ বাড়াতে বিল সংসদে,corpus_expansion_5000,0.09129199040900406,0,0
v18_0420,জন্মবার্ষিকীতে দ্বিজেন শর্মার স্মরণে গাছের চারা বিতরণ,new_high_w1_pany,0.3239816535412985,0,1
v18_3422,শীতে আস্থা রাখুন শতভাগ শুদ্ধ পেট্রোলিয়াম জেলিতে,corpus_expansion_5000,0.6835342536841612,1,0
v18_0006,মধ্যপ্রাচ্যে উত্তেজনায় বাড়ছে তেলের দাম,new_mid_w0_p0,0.3451374483123983,0,0
v18_0932,"ভেতরে প্রচুর বিস্ফোরক, পরিস্থিতি জটিল: মনিরুল",corpus_expansion_5000,0.13042706172662621,0,1
v18_1691,আশুলিয়ায় র্যাবের সঙ্গে ‘বন্দুকযুদ্ধে’ গুলিবিদ্ধ ৪,corpus_expansion_5000,0.3586461204198161,0,1
v18_0439,শিশু শিক্ষার্থীকে ধর্ষণের অভিযোগে মাদ্রাসা শিক্ষক গ্রেপ্তার,new_mid_w0_p0,0.2508201550264552,0,0
v18_1313,সংঘর্ষে নিহতদের ১ জন বাংলাদেশি,corpus_expansion_5000,0.3451374483123983,0,1
v18_0678,৭ মার্চের ভাষণ নিয়ে চলচ্চিত্র,v17_reused,0.8551460124766889,1,0
v18_1943,"২৫ মার্চ ‘গণহত্যা দিবস’ হবে, আশা ১৪ দলের",corpus_expansion_5000,0.22665069330697055,0,1
v18_4610,"বিপিএল নিয়ে বাজি, ২ যুবক কারাগারে",corpus_expansion_5000,0.25885033646710803,0,0
v18_3303,ক্ষুদ্র ব্যবসায়ীদের ১৩০ কোটি টাকা ঋণ দেওয়া হবে,corpus_expansion_5000,0.16136595467591944,0,0
v18_2268,অন্য কনা অন্য হূদয় খান!,corpus_expansion_5000,0.7897763239833326,1,1
v18_4633,‘বিশ্ব ব্যাংকের ঘোষণা যে কোনো মুহূর্তে’,corpus_expansion_5000,0.0945363922261271,0,0
v18_4080,খেলার কৌশল নিয়ে কাজ করছেন গার্দিওলা,corpus_expansion_5000,0.19000580961738978,0,0
v18_2518,রাবি অধ্যাপক রেজাউলকে কুপিয়ে হত্যা,corpus_expansion_5000,0.09266945868995898,0,1
v18_2439,"সাপকে কামড়াচ্ছে প্রবাল সাপ, হঠাৎ আরেক হামলাকারী! ভিডিও ভাইরাল",corpus_expansion_5000,0.9625729662698999,1,1
v18_4037,৫০ মুক্তিযোদ্ধার জন্য গৃহ নির্মাণ করবে চট্টগ্রাম সিটি,corpus_expansion_5000,0.6102517496321148,1,0
v18_1893,কলম্বিয়ায় ভূমিধসে নিহত ৫২,corpus_expansion_5000,0.17491898592996105,0,1
v18_4244,সোমবার নিউ ইয়র্ক যাচ্ছেন অর্থমন্ত্রী মুহিত,corpus_expansion_5000,0.21323581866230484,0,0
v18_4829,শেখ জামাল সভাপতির দশ লাখ টাকার বোনাস,corpus_expansion_5000,0.5191488039855561,1,0
v18_2640,‘যুদ্ধাপরাধের বিচার বাধাগ্রস্ত করতে জামায়াতের হামলা’,corpus_expansion_5000,0.36202669267489407,0,1
v18_0194,"বেঞ্চ নিল পুলিশ, দুই দিন পাঠদান বন্ধ",new_mid_w0_p0,0.0945363922261271,0,0
v18_1474,পাকিস্তানে ট্যাঙ্কার-গাড়ি সংঘর্ষে ৬ শিশুসহ নিহত ৯,corpus_expansion_5000,0.1353199798207458,0,1
v18_4616,হলুদের গুঁড়ায় ছাই,corpus_expansion_5000,0.18510172481662102,0,0
v18_1211,গাড়িচাপায় কিশোর নিহত,corpus_expansion_5000,0.1476023763660605,0,1
v18_2438,সাভারে ব্যবসায়ীকে কুপিয়ে হত্যা,corpus_expansion_5000,0.17921858498670093,0,1
v18_1657,অগ্ন্যুৎপাতে নিহত ২৫,corpus_expansion_5000,0.28008474130873345,0,1
v18_2700,দুর্বৃত্তের হামলায় আহত ৩,corpus_expansion_5000,0.24757692835969164,0,1
v18_3082,"যুক্তরাষ্ট্র ফ্লাইটে বিনামূল্যে ল্যাপটপ, আইপ্যাড",corpus_expansion_5000,0.26501655125611634,0,0
v18_2705,কিশোরগঞ্জে ট্রেনে কাটা পড়ে নিহত ২,corpus_expansion_5000,0.17491898592996105,0,1
v18_4226,"চীনে নতুন আক্রান্ত নেই, হুবেইতে নিষেধাজ্ঞা প্রত্যাহার",corpus_expansion_5000,0.2860730847351194,0,0
v18_2842,চট্টগ্রাম ও গোপালগঞ্জে সড়ক দুর্ঘটনায় নিহত ২,corpus_expansion_5000,0.1353199798207458,0,1
v18_2302,বাড়তি ওজনেই খুশি সোনাক্ষী!,corpus_expansion_5000,0.981310202613338,1,1
v18_1130,"দুর্ঘটনা নয়, ‘বেআইনি হত্যা’",corpus_expansion_5000,0.1318137510448018,0,1
v18_1461,জামায়াতের সহিংসতা: আট জেলায় গ্রেপ্তার ৬২,corpus_expansion_5000,0.2350325910781179,0,1
v18_0276,দূতাবাসগুলো গ্রহণ না করায় ৮৬ জন বিদেশি কারাগারে,new_mid_w1_p0,0.2318477792033082,0,0
v18_2222,এই ছিল প্লুটোর বুকে!,corpus_expansion_5000,0.6008248368306609,1,1
v18_2331,"তিন নাগরিককে ‘হত্যার হুমকি’, থানায় জিডি",corpus_expansion_5000,0.31354072118734344,0,1
v18_4322,রানীকে হারিয়ে এককভাবে শীর্ষে ইভা,corpus_expansion_5000,0.5690938689597135,1,0
v18_1302,ঝালকাঠীতে থানায় `বিএনপির হামলা’,corpus_expansion_5000,0.33659247187029084,0,1
v18_2517,পবায় আট বছরের শিশু ধর্ষণের শিকার,corpus_expansion_5000,0.08973476485673722,0,1
v18_0222,সোনাগাজীর চর মজলিশপুরে ফেরোমন ফাঁদ মাঠ দিবস পালিত,new_mid_w1_p1,0.2510865234118674,0,1
v18_2036,ভারতে মন্দিরে পায়ের চাপায় ৫ জন নিহত,corpus_expansion_5000,0.10640283559768407,0,1
v18_1924,সাঁড়াশি অভিযানের ষষ্ঠ দিনে গ্রেপ্তার ১০ ‘জঙ্গি’,corpus_expansion_5000,0.09132645220455729,0,1
v18_0573,সিনেমা আমার জায়গা না,new_mid_w1_p0,0.8551460124766889,1,0
v18_1236,"গৃহবধূ ধর্ষণ, ২ জন রিমান্ডে",corpus_expansion_5000,0.08868370927620692,0,1
v18_3544,মাদ্রাসা শিক্ষা অধিদপ্তরের ডিজিটালাইজেশন প্রক্রিয়া শুরু,corpus_expansion_5000,0.29264560991415167,0,0
v18_2133,গুঞ্জনটা উসকে দিলেন রোনালদোই!,corpus_expansion_5000,0.9325611580444546,1,1
v18_1334,পল্টনে সংঘর্ষ: বিএনপিকর্মীদের বিরুদ্ধে ৩ মামলা,corpus_expansion_5000,0.11373632256614757,0,1
v18_2457,ইতিহাসের সবচেয়ে জঘন্য পেনাল্টি শ্যুট আউট?,corpus_expansion_5000,0.9470993257718775,1,1
v18_0418,চাল বিক্রিতে অনিয়ম ডিলারকে জরিমানা,new_mid_w1_p1,0.1353199798207458,0,1
v18_4914,কানাডা-ভারত পরমাণু সহযোগিতা চুক্তি,corpus_expansion_5000,0.1133379569328199,0,0
v18_1104,‘স্পর্শকাতর’ আদেশে ‘জঙ্গির’ শিশুপুত্র রিমান্ডে,corpus_expansion_5000,0.30578092602028584,0,1
v18_0257,জনশান্তি নষ্ট করায় কারাদণ্ড,new_mid_w1_p0,0.16967882471207463,0,0
v18_0295,সাতক্ষীরায় ৩৯ কেজি ভারতীয় রুপা আটক,v17_reused,0.36835127139997426,0,0
v18_2361,ঝালকাঠিতে কৃষকের লাশ উদ্ধার,corpus_expansion_5000,0.17491898592996105,0,1
v18_0386,মিয়ানমার থেকে আসছে পচা পেঁয়াজ,new_mid_w0_p0,0.4824172450921037,1,0
v18_3308,হিলি স্থলবন্দরে রেকর্ড পরিমাণ রাজস্ব আদায়,corpus_expansion_5000,0.22311587068072297,0,0
v18_4013,দরপতনেই আটকে শেয়ারবাজার,corpus_expansion_5000,0.4364756726349634,1,0
v18_2231,আলেম হত্যার ষড়যন্ত্র: ৮ শিবিরকর্মীর মুক্তি দাবি,corpus_expansion_5000,0.7707301720848733,1,1
v18_2554,সীমান্তে গুলি: সেনা হতাহতের অভিযোগ ভারতের,corpus_expansion_5000,0.22311587068072297,0,1
v18_4335,বউয়ের হাঁসুয়ার কোপে শ্বশুর-শাশুড়ি আহত,corpus_expansion_5000,0.21388788260073127,0,0
v18_3515,নষ্ট হচ্ছে কোটি টাকার চিকিৎসা সরঞ্জাম,corpus_expansion_5000,0.4032591959677978,0,0
v18_1839,দিনাজপুরে গ্রেফতারের পর ‘বন্দুকযুদ্ধে’ ২ যুবক নিহত,corpus_expansion_5000,0.129475052562152,0,1
v18_4384,‘ফল দেরিতে পেলে করোনা পরীক্ষা সম্পূর্ণ বৃথা’,corpus_expansion_5000,0.2967855450334942,0,0
v18_1563,১৫ মাসের তদন্তেও চিহ্নিত হয়নি জঙ্গিরা,corpus_expansion_5000,0.12267145181201149,0,1
v18_2015,হামলাকারীকে চিনত ব্রিটিশ গোয়েন্দারা,corpus_expansion_5000,0.1988642435269017,0,1
v18_1400,মাদারীপুরে ৪ জনের ‘আত্মহত্যা’,corpus_expansion_5000,0.371722455038948,0,1
v18_0712,ওলমার্টকে সরাতে ভোটের পরিকল্পনা কাদিমা পার্টির,new_mid_w1_p1,0.13655227487415833,0,1
v18_2420,সাভারে চোলাই মদসহ গ্রেপ্তার ২,corpus_expansion_5000,0.24478986370433012,0,1
v18_2619,৮০০ টাকায় কিডনি ডায়ালাইসিস!,corpus_expansion_5000,0.78846934141356,1,1
v18_0209,এক ইলিশের দাম ৪ হাজার ১০০ টাকা!,new_mid_w0_p0,0.7334436106506477,1,0
v18_4944,ঝিনাইদহে ৬০ বিঘা জমির পান পুড়ে ছাই,corpus_expansion_5000,0.0945363922261271,0,0
v18_1289,জঙ্গিদের পালানোয় উদ্বেগ রফিকুলের,corpus_expansion_5000,0.13504478783986412,0,1
v18_0449,চ্যাম্পিয়ন জামানের গল্প,new_mid_w0_p0,0.7765086636639527,1,0
v18_4091,লুৎফুজ্জামান বাবরের মামলা ৩০ দিনে নিষ্পত্তির নির্দেশ,corpus_expansion_5000,0.13307819365697038,0,0
v18_2569,না’গঞ্জে শিশু ধর্ষণ,corpus_expansion_5000,0.4488604560739676,1,1
v18_1820,বাগেরহাটে স্কুলছাত্র হত্যায় ৩ ‘বন্ধুর’ যাবজ্জীবন,corpus_expansion_5000,0.28770191625145175,0,1
v18_0958,রাজবাড়ীতে পুলিশের সঙ্গে ‘বন্দুকযুদ্ধে’ নিহত ১,corpus_expansion_5000,0.16079228470839807,0,1
v18_1793,বাবা-ছেলেসহ নিহত ৮,corpus_expansion_5000,0.16971500183017776,0,1
v18_4786,দুদকের মামলায় আগাম জামিন পেলেন বদি,corpus_expansion_5000,0.30093381222399707,0,0
v18_0654,ভারত না খেললে লোকসান স্টারের?,new_low_w0_pany,0.725021306700103,1,0
v18_2407,কলেজছাত্রকে ‘হত্যার পর আত্মহত্যা প্রতিবন্ধীর’,corpus_expansion_5000,0.2370977340634936,0,1
v18_3852,ভালোবাসার অভিনব প্রকাশ,corpus_expansion_5000,0.23392568371243508,0,0
v18_1995,"মুঠোফোনে বন্ধুত্ব, পরে ধর্ষণ, চারজন গ্রেপ্তার",corpus_expansion_5000,0.2018457246305075,0,1
v18_1760,মহেশখালীতে ‘বন্দুকযুদ্ধে’ গুলিবিদ্ধ ২,corpus_expansion_5000,0.32438175186790896,0,1
v18_2354,নারীকে পুরুষের ‘অধস্তন’ বানানোর স্কুল!,corpus_expansion_5000,0.8853580061751993,1,1
v18_2741,‘ভাতে’ মারছে বাশার বাহিনী,corpus_expansion_5000,0.17921858498670093,0,1
v18_2617,হৃদয় খানের প্রথম প্রেম ‘পিয়ানো’,corpus_expansion_5000,0.9120017723327772,1,1
v18_0411,যুবলীগের কর্মীর বিরুদ্ধে জমি দখলের অভিযোগ,v17_reused,0.2495828715902114,0,0
v18_1774,থানায় তরুণীকে দলবেঁধে ধর্ষণ: ওসিসহ ৫ পুলিশের বিরুদ্ধে মামলা,corpus_expansion_5000,0.08983844807615327,0,1
v18_3978,নাটোরে টেগরা পদ্ধতিতে ধান রোপণ শুরু,corpus_expansion_5000,0.30093381222399707,0,0
v18_2186,বাল্যবিয়েকে ‘না’,corpus_expansion_5000,0.9048059477892143,1,1
v18_2379,চট্টগ্রামে হত্যা মামলায় ৪ জনের মৃত্যুদন্ড,corpus_expansion_5000,0.18788066567183778,0,1
v18_3963,দুই বছরে ১০ বছরের কাজ হয়েছে,corpus_expansion_5000,0.24703917469609482,0,0
v18_4311,নতুন বছরেই একত্র হচ্ছে কিউবার দুই মুদ্রা,corpus_expansion_5000,0.5685965839687225,1,0
v18_4774,সাজেকে হামে আক্রান্ত আরেক শিশুর মৃত্যু,corpus_expansion_5000,0.3306217446968078,0,0
v18_3702,মিয়ানমারের পাশে থাকবে জাপান,corpus_expansion_5000,0.11180454696605888,0,0
v18_3972,একমাত্র বৃষ্টিই পারে ভারতকে বাঁচাতে,corpus_expansion_5000,0.32606680805987115,0,0
v18_4765,বইমেলার শুরুতে অব্যবস্থাপনা নিয়ে ক্ষোভ,corpus_expansion_5000,0.34384512201662576,0,0
v18_3558,প্রস্তাবিত বাজেটে যেসব পণ্যের দাম বাড়তে-কমতে পারে,corpus_expansion_5000,0.3451374483123983,0,0
v18_4110,ডেঙ্গুতে এবার চিকিৎসকের মৃত্যু,corpus_expansion_5000,0.30093381222399707,0,0
v18_3497,"প্রোটিয়ারা আসছে জুনে, এর আগে ভারত-পাকিস্তান",corpus_expansion_5000,0.2601425988962303,0,0
v18_3765,"পিরোজপুরে ট্রাকসহ সেতু ভেঙে খালে, ১১ রুটে চলাচল বন্ধ",corpus_expansion_5000,0.3146615032205769,0,0
v18_0430,মাদারীপুরে করোনা উপসর্গ নিয়ে সেলুন মালিকের মৃত্যু,new_mid_w1_p0,0.19000580961738978,0,0
v18_4484,বিরোধী দলের আসনে বসায় মাহাথিরকে নিজ দল থেকে বহিষ্কার,corpus_expansion_5000,0.1133379569328199,0,0
v18_2321,ভালোবাসায় ভালো থাকে হূৎযন্ত্র!,corpus_expansion_5000,0.7358528392719582,1,1
v18_1366,"চীনে বেপরোয়া গুলি, নিহত ৫",corpus_expansion_5000,0.36835127139997426,0,1
v18_1992,"সিলেটে পুলিশের ওপর হামলা, ভাঙচুর",corpus_expansion_5000,0.09699251814099163,0,1
v18_2851,প্রেম আর প্রতারণার গল্পে মৌ,corpus_expansion_5000,0.7919475863919107,1,1
v18_1176,রাজধানীতে ‘বিস্ফোরণে’ দগ্ধ ২,corpus_expansion_5000,0.36835127139997426,0,1
v18_3528,ডিবিএইচের গৃহঋণ সাত হাজার কোটি টাকা ছাড়াল,corpus_expansion_5000,0.28008474130873345,0,0
v18_1476,রামুতে হামলা: বান্দরবানে প্রতিবাদ,corpus_expansion_5000,0.16863455130234706,0,1
v18_3740,"এটিএন বাংলায় মনজুরুল আহসান, জ ই মামুন",corpus_expansion_5000,0.2411447352040636,0,0
v18_2045,জমির বিরোধে পিটিয়ে হত্যা,corpus_expansion_5000,0.0945363922261271,0,1
v18_0102,পেট্রলবোমায় জীবন্ত দগ্ধ সাত গরু,v17_reused,0.3451374483123983,0,0
v18_4331,চারমাসে তৃতীয়বারের মতো পদোন্নতি পেলেন শহীদ খান,corpus_expansion_5000,0.16447610531611398,0,0
v18_2992,"ট্রানজিট দিতে কৌশলী সরকার, সমন্বয় নেই",corpus_expansion_5000,0.11862415433653428,0,0
v18_1263,"সোমালিয়ায় বোমা বিস্ফোরণ, নিহত ১১",corpus_expansion_5000,0.09279970767088276,0,1
v18_2881,"১৬ জেলায় পুলিশের বাধা, লাঠিপেটা",corpus_expansion_5000,0.10538510498935426,0,1
v18_3138,নওগাঁ-ঢাকা রুটে সরাসরি বাস চলাচল এখনও বন্ধ,corpus_expansion_5000,0.19986429249866947,0,0
v18_3622,সমন্বয়হীনতায় থমকে আছে ক্ষুদ্র নৃগোষ্ঠীর মাতৃভাষায় শিক্ষা,corpus_expansion_5000,0.11183956121794623,0,0
v18_3203,পঙ্গু হাসপাতালে তুহিনের হাত-পায়ে অস্ত্রোপচার,corpus_expansion_5000,0.10691383779338834,0,0
v18_4278,করোনাভাইরাস নিয়ে কানাডায় প্রধান জনস্বাস্থ্য কর্মকর্তার সতর্কতা,corpus_expansion_5000,0.4237456057776692,1,0
v18_3299,অংশগ্রহণমূলক নির্বাচন চায় যুক্তরাজ্য,corpus_expansion_5000,0.0945363922261271,0,0
v18_4993,অভ্যুত্থান চলাকালে ‘ভাগ্যক্রমে’ রক্ষা পেয়েছেন এরদোয়ান,corpus_expansion_5000,0.1291355282482097,0,0
v18_3633,কোরআনবিরোধী ষড়যন্ত্র বরদাশত করা হবে না -আন্তর্জাতিক ক্বিরাত সম্মেলনে ধর্ম প্রতিমন্ত্রী,corpus_expansion_5000,0.10693967102857448,0,0
v18_1643,"বান্দরবানে ২ শিশুকে ‘ধর্ষণ’, স্কুলের দপ্তরি গ্রেপ্তার",corpus_expansion_5000,0.10611954861270685,0,1
v18_4505,ভারতীয় কোয়াডকপ্টার গুলি করে ভূপাতিত করল পাকিস্তান,corpus_expansion_5000,0.30093381222399707,0,0
v18_0000,২০১৮ সালে বিশ্বজুড়ে ৯৭ সাংবাদিক খুন,new_low_w0_pany,0.1353199798207458,0,0
v18_1580,কারখানায় আগুন আতঙ্ক: পদদলিত হয়ে আহত ৫০,corpus_expansion_5000,0.13195140277037068,0,1
v18_4422,সোমালিয়ায় যুদ্ধপরাধের জন্য সব পক্ষই দায়ী: এইচআরডব্লিউ,corpus_expansion_5000,0.0945363922261271,0,0
v18_4116,সপরিবারে হজে যাচ্ছেন মিশা সওদাগর,corpus_expansion_5000,0.8851714455532851,1,0
v18_1356,মশারি টানিয়ে বিক্ষোভ,corpus_expansion_5000,0.30864144641356767,0,1
v18_4201,পুরান ঢাকাকে ঢেলে সাজানোর সুপারিশ,corpus_expansion_5000,0.3097817755149708,0,0
v18_4574,পিজিপিএন কোর্সের সনদ দিল নেসলে নিউট্রেশন ইনস্টিটিউট,corpus_expansion_5000,0.12163941802420528,0,0
v18_3733,রতনপুর স্টিলের লেনদেন শুরু আজ,corpus_expansion_5000,0.3451374483123983,0,0
v18_2025,৪ ফেব্রুয়ারি: আজকের ধাঁধা,corpus_expansion_5000,0.6229465733397762,1,1
v18_2218,বান্দরবানে গাড়ি চাপায় নিহত ২,corpus_expansion_5000,0.46665014294848706,1,1
v18_0396,কিশোরগঞ্জের ধানের শীষ প্রার্থীরা দৃশ্যত অবরুদ্ধ,new_mid_w0_p0,0.37794343908190225,0,0
v18_4941,"বসুন্ধরায় নিরাপত্তারক্ষীদের পিটুনিতে নর্থসাউথের ছাত্র আহত, বিক্ষোভ",corpus_expansion_5000,0.1249470157274336,0,0
v18_1064,আফগানিস্তানে আত্মঘাতী হামলায় নিহত ৫,corpus_expansion_5000,0.1353199798207458,0,1
v18_3080,ডিএনএ পরীক্ষার ফলের অপেক্ষায় 'সন্তানহারা' দম্পতি,corpus_expansion_5000,0.14599375323203873,0,0
v18_2153,‘দেশবিরোধী শক্তির নীলনকশা বাস্তবায়নে হামলাকারীরা’,corpus_expansion_5000,0.29378256716645973,0,1
v18_0818,পাবনায় স্কুলছাত্রীকে গণধর্ষণের অভিযোগে গ্রেফতার ১,corpus_expansion_5000,0.6235020533763189,1,1
v18_1812,চাঁদপুরে ‘বন্দুকযুদ্ধে’ নিহত ১,corpus_expansion_5000,0.19000580961738978,0,1
v18_2552,"নোয়াখালীতে ব্যাংকের টাকা ‘আত্মসাৎ’, আটক এক",corpus_expansion_5000,0.16079228470839807,0,1
v18_1552,‘ইসলাম অবমাননা’: মিশরে সংঘর্ষ,corpus_expansion_5000,0.1274455798789303,0,1
v18_4047,কুড়িগ্রামের ভ‚রুঙ্গামারীতে টাকা দিলেই মিলছে জাল দলিল,corpus_expansion_5000,0.0945363922261271,0,0
v18_0816,‘পিকে’র বিরুদ্ধে নকলের অভিযোগ,corpus_expansion_5000,0.7010206136979599,1,1
v18_1572,চার ‘আইএস জঙ্গি’ ধরা পড়ল ভারতে,corpus_expansion_5000,0.1496206794608041,0,1
v18_4552,বগুড়ার সেই ব্যবসায়ী করোনায় মারা যাননি,corpus_expansion_5000,0.12021339121253015,0,0
v18_1800,বগুড়ায় নিজেদের মধ্যে ‘বন্দুকযুদ্ধে’ নিহত ২,corpus_expansion_5000,0.2186647579015273,0,1
v18_4287,ফেসবুকের নতুন ফিচার ‘হোয়াই অ্যাম আই সিইং দিস পোস্ট’,corpus_expansion_5000,0.3451374483123983,0,0
v18_0381,গৌতম বুদ্ধকে কটুক্তির প্রতিবাদ ফ্রান্স প্রবাসীদের,v17_reused,0.6077906410134508,1,0
v18_2874,কাকে মেরে কাকে বাঁচাল ছাত্রলীগ!,corpus_expansion_5000,0.9126537877852969,1,1
v18_4347,শেখ হাসিনার অধীনে কোন নির্বাচন গ্রহণযোগ্য হবে না -রিজভী,corpus_expansion_5000,0.3545343296366945,0,0
v18_4626,বেনাপোলে যুবককে কুপিয়ে জখম,corpus_expansion_5000,0.17491898592996105,0,0
v18_3503,স্বাস্থ্যবিধি মেনে দোকান খোলায় বাধা নেই,corpus_expansion_5000,0.0945363922261271,0,0
v18_2311,টটেনহ্যাম-চেলসি ম্যাচে ‘ভিএআর’ বিতর্ক,corpus_expansion_5000,0.8402528595110507,1,1
v18_1780,‘কাদের মোল্লার ফাঁসি বাংলাদেশের অভ্যন্তরীণ বিষয়’,corpus_expansion_5000,0.27309732909651546,0,1
v18_2726,নতুন ধারাবাহিক ‘পাগলা হাওয়া’,corpus_expansion_5000,0.75066723628035,1,1
v18_2437,পদ্মা প্রকল্প: ‘আমাদের মনোযোগ তদন্তে’,corpus_expansion_5000,0.0945363922261271,0,1
v18_2333,পঞ্চগড়ে ‘ছিটকিনি’,corpus_expansion_5000,0.8244274605407242,1,1
v18_0864,হবিগঞ্জে দুর্ঘটনায় নিহত ৩,corpus_expansion_5000,0.1353199798207458,0,1
v18_3638,চীনের প্রেসিডেন্টের ঢাকা সফরের মধ্য দিয়ে সম্পর্ক আরও গভীর হবে -সৈয়দ আশরাফ,corpus_expansion_5000,0.08962133081971072,0,0
v18_3164,লেবু-তোকমার ঠান্ডাই ও আলু-টিকিয়ার চাট,corpus_expansion_5000,0.6229465733397762,1,0
v18_0554,বন্ধুসহ বড়লেখার মাসুম ফিরলেন লাশ হয়ে,new_high_w1_pany,0.3921913672632442,0,1
v18_1159,দুর্নীতি তদন্তের সময় পেটানো হলো অভিযোগকারীকে!,corpus_expansion_5000,0.581916924460261,1,1
v18_1213,হবিগঞ্জে ৪ শিশু হত্যা: দুই আসামি রিমান্ডে,corpus_expansion_5000,0.12928791235984805,0,1
v18_3760,নিউ ইয়র্কে বাফার নতুন কার্যালয় উদ্বোধন,corpus_expansion_5000,0.25086790110231244,0,0
v18_4213,সময় এসেছে বিশ্বের সামনে দাঁড়ানোর,corpus_expansion_5000,0.5074648061627561,1,0
v18_0048,কৃষক হত্যায় স্ত্রীসহ চারজনের মৃত্যুদন্ড,new_high_w1_pany,0.13159803083245714,0,1
v18_2367,হাতুড়িপেটায় আহত ৪,corpus_expansion_5000,0.1926519403708126,0,1
v18_0700,সমাবেশ করতে পারেনি কোনো দল,v17_reused,0.170924180218888,0,1
v18_0652,হানিপ্রীতসহ ১৪ জনের বিরুদ্ধে অভিযোগপত্র দাখিল,v17_reused,0.1529999444070336,0,0
v18_3933,শরীর পারমিট না করলেও ডা. জাফরুল্লাহ থেমে থাকেন না: স্ত্রী,corpus_expansion_5000,0.36603571261042056,0,0
v18_4409,৬ শতাংশ সুদে সুবিধা বঞ্চিতদের জন্য ঋণ,corpus_expansion_5000,0.5743695239102369,1,0
v18_3311,আবার চালু হতে যাচ্ছে বুকবিল্ডিং পদ্ধতি,corpus_expansion_5000,0.30093381222399707,0,0
v18_0748,‘বিশ্বমানের’ মুস্তাফিজকে পড়তে পারেনি প্রোটিয়ারা,new_mid_w1_p1,0.5598848095817748,1,1
v18_1455,নবীনগরে সংঘর্ষে নিহত ১,corpus_expansion_5000,0.16079228470839807,0,1
v18_4195,খালেদা জিয়াকে কারাগারে পাঠানোর বৈধতা নিয়ে রিট,corpus_expansion_5000,0.22674019223646555,0,0
v18_2389,বার্নাব্যু সংস্কারে নিষেধাজ্ঞা!,corpus_expansion_5000,0.7682613975785948,1,1
v18_3494,"বগি লাইনচ্যুত, চট্টগ্রামের সঙ্গে ঢাকা ও সিলেটের ট্রেন চলাচল বন্ধ",corpus_expansion_5000,0.2411447352040636,0,0
v18_0866,আড়াইহাজারে ধর্ষণ: বিচার দাবিতে মানববন্ধন,corpus_expansion_5000,0.08859647230585976,0,1
v18_0752,ঢাকায় ডিবির সঙ্গে ‘বন্দুকযুদ্ধে’ যুবক নিহত,new_mid_w1_p0,0.15769147593764793,0,0
v18_1644,নারায়ণগঞ্জে ধর্ষণের অভিযোগে আটক ২,corpus_expansion_5000,0.4344869440240335,1,1
v18_0092,টেলিফোন সন্ত্রাস দমনে মনিটরিং সেল হবে: টুকু,new_mid_w1_p1,0.0945363922261271,0,1
v18_4824,বাল্যবিবাহ প-: কনের বাবার জরিমানা,corpus_expansion_5000,0.17921858498670093,0,0
v18_3101,শেলা নদীতে নৌ-চলাচল নিয়ে প্রশ্ন সংসদীয় কমিটির,corpus_expansion_5000,0.0945363922261271,0,0
v18_2432,মূত্র থেকে দাঁত!,corpus_expansion_5000,0.8449063205806148,1,1
v18_2629,হঠাৎ স্বর্ণকেশী!-দশ,corpus_expansion_5000,0.8018039955557459,1,1
v18_1490,"গ্রেফতার অভিযানে হামলা, এসআইসহ ৫ পুলিশ আহত, আটক ১০",corpus_expansion_5000,0.09274631749491107,0,1
v18_2895,দুর্ঘটনায় পুলিশ কনস্টেবলসহ নিহত ৩,corpus_expansion_5000,0.18648284668089862,0,1
v18_2177,"ফেনীতে জামায়াতের মিছিল, ধাওয়া-গুলি আহত ৪, আটক ২",corpus_expansion_5000,0.5400161594238102,1,1
v18_0729,অচল বিদ্যুৎকেন্দ্র পাঁচ মাসেও সচল হয়নি,v17_reused,0.3451374483123983,0,0
v18_4759,প্রতি উপজেলায় ফায়ার স্টেশন হবে: সাহারা,corpus_expansion_5000,0.16577896898633376,0,0
v18_2471,‘সুয়ারেস বিশ্বের সেরা ফরোয়ার্ড’,corpus_expansion_5000,0.5243130518360242,1,1
v18_2242,মেক্সিকোয় কারাগারে সংঘর্ষে ২৮ কয়েদি নিহত,corpus_expansion_5000,0.4680592460756674,1,1
v18_1936,গণধর্ষণ শেষে ফেরার পথে কিশোরীকে ফের গণধর্ষণ!,corpus_expansion_5000,0.6480638685699568,1,1
v18_1745,একটা দৃশ্যের জন্য ৪৫ কোটি!,corpus_expansion_5000,0.9907627787338062,1,1
v18_4746,সেক্সটিং বিষয়ে পরামর্শ মার্কিন স্বাস্থ্য সংস্থার,corpus_expansion_5000,0.19000580961738978,0,0
v18_4373,অস্ট্রেলিয়ায় পড়শীর গান,corpus_expansion_5000,0.36835127139997426,0,0
v18_3491,বেক্সিমকোর ডিটিএইচ সেবায় বঙ্গবন্ধু স্যাটেলাইটের বাণিজ্যিক যাত্রা শুরু,corpus_expansion_5000,0.2601425988962303,0,0
v18_1110,"বাগদাদে মসজিদে হামলা, নিহত ২৪",corpus_expansion_5000,0.08862696593115166,0,1
v18_3337,"তিস্তার পানি কমছেই, দিল্লির সাড়া নেই",corpus_expansion_5000,0.12503759138921838,0,0
v18_4032,গৃহনির্মাণে কম সুদে ঋণ দিতে তাগিদ অর্থ উপদেষ্টার,corpus_expansion_5000,0.18222364290349102,0,0
v18_4471,জামালপুরে অপহৃত স্কুলছাত্র নারায়ণগঞ্জে উদ্ধার,corpus_expansion_5000,0.42036290956326744,1,0
v18_4157,"বদির বদলে নৌকার মনোনয়ন পাচ্ছেন স্ত্রী, রানার বদলে বাবা",corpus_expansion_5000,0.24748587364338825,0,0
v18_0346,কালিয়াকৈরে এটিএমের টাকা লুটের ‘হোতাসহ’ গ্রেপ্তার ১০,v17_reused,0.152328105549484,0,0
v18_1185,‘নখের আঁচড়ে’ ধরা পড়ল তরুণীর দুই হত্যাকারী,corpus_expansion_5000,0.13001094678165298,0,1
v18_4006,মানিকগঞ্জে পাটুরিয়া ফেরিঘাট ও আরিচাঘাট এলাকায় তীব্র ভাঙন,corpus_expansion_5000,0.24280269250193545,0,0
v18_1515,পাঁচ জেলায় নিহত ৫,corpus_expansion_5000,0.22311587068072297,0,1
v18_4669,মেঘনায় আটকা পড়া ফেরি ২৫ ঘণ্টা পর ছুটলো,corpus_expansion_5000,0.5501483815481961,1,0
v18_0578,সমাজ ও রাষ্ট্র এখনো নারীর জন্য উপযোগী নয়,new_high_w1_pany,0.2959942333064974,0,1
v18_1964,‘স্বর্ণশঙ্খ’ জিতল শুনতে কি পাও!,corpus_expansion_5000,0.9502185030731805,1,1
v18_0075,উইম্বলডনও সেরেনার,v17_reused,0.4774097421186756,1,0
v18_1429,শিবকে ‘কনডম পরিয়ে’ বিতর্কে সায়নী,corpus_expansion_5000,0.5922518710903679,1,1
v18_3712,মির্জাপুরে ছয় বছরের শিশুকে শ্লীলতাহানির কথিত অভিযোগে এক ব্যাক্তিকে পিটিয়ে হত্যা,corpus_expansion_5000,0.19000580961738978,0,0
v18_4430,পল্টনের ঘটনায় ইসির চিঠি আইজিপিকে,corpus_expansion_5000,0.1394279476580518,0,0
v18_2751,ইতালিতে অভিবাসীর গুলিতে ২ পুলিশ নিহত,corpus_expansion_5000,0.2600259873989065,0,1
v18_4952,সেরা রাঁধুনী’র পরীক্ষার সময়,corpus_expansion_5000,0.4413369854724032,1,0
v18_1846,রংপুরে ট্রাক উল্টে নিহত ১৬,corpus_expansion_5000,0.4413369854724032,1,1
v18_0131,নিহতদের পরিবারকে চেক দিলেন প্রধানমন্ত্রী,new_high_w1_pany,0.1578761254824781,0,1
v18_0178,রাজধানীতে যুবককে পিটিয়ে হত্যা,new_low_w0_pany,0.18692007193661297,0,0
v18_2899,পাসপোর্টের সঙ্গে নাগরিকত্ব থাকা না থাকার সম্পর্ক নেই -ডিজি পাসপোর্ট,corpus_expansion_5000,0.23333717360784578,0,0
v18_4466,পণ্যমূল্য বাড়ালে পরিণতি মীর গ্রুপের মতো হবে,corpus_expansion_5000,0.16079228470839807,0,0
v18_4194,ব্যাংককে হাসপাতাল থেকে রোগী সরাচ্ছে কর্তৃপক্ষ,corpus_expansion_5000,0.32438175186790896,0,0
v18_2522,"প্রেমে ‘না’, ছাত্রীকে দিনদুপুরে নির্মমভাবে কোপাল বখাটে",corpus_expansion_5000,0.6662765323681872,1,1
v18_1842,ইরাকে আত্মঘাতী হামলায় নিহতের সংখ্যা বেড়ে ‘১০০’,corpus_expansion_5000,0.11481318528877739,0,1
v18_2098,কিশোরীকে হাওরে নিয়ে পালাক্রমে ধর্ষণ,corpus_expansion_5000,0.22943409495105066,0,1
v18_3949,কুষ্টিয়া হাসপাতালে সিসিইউ ও আইসিইউ চালু,corpus_expansion_5000,0.33789969857686913,0,0
v18_2373,শুল্কমুক্ত রপ্তানির সুযোগ রাশিয়ায়!,corpus_expansion_5000,0.4626942805824531,1,1
v18_0604,মধ্যযুগের মধ্যাহ্ন ভাস্কর,v17_reused,0.22311587068072297,0,0
v18_2627,এক নম্বরে সাইপ্রাস!,corpus_expansion_5000,0.780885068229775,1,1
v18_0025,রিফাত হত্যা: আরও ২ জন গ্রেপ্তার,v17_reused,0.2060688837501653,0,0
v18_0658,"চালের দাম বেশি, কষ্ট দিচ্ছে ‘ভিআইপি’ পণ্য চীনা রসুন",v17_reused,0.3451374483123983,0,0
v18_4977,আরেকটি রোমাঞ্চকর জয়ে সিরিজ দক্ষিণ আফ্রিকার,corpus_expansion_5000,0.8604593907883442,1,0
v18_3317,সূচক ও লেনদেন সামান্য বেড়েছে ডিএসইতে,corpus_expansion_5000,0.3890905024891894,0,0
v18_3868,নিয়োগ দেবে কন্ট্রোলার জেনারেল ডিফেন্স ফাইন্যান্স,corpus_expansion_5000,0.22311587068072297,0,0
v18_0173,আমরা এখন ঢাকায়,new_mid_w0_p0,0.49299121880686847,1,0
v18_1611,টুঙ্গিপাড়ায় দুদলের সংঘর্ষে আহত ২৫,corpus_expansion_5000,0.23512840581190822,0,1
v18_0437,ইন্ডিয়া হ্যাবিট্যাট সেন্টারে পোলাক,new_mid_w1_p1,0.38039764970363105,0,1
v18_0331,পাকিস্তানির লাশ ফেরত দিল ভারত,new_mid_w1_p0,0.21154908987295523,0,0
v18_3100,অস্ট্রেলিয়ায় স্বল্প দক্ষ কর্মীদের স্থায়ী ভিসার সুযোগ,corpus_expansion_5000,0.2438207935791591,0,0
v18_1454,পুলিশের ওপর হামলা: চট্টগ্রামে আটক আরো ৯,corpus_expansion_5000,0.16967882471207463,0,1
v18_0342,বগুড়ায় ছুরিকাঘাতে ছাত্রলীগকর্মী খুন,new_high_w1_pany,0.2954050391384722,0,1
v18_3209,মিয়ানমারের আরও অ্যাকাউন্ট বন্ধ করলো ফেইসবুক,corpus_expansion_5000,0.0945363922261271,0,0
v18_4576,উত্তর কোরিয়ার ৪০ কোম্পানির ওপর নিষেধাজ্ঞার আহ্বান,corpus_expansion_5000,0.10778716602114666,0,0
v18_1088,জঙ্গিবাদে ঠেকাতে ‘সদা সতর্ক’ থাকতে হবে: বার্নিকাট,corpus_expansion_5000,0.3020559329753028,0,1
v18_0479,চরাঞ্চলের মানুষের জন্য নৌ-অ্যাম্বুলেন্স দিলেন ডা. শিমুল এমপি,v17_reused,0.3398978637048721,0,0
v18_0727,রাষ্ট্রায়ত্ত ব্যাংকগুলোতে দেড় হাজার নিয়োগের বিজ্ঞপ্তি,new_mid_w1_p0,0.42608501848964525,1,0
v18_3783,আরো এনটিটিএন লাইসেন্স দেওয়া হবে: বিটিআরসি চেয়ারম্যান,corpus_expansion_5000,0.2601425988962303,0,0
v18_0976,‘গুলশান হামলার সন্দেহভাজন’ কলকাতায় গ্রেপ্তারের খবর,corpus_expansion_5000,0.229556195175976,0,1
v18_3784,উত্তর কোরিয়া আসছে না,corpus_expansion_5000,0.6555941530209316,1,0
v18_2977,ক্ষুদ্রঋণে দারিদ্র্য লালন-পালন হয়েছে : প্রধানমন্ত্রী,corpus_expansion_5000,0.23297831222682697,0,0
v18_1928,‘জেলখানা থেকে বেরিয়ে প্রতিবন্ধী নারীকে গণধর্ষণ’,corpus_expansion_5000,0.12299544603310267,0,1
v18_1468,ভারতে এবার নারী সাংবাদিককে গণধর্ষণ,corpus_expansion_5000,0.09965038239947263,0,1
v18_1224,ফরিদপুরে চম্পা হত্যা: আরো ২ আসামি গ্রেপ্তার,corpus_expansion_5000,0.30393093016953737,0,1
v18_2856,‘খুনি’ বানরকে খুঁজছে পুলিশ,corpus_expansion_5000,0.39267555613042693,0,1
v18_1952,আইএসে ৭০ দেশের জঙ্গি,corpus_expansion_5000,0.0931359352226457,0,1
v18_4830,জলিলকে হাসপাতালে জিজ্ঞাসাবাদ করবে দুদক,corpus_expansion_5000,0.15692665606488165,0,0
v18_4500,বিএনপির সঙ্গে সংলাপের সাফল্য নিয়ে কাদেরের সংশয়,corpus_expansion_5000,0.2559704999805021,0,0
v18_1892,"কক্সবাজারে বনকর্মী-বনদস্যু ‘বন্দুকযুদ্ধ’, নিহত ১",corpus_expansion_5000,0.1353199798207458,0,1
v18_1299,নাসিরনগর হামলার ‘হোতা’ আঁখি জামিনে মুক্ত,corpus_expansion_5000,0.23539394118266835,0,1
v18_2990,মার্জিন ঋণের সুদ মওকুফ করা উচিত,corpus_expansion_5000,0.22311587068072297,0,0
v18_4599,প্রযুক্তিনির্ভর কর দেওয়ার ব্যবস্থা গড়ে তোলার আহ্বান,corpus_expansion_5000,0.1133379569328199,0,0
v18_0660,চট্টগ্রামে টেক্সটাইল মিলের গুদামে আগুন,new_mid_w1_p1,0.2586185177759099,0,1
v18_4577,ভারতের সঙ্গে হারলেই পাকিস্তানের বিদায়,corpus_expansion_5000,0.24664572527486484,0,0
v18_4073,বিচার প্রার্থীদের দুর্ভোগ কমাতে বছরব্যাপী নানা উদ্যোগ,corpus_expansion_5000,0.16079228470839807,0,0
v18_2784,ইবির ‘বি’ ইউনিটের ফল প্রকাশ,corpus_expansion_5000,0.3146615032205769,0,1
v18_4937,"রাজশাহীতে পদ্মায় পানি বাড়ছেই, বাঁধের নীচে মানুষ পানি বন্দী",corpus_expansion_5000,0.3451374483123983,0,0
v18_3827,দুবাইয়ে বাংলাদেশিদের বসন্তবরণ,corpus_expansion_5000,0.5243130518360242,1,0
v18_2714,"শাহরুখের নয়, দুশ্চিন্তা সালমানের!",corpus_expansion_5000,0.958964678356717,1,1
v18_4657,প্রাথমিক পর্যায় থেকে ডিজিটাল শিক্ষা ব্যবস্থা চালু করতে হবে,corpus_expansion_5000,0.15243822501570042,0,0
v18_0267,"শিবির করা অপরাধ নয়, বরং শিবির সন্দেহে মারধর শাস্তিযোগ্য অপরাধ: আসিফ নজরুল",v17_reused,0.12883886788078389,0,0
v18_4442,"বিজিএমইএতে ভোট হচ্ছে না, সিদ্দিকুরই থাকছেন",corpus_expansion_5000,0.1636223086092106,0,0
v18_4959,নতুন মেশিনে পরীক্ষামূলক উৎপাদনে আজিজ পাইপস,corpus_expansion_5000,0.4413369854724032,1,0
v18_3372,অতিরিক্ত পণ্য বহন নিয়ন্ত্রণে নীতিমালা অনুমোদন,corpus_expansion_5000,0.0945363922261271,0,0
v18_3595,"ট্রেন দুর্ঘটনা সরকারের কত বড় প্রশাসনিক ব্যর্থতা, তা বলার অপেক্ষা রাখে না: আমির খসরু",corpus_expansion_5000,0.15330356666131761,0,0
v18_4316,দেশীয়-আন্তর্জাতিক ষড়যন্ত্র থেকে সজাগ থাকতে হবে,corpus_expansion_5000,0.36835127139997426,0,0
v18_3722,পীরগঞ্জে বাসের ছাদ থেকে পড়ে দুই যাত্রীর মৃত্যু,corpus_expansion_5000,0.2411447352040636,0,0
v18_3406,যুক্তরাষ্ট্র-মেক্সিকো সীমান্তে আরও সৈন্য মোতায়েন,corpus_expansion_5000,0.14303868621675692,0,0
v18_1278,"কুড়িগ্রামে বিএসএফের গুলি, আহত ২",corpus_expansion_5000,0.12221681645417712,0,1
v18_4640,উৎসব-আনন্দে ঈদ উদযাপিত,corpus_expansion_5000,0.41849315049290436,1,0
v18_3917,শামসুরের সেঞ্চুরিতে ভালো অবস্থানে জিপি-বিসিবি একাডেমী,corpus_expansion_5000,0.200651875271541,0,0
v18_2678,শোলাকিয়ায় ‘ইতিহাসে উল্টো স্রোত’,corpus_expansion_5000,0.1302130906114218,0,1
v18_1621,নাইজেরিয়ায় আত্মঘাতী বোমায় নিহত ৪৫,corpus_expansion_5000,0.34200983460079226,0,1
v18_4103,অ্যাসিড সহিংসতা কমেছে,corpus_expansion_5000,0.6219413392915567,1,0
v18_2857,"এই ব্রাজিল ‘কুৎসিত’, বললেন রিভালদো",corpus_expansion_5000,0.7092574445508811,1,1
v18_1896,ইয়েমেনি স্নাইপারদের হাতে সৌদির ৫ সেনা নিহত!,corpus_expansion_5000,0.7929023714352891,1,1
v18_3924,আয়ের অন্যতম উৎস উন্নয়ন অনুদান খাত,corpus_expansion_5000,0.33278426298520075,0,0
v18_3014,ইবিএল গ্রাহকদের বিমা সুবিধা দেবে মেটলাইফ,corpus_expansion_5000,0.17491898592996105,0,0
v18_4438,কোটা আন্দোলন : ক্লাস-বর্জনের ঘোষণা ঢাবিছাত্রীদের,corpus_expansion_5000,0.2799573103859825,0,0
v18_0067,অ্যামাজনে অরক্ষিত মার্কিন সামরিক তথ্য,new_mid_w1_p0,0.3490727319281113,0,0
v18_2042,মাহবুব হত্যার অভিযোগে গ্রেপ্তার ২,corpus_expansion_5000,0.14303868621675692,0,1
v18_2580,ঢাকায় এক কিশোরী ৭ মাসে দ্বিতীয়বার ‘অপহৃত’,corpus_expansion_5000,0.4232264036097416,1,1
v18_3782,ভূমিকম্পের সময় স্বয়ংক্রিয়ভাবে গ্যাস-বিদ্যুৎ বন্ধের সুপারিশ,corpus_expansion_5000,0.0945363922261271,0,0
v18_3790,মোবাইল সুরক্ষায় এয়ারব্যাগ,corpus_expansion_5000,0.32912155184893244,0,0
v18_0820,রাজনৈতিক ফায়দার জন্য ২১ অগাস্টের হামলা: বিচারক,corpus_expansion_5000,0.1182941402493736,0,1
v18_1226,"স্ত্রীর ‘আত্মহত্যা’, এসআই স্বামীর বিরুদ্ধে মামলা",corpus_expansion_5000,0.5390618348982623,1,1
v18_2991,কাজ চাইলে মেয়রদের ক্ষমতা দিতে হবে,corpus_expansion_5000,0.11941834713315239,0,0
v18_3132,ইনস্টিটিউটে রূপান্তরিত হচ্ছে সুন্দরবন সেন্টার,corpus_expansion_5000,0.1353199798207458,0,0
v18_2743,সংঘর্ষে পুলিশসহ ৭ জন আহত,corpus_expansion_5000,0.2411447352040636,0,1
v18_4457,নতুন নতুন বাজার সৃষ্টির আহ্বান প্রধানমন্ত্রীর,corpus_expansion_5000,0.21893840577981488,0,0
v18_4269,সাভারে ককটেল ভর্তি ব্যাগ উদ্ধার,corpus_expansion_5000,0.30717771780997927,0,0
v18_3349,জ্বালানি খাতে বিনিয়োগে আগ্রহ থাইল্যান্ডের,corpus_expansion_5000,0.1458660916797508,0,0
v18_1143,হিমু হত্যা: বাদিকে জেরা শেষ,corpus_expansion_5000,0.154249902249679,0,1
v18_0397,বাজারে ‘গ্যালাক্সি ট্যাব ই’,new_mid_w0_p0,0.4413369854724032,1,0
v18_2906,'জানুয়ারি থেকে কার্যকর হতে পারে নাগরিকত্ব সংশোধনী আইন',corpus_expansion_5000,0.28416564027896263,0,0
v18_4301,সৈয়দ আশরাফের মাগফেরাত কামনায় দোয়া আগামীকাল,corpus_expansion_5000,0.13897857244239925,0,0
v18_2759,"দগ্ধ আরেক যুবকের মৃত্যু, নিহত বেড়ে ২৭",corpus_expansion_5000,0.3313290753994746,0,1
v18_1398,আমেরিকা জঙ্গিদের স্রষ্টা: মতিয়া চৌধুরী,corpus_expansion_5000,0.1852190799012728,0,1
v18_1659,বখাটেদের হামলায় আহত ৫,corpus_expansion_5000,0.17108608256547347,0,1
v18_0979,"তসলিমাবিরোধী মিছিলে গুলি, নিহত ২",corpus_expansion_5000,0.2712711256147291,0,1
v18_1298,পরাগ অপহরণ: আমির ফের রিমান্ডে,corpus_expansion_5000,0.22894578566749338,0,1
v18_3555,"পাঁচ কিমি কাঁচা, দুর্ভোগে অর্ধলক্ষাধিক মানুষ",corpus_expansion_5000,0.1133379569328199,0,0
v18_0082,চীন-বাংলাদেশের মধ্যে চমৎকার অধ্যায় লিখিত হয়েছে,v17_reused,0.16079228470839807,0,0
v18_4507,লোকসান পুষিয়ে দেবে এবারের আলু,corpus_expansion_5000,0.41319042031880393,0,0
v18_2458,দুই স্কুলছাত্রীকে দুই দিন আটকে রেখে ধর্ষণ,corpus_expansion_5000,0.13005836185987796,0,1
v18_3739,নির্বাচনে সবার সমান সুযোগ নিশ্চিত করতে হবে: সিইসি,corpus_expansion_5000,0.1476023763660605,0,0
v18_3781,অ্যান্ড্রয়েডে এসে গেল করটানা,corpus_expansion_5000,0.45532611937844736,1,0
v18_2288,সিদ্ধিরগঞ্জে গুলিবিদ্ধ লাশ উদ্ধার,corpus_expansion_5000,0.0918498241155797,0,1
v18_0423,নতুন পেনড্রাইভ,new_low_w0_pany,0.44862453062568336,1,0
v18_4339,অর্থ ফেরতে ফারমার্স ব্যাংকের ব্যর্থতায় টিআইবির উদ্বেগ,corpus_expansion_5000,0.11806979496615298,0,0
v18_1904,রাজধানীতে ‘বন্দুকযুদ্ধে’ নিহত ১,corpus_expansion_5000,0.1353199798207458,0,1
v18_4538,রাজশাহীতে পাঁচ দিনব্যাপী এসএমই মেলার উদ্বোধন,corpus_expansion_5000,0.4076543965940803,0,0
v18_3352,বেতন দাবিতে আন্দোলনে বাংলামেইল কর্মীরা,corpus_expansion_5000,0.17921858498670093,0,0
v18_3102,বাংলালিংক পাঁচ বছর মেয়াদি ৩০ কোটি ডলারের বন্ড ছেড়েছে,corpus_expansion_5000,0.16079228470839807,0,0
v18_1565,আইএস জঙ্গিরা ‘মনোবিকারগ্রস্ত দানব’: জন কেরি,corpus_expansion_5000,0.10749555182242483,0,1
v18_3355,শ্রমিকদের অবরোধে ঢাকা-গাইবান্ধার রেল যোগাযোগ বন্ধ,corpus_expansion_5000,0.35215844960526577,0,0
v18_0839,আলোচিত ১০ ঘটনা ২০১৬,corpus_expansion_5000,0.9938368266557653,1,1
v18_0500,‘অনলাইন নিউজ পোর্টাল নিবন্ধন নিয়ে উদ্বেগের কারণ নেই’,new_mid_w1_p0,0.13170104972235866,0,0
v18_0141,অভিনেতা তানভীরের ঝুলন্ত লাশ,new_mid_w1_p0,0.6367558913446004,1,0
v18_1377,যুবজাগরণ প্রকাশ করেছে ‘জিয়া পরিবারের দুর্নীতি : কিছু খণ্ডচিত্র’,corpus_expansion_5000,0.13162047065452467,0,1
v18_3697,"গাড়ির নিচে ঘুম, চাপায় চালকের সহকারীর মৃত্যু",corpus_expansion_5000,0.2060688837501653,0,0
v18_2144,সুনামগঞ্জে প্রাইভেটকার খাদে পড়ে নিহত ৩,corpus_expansion_5000,0.1476023763660605,0,1
v18_1138,সাগর-রুনি হত্যা: আঙুলের ছাপও ‘অস্পষ্ট’,corpus_expansion_5000,0.0926650140631507,0,1
v18_2927,রোহিঙ্গা সুরক্ষায় বাংলাদেশকে ৪৮ কোটি ডলার সহায়তা দেবে বিশ্বব্যাংক,corpus_expansion_5000,0.0945363922261271,0,0
v18_1787,চীনে ঘূর্ণিঝড়ে নিহত নিহত ৬,corpus_expansion_5000,0.48963128007144485,1,1
v18_3484,"বৈধ চুলায় গ্যাস কম, অবৈধ চুলায় ভরপুর",corpus_expansion_5000,0.1556927478988752,0,0
v18_0550,"শিক্ষক নিয়োগ স্থগিত, সড়ক অবরোধ দিনাজপুরে",v17_reused,0.08912596255733628,0,0
v18_4906,খালেদা জিয়ার সাজা বাতিল চায় ঢাবি শিক্ষকদের সাদা দল,corpus_expansion_5000,0.21850414211851898,0,0
v18_2019,ব্রাহ্মণবাড়িয়ায় পৃথক সংঘর্ষে পুলিশসহ আহত ৯০,corpus_expansion_5000,0.21948773434712315,0,1
v18_0948,"‘ব্যাংক কেরানি, যে যুদ্ধে গিয়েছিল!’",corpus_expansion_5000,0.930431765353459,1,1
v18_2600,বিএনপি এখন ‘মাইনকা চিপায়’: কাদের,corpus_expansion_5000,0.3295897154794531,0,1
v18_0532,কর্ণফুলী থেকে তিন জলদস্যু আটক,new_low_w0_pany,0.19000580961738978,0,0
v18_1829,জঙ্গিদের টার্গেট এখন আইন শৃঙ্খলা রক্ষাকারী বাহিনী!,corpus_expansion_5000,0.5923138620897254,1,1
v18_2917,সাভারে আরো একটি খামারে বার্ড ফ্লু,corpus_expansion_5000,0.1133379569328199,0,0
v18_4418,ফিলিপাইনে বাংলাদেশের ওপর আলোকচিত্র প্রদর্শনী,corpus_expansion_5000,0.6060210003467356,1,0
v18_3871,ইংলাকের সব পাসপোর্ট বাতিল,corpus_expansion_5000,0.0945363922261271,0,0
v18_1602,পিরোজপুরে হরতালে ৬ জন গুলিবিদ্ধ,corpus_expansion_5000,0.2143495376044544,0,1
v18_0639,যুক্তরাষ্ট্রে তদবির চালাতে বিএনপির ‘লবিস্ট’ নিয়োগের খবর,new_high_w1_pany,0.0887832417799182,0,1
v18_4832,লোহাগড়া পৌরবাসীকে আইসোলেশনে থাকার পরামর্শ দিলেন মাশরাফি,corpus_expansion_5000,0.31535154175980573,0,0
v18_0967,সোনারগাঁয়ে কথিত ‘বন্দুকযুদ্ধে’ আসামি নিহত,corpus_expansion_5000,0.1353199798207458,0,1
v18_4237,বাংলাদেশের সঙ্গে যোগাযোগের উন্নয়নকে গুরুত্ব দিচ্ছে ভারত,corpus_expansion_5000,0.21243762606321165,0,0
v18_2697,গাইবান্ধায় সংঘর্ষে নিহত ১,corpus_expansion_5000,0.18324280124231973,0,1
v18_1683,"‘ভাই, প্রেসারটা একটু দেখবেন!’",corpus_expansion_5000,0.6301872001460783,1,1
v18_4470,ব্যবস্থা না নিলে কর্ণফুলীও বুড়িগঙ্গার অবস্থায় দাঁড়াবে: নৌমন্ত্রী,corpus_expansion_5000,0.09306452300793057,0,0
v18_2342,মুন্সীগঞ্জে দুই দুর্ঘটনায় নিহত ৪,corpus_expansion_5000,0.22767008736857205,0,1
v18_0155,"কোহলি কেন গ্রেট, জানালেন আমির সোহেল",new_mid_w1_p0,0.6974874866511146,1,0
v18_2487,গ্যাস চুক্তিগুলো ‘দুর্নীতিমূলক’,corpus_expansion_5000,0.1358252066274999,0,1
v18_4641,বগুড়ায় ট্রেনের ধাক্কায় স্বামী-স্ত্রী নিহত,corpus_expansion_5000,0.27379364031348136,0,0
v18_1089,‘পদ্মা সেতু দুর্নীতি নিয়ে পত্রিকাগুলো গল্প লিখেছে’,corpus_expansion_5000,0.09342143640801982,0,1
v18_2655,"ধর্ষণ নয়, প্রতিবন্ধী কিশোরী শিকার শ্লীলতাহানির",corpus_expansion_5000,0.15132912357979503,0,1
v18_4240,দিল্লি ওপেনে নবম রাউন্ডে জিয়ার জয়,corpus_expansion_5000,0.4413369854724032,1,0
v18_0288,অধিকার নিয়ে সচেতন হলে ভোক্তরা ঠকবেন না: বাণিজ্যমন্ত্রী,v17_reused,0.16079228470839807,0,0
v18_0930,"হেফাজতে আসামির মৃত্যু, পুলিশের দাবি ‘আত্মহত্যা’",corpus_expansion_5000,0.10779949941346222,0,1
v18_2535,ছিনতাইকারী ও অজ্ঞান পার্টির ৬১ সদস্য গ্রেপ্তার,corpus_expansion_5000,0.1353199798207458,0,1
v18_4028,যেভাবে জানা যাবে দুই সমাপনীর ফল,corpus_expansion_5000,0.2572130352646715,0,0
v18_3371,সিদ্ধিরগঞ্জ বিদ্যুৎ কেন্দ্র পরিচালনায় ভারতীয় কোম্পানি,corpus_expansion_5000,0.17491898592996105,0,0
v18_4621,বাগেরহাটে ১২০ বস্তা ইউরিয়া উদ্ধার,corpus_expansion_5000,0.28008474130873345,0,0
v18_3291,কোরিয়া প্রবাসী শ্রমিকদের বিএ ডিগ্রি লাভের সুযোগ,corpus_expansion_5000,0.34705595631578556,0,0
v18_0942,বজ্রপাতে নিহত ১৫,corpus_expansion_5000,0.14258446788648493,0,1
v18_3859,প্রতিদিন নগর ঘুরে দেখতে হবে,corpus_expansion_5000,0.5495186472111779,1,0
v18_4662,একটু ব্যায়াম একটু নিয়ম,corpus_expansion_5000,0.26116944252095853,0,0
v18_1698,ঘূর্ণিঝড় রোয়ানু: কক্সবাজারের নিহত ২,corpus_expansion_5000,0.3451374483123983,0,1
v18_4708,"প্রমাণ করেছি আমরা পারি, বললেন সাকিব",corpus_expansion_5000,0.7993298566152369,1,0
v18_3200,কুড়িগ্রাম ও সুনামগঞ্জে সীমান্ত হাট অনুমোদন,corpus_expansion_5000,0.1290377325446834,0,0
v18_4601,দরপতনেই লেনদেন শেষ,corpus_expansion_5000,0.18561714733893328,0,0
v18_4608,বদরগঞ্জে আচরণবিধি মানছেন না প্রার্থীরা,corpus_expansion_5000,0.1853064910090965,0,0
v18_0985,‘জঙ্গি তহবিল পাওয়ার আশায়’ পুলিশের গাড়িতে হামলা: সিআইডি,corpus_expansion_5000,0.1105735166633143,0,1
v18_3318,যে সব কোম্পানির উদ্যোক্তাদের শেয়ার ৩০ শতাংশের কম,corpus_expansion_5000,0.48719929544414753,1,0
v18_2867,ভারতে ট্রেনে কাটা পড়ে নিহত ৬২,corpus_expansion_5000,0.21093841116397974,0,1
v18_4056,চট্টগ্রামে বইমেলা শুরু,corpus_expansion_5000,0.38218093229804784,0,0
v18_4777,এসডিজি অর্জনে উন্নয়ন সহযোগীদের সহায়তা চাইলেন স্বাস্থ্যমন্ত্রী,corpus_expansion_5000,0.0945363922261271,0,0
v18_0981,‘এপ্রিল ফুল’ সংবাদ,corpus_expansion_5000,0.8941812282042269,1,1
v18_2492,নোবেল পুরস্কারতো ‘ইমরান’ পেয়েই গেছেন: আকরাম,corpus_expansion_5000,0.8784590901281101,1,1
v18_3792,তামিম-রুবেলের ভিসা এখনও হয়নি,corpus_expansion_5000,0.3451374483123983,0,0
v18_3548,সৌদি আরবে কমে আসছে শ্রমিকদের ভিসার মেয়াদ,corpus_expansion_5000,0.0945363922261271,0,0
v18_2942,ঋণ দেবে কোরিয়া : ডিজিটাল হচ্ছে ভূমি ব্যবস্থাপনা,corpus_expansion_5000,0.18158119561010977,0,0
v18_3527,ভিওআইপি: গ্রামীণফোন কার্যালয় থেকে সংগৃহীত তথ্য যাচাই করা হচ্ছে,corpus_expansion_5000,0.12662418077524962,0,0
v18_3845,‘তোর মতো লোক মেরে ফেললে আমার কিছুই হবে না’,corpus_expansion_5000,0.1727989971482528,0,0
v18_1457,আ’লীগ নেতার বাড়িতে ককটেল হামলা,corpus_expansion_5000,0.3205364679604564,0,1
v18_1395,ধর্ষণের অভিযোগে দুলাভাই আটক,corpus_expansion_5000,0.15594605155047372,0,1
v18_0264,কে হচ্ছেন শেকৃবির নতুন ভিসি?,new_mid_w1_p0,0.8748826316748387,1,0
v18_4095,ক্ষুদ্র জাতিসত্তার মানুষ ন্যায্য দাম থেকে বঞ্চিত,corpus_expansion_5000,0.0927348803312761,0,0
v18_0929,ভবন ধসের ঘটনায় ‘হত্যা মামলা’ চান মওদুদ,corpus_expansion_5000,0.17654936554317274,0,1
v18_4871,দীপিকার পোশাক বিভ্রাট,corpus_expansion_5000,0.8551460124766889,1,0
v18_2692,ঠাকুরগাঁও সীমান্তে অজ্ঞাত নারীর লাশ,corpus_expansion_5000,0.14303868621675692,0,1
v18_0246,সংক্রমিত হলে দেশে ঢুকতে পারবেন না মার্কিনিরা!,v17_reused,0.8090263470353262,1,0
v18_3589,রাসায়নিক ছিটিয়ে দুই বিঘা জমির ধান গাছ নষ্ট,corpus_expansion_5000,0.15845428771145437,0,0
v18_1758,রাঙামাটিতে জিহাদী বইসহ ৬ 'জঙ্গি' আটক,corpus_expansion_5000,0.10639134774733293,0,1
v18_4865,সকালে লেবু পানির যত উপকার,corpus_expansion_5000,0.4413369854724032,1,0
v18_2810,আলেপ্পোয় বিমান হামলায় নিহত ২৮,corpus_expansion_5000,0.0945363922261271,0,1
v18_0923,"প্রতিবাদ সভা, গ্রেপ্তার ৫",corpus_expansion_5000,0.35547572366175,0,1
v18_2880,‘বিকৃত মানসিকতা থেকেই সজিবকে গলাকেটে হত্যা করে রবিন’,corpus_expansion_5000,0.2858269438729862,0,1
v18_0268,মার্কেসের জাদুর আয়না,new_mid_w1_p0,0.7087868867028406,1,0
v18_0669,"মৌসম, অভিজিৎ, বদরুদ্দোজার ভাগ্য পরীক্ষা কাল",new_low_w0_pany,0.3921913672632442,0,0
v18_4475,রোহিঙ্গাদের এনআইডি ‘ইসির বড় কর্তারা জড়িত’,corpus_expansion_5000,0.0945363922261271,0,0
v18_1910,যুবলীগ নেতাসহ নিহত ৫,corpus_expansion_5000,0.15823488679635614,0,1
v18_2985,ট্রেনের টিকিটে যাত্রীর নাম বাধ্যতামূলক করা হবে: রেলমন্ত্রী,corpus_expansion_5000,0.15192168510222764,0,0
v18_1152,মালয়েশিয়ায় ভূমিধস ৫ বাংলাদেশী নিহত,corpus_expansion_5000,0.12892102654236734,0,1
v18_4817,ওসির সহযোগিতায় থানায় উপজাতি তরুণীর বিয়ে,corpus_expansion_5000,0.7928832690771266,1,0
v18_3455,আগামী বছর থেকে স্মার্টফোনের বিক্রি বাড়বে,corpus_expansion_5000,0.1353199798207458,0,0
v18_4241,আদমশুমারি প্রতিবেদনের পর জুনে সংসদীয় আসন পুনর্বিন্যাস,corpus_expansion_5000,0.12006000049973287,0,0
v18_4549,গুজরাটে শিল্প প্লট দেখতে যাচ্ছেন ব্যবসায়ীরা,corpus_expansion_5000,0.1793452048008859,0,0
v18_2172,অজ্ঞাতনামা আসামি!,corpus_expansion_5000,0.42889091273021,1,1
v18_4515,৫ রিটেইলারকে গাড়ি পুরস্কার লাফার্জের,corpus_expansion_5000,0.6917884152518181,1,0
v18_1915,তানোরে গ্রেপ্তার ৩ ‘জঙ্গি’ ফের রিমান্ডে,corpus_expansion_5000,0.10819452197250491,0,1
v18_0612,বিপর্যয়ে দক্ষিণাঞ্চলের বিদ্যুৎ বিতরণ ব্যবস্থা,v17_reused,0.5878219768788766,1,0
v18_2406,ওয়ারীতে কথিত বন্দুকযুদ্ধে নিহত ১,corpus_expansion_5000,0.2558667720698694,0,1
v18_4205,নাইক্ষ্যংছড়িতে বন্য হাতির আক্রমণে শ্রমিকের মৃত্যু,corpus_expansion_5000,0.15775969553017116,0,0
v18_1898,গেণ্ডারিয়ায় গ্রেপ্তার ৭ ‘ডাকাত’ ধর্ষণ মামলারও আসামি: পুলিশ,corpus_expansion_5000,0.08897709987513597,0,1
v18_1649,‘এনকাউন্টারে মাদক ব্যবসায়ী’ টারজান মনিরসহ নিহত ২,corpus_expansion_5000,0.0945363922261271,0,1
v18_2607,চাঁদপুরে তরুণের লাশ উদ্ধার,corpus_expansion_5000,0.2860730847351194,0,1
v18_0258,মুড়ি নাকি টোস্ট বিস্কুট?,new_mid_w0_p0,0.828725972464913,1,0
v18_0847,প্রতারক চক্রের ৪ জন গ্রেফতার,corpus_expansion_5000,0.18477957905723047,0,1
v18_4251,আফগান আলোচনায় সহায়তা করতে ইচ্ছুক পাকিস্তান,corpus_expansion_5000,0.11997677692282648,0,0
v18_1233,জঙ্গিবাদ দমনে দরকার বহুমাত্রিক ‘প্রেসক্রিপশন’: শাহরিয়ার কবির,corpus_expansion_5000,0.8453540830291925,1,1
v18_1127,প্রবাসী হত্যার ঘটনায় গ্রেপ্তার ১,corpus_expansion_5000,0.1133379569328199,0,1
v18_1967,নকিয়ার মেটাল বডি লুমিয়া ৯২৫,corpus_expansion_5000,0.4165568777450921,0,1
v18_0558,ইউল্যাবকে হারিয়ে চ্যাম্পিয়ন স্টামফোর্ড,v17_reused,0.5743695239102369,1,0
v18_3905,"বাজার নিম্নমুখী, বিনিয়োগকারীরা লোকসানে",corpus_expansion_5000,0.2256743102504748,0,0
v18_0484,ছাত্র সংসদ নির্বাচন চায় জবি শিক্ষার্থীরা,new_mid_w1_p1,0.17491898592996105,0,1
v18_1320,রূপগঞ্জে তিন লাশ: পুলিশের মামলা,corpus_expansion_5000,0.16079228470839807,0,1
v18_3404,নিকাহ্ রেজিস্ট্রার পদে কোনো নারী নয়,corpus_expansion_5000,0.1970918416126492,0,0
v18_0007,নগদ লভ্যাংশে নেতিবাচক মনোভাব বিনিয়োগকারীর!,new_low_w0_pany,0.8623056057977286,1,0
v18_3279,হংকংগামী নারী শ্রমিকদের প্রথম ফ্লাইট এ মাসেই,corpus_expansion_5000,0.22787169287846834,0,0
v18_3189,চবি ভর্তি পরীক্ষার ফল পাওয়া যাবে ওয়েবসাইটে,corpus_expansion_5000,0.19000580961738978,0,0
v18_1450,শালিসে যুবক নিহত,corpus_expansion_5000,0.36835127139997426,0,1
v18_3980,পোল্ট্রি উপকরণ আমদানিতে পিএসআই লাগবে না,corpus_expansion_5000,0.2411447352040636,0,0
v18_1814,টেঁটাযুদ্ধে আহত ১৫,corpus_expansion_5000,0.17491898592996105,0,1
v18_0773,কুলাউড়ায় রাবার বাগান রক্ষায় শ্রমিকদের মানববন্ধন,new_mid_w1_p1,0.2556091271377481,0,1
v18_1011,মিডিয়া সেন্টারে গুলি!,corpus_expansion_5000,0.6301872001460783,1,1
v18_2818,বন্দরে নারী খুনে জড়িত ব্যক্তিদের ফাঁসির দাবি,corpus_expansion_5000,0.27390914761390195,0,1
v18_3275,নবায়নযোগ্য জ্বালানি বিষয়ক তিন দিনের কর্মশালা শুরু,corpus_expansion_5000,0.2646188880465073,0,0
v18_1991,সিডনিতে ‘জন্মভূমির গান’,corpus_expansion_5000,0.2793390910250147,0,1
v18_1277,"বাগদাদে অস্ত্রধারীদের গুলি, নিহত ২৪",corpus_expansion_5000,0.25051980012485775,0,1
v18_1783,পুলিশের গুলিতে আহত তিন ‘ডাকাত’,corpus_expansion_5000,0.21741069332218077,0,1
v18_3105,রোহিঙ্গাদের জন্য সাহায্য বাড়াবে সুইজারল্যান্ড,corpus_expansion_5000,0.0945363922261271,0,0
v18_0446,নিউজিল্যান্ডের গুঁড়োদুধ খালাস না করার দাবি,v17_reused,0.16682385449591813,0,0
v18_0880,সাংবাদিকের ‘শিরশ্ছেদ করে’ ভিডিও প্রকাশ আইএস জঙ্গিদের,corpus_expansion_5000,0.09180825832496138,0,1
v18_4459,"হাতে–মাথায় ব্যান্ডেজ, তবু উৎসাহ অদম্য",corpus_expansion_5000,0.4413369854724032,1,0
v18_0781,সাব্বিরের বিদায়ে সিলেটের উদ্বোধনী জুটি ভাঙল,new_mid_w0_p0,0.7765086636639527,1,0
v18_1749,"রাশিয়ায় বিমানে আগুন, আহত ৫৬",corpus_expansion_5000,0.22311587068072297,0,1
v18_3388,ডেঙ্গু-চিকুনগুনিয়ায় স্বাস্থ্যসেবা দিতে ডিএসসিসির হটলাইন,corpus_expansion_5000,0.36835127139997426,0,0
v18_4881,টি-টোয়েন্টিতে অধিনায়ক,corpus_expansion_5000,0.69541995204567,1,0
v18_0883,"‘বন্দুকযুদ্ধে’ নিহত, পরিবার বলছে ধরে নিয়ে হত্যা",corpus_expansion_5000,0.2025387373385738,0,1
v18_2944,বরগুনা ইউএনও'র নৈশ প্রহরীর বাসা থেকে ত্রাণের মালামাল উদ্ধার,corpus_expansion_5000,0.0945363922261271,0,0
v18_1091,চাঁদপুরে ৭ জঙ্গির রিমান্ড: তিন জনের স্বীকারোক্তি,corpus_expansion_5000,0.1437091307428001,0,1
v18_4783,আইপিএলের পাওনা অর্থ এখনো অনেকেই পাননি,corpus_expansion_5000,0.3835952386271771,0,0
v18_0531,আমেরিকায় ক্ষমতা জনগণের বাংলাদেশে নেতার,v17_reused,0.7995651862481494,1,0
v18_4022,'নারী নীতির বিরোধীরা দেশকে আফগানিস্তান বানাতে চায়',corpus_expansion_5000,0.27158434095036826,0,0
v18_4421,মেহেরপুরে আগ্নেয়াস্ত্রসহ যুবদল নেতা আটক,corpus_expansion_5000,0.19000580961738978,0,0
v18_4098,প্রশাসনের নিষেধাজ্ঞায় মধুপুর নাগরিক ফোরামের সভা বাতিল,corpus_expansion_5000,0.3397092065860294,0,0
v18_1727,ঢাবিতে ভর্তি: ‘দ্বিতীয়’ সুযোগ চেয়ে ফের বিক্ষোভ,corpus_expansion_5000,0.32548626760194016,0,1
v18_0610,ব্রণের দাগ দূর করার ঘরোয়া উপায়,new_high_w1_pany,0.6229465733397762,1,1
v18_0570,`সামরিক রসদ সংগ্রহে বার্লিন দূতাবাস ব্যবহার করছে উ. কোরিয়া’,v17_reused,0.0945363922261271,0,0
v18_2671,"মুর্শিদাবাদে ব্যাপক সংঘর্ষ, গুলিতে নিহত ২",corpus_expansion_5000,0.5238493216957739,1,1
v18_3718,আমরাই তিস্তা চুক্তি করব,corpus_expansion_5000,0.2683553020473749,0,0
v18_0343,বেতনকাঠামো পুনর্নির্ধারণের দাবিতে শিক্ষকদের মানববন্ধন,new_high_w1_pany,0.16079228470839807,0,1
v18_3000,টাঙ্গাইল ও জামালপুরে জ্বালানি সরবরাহ শুরু,corpus_expansion_5000,0.48719929544414753,1,0
v18_3139,"উন্নয়নের ধারা থাকবে পরের সরকারেও, আশা মুহিতের",corpus_expansion_5000,0.19619127590473537,0,0
v18_0434,আদালতে ছুটি ৩০ মে পর্যন্ত বাড়ল,v17_reused,0.17491898592996105,0,0
v18_1903,নবীনগরে হামলায় ‘মাদক ব্যবসায়ী’ নিহত,corpus_expansion_5000,0.19736247874927546,0,1
v18_3804,ফ্রিল্যান্সিং প্রশিক্ষণে পিকেএসএফ ও কোডার্সট্রাস্টের চুক্তি সই,corpus_expansion_5000,0.3377848227103428,0,0
v18_4776,ইআরএফের নতুন কমিটি সভাপতি দিলাল সাধারণ সম্পাদক রাশেদ,corpus_expansion_5000,0.12859834164728817,0,0
v18_2069,দুই সন্ত্রাসীর ২২ বছর করে কারাদণ্ড,corpus_expansion_5000,0.09244049239760953,0,1
v18_1537,বিএনপি অফিসে ‘আসল বিএনপি’র ‘হামলা’,corpus_expansion_5000,0.12415898759962044,0,1
v18_2252,পাঁচ বছরের শিশুর দেহে ৭০ বার অস্ত্রোপচার!,corpus_expansion_5000,0.8481662193914019,1,1
v18_2346,নারায়ণগঞ্জে ম্যানহোলে তরুণীর লাশ,corpus_expansion_5000,0.21547698667345466,0,1
v18_1517,"সাদুল্লাপুরে প্রতিবন্ধী শিশুকে ‘ধর্ষণ’, যুবক আটক",corpus_expansion_5000,0.18407408924110644,0,1
v18_0965,‘বলিউড’-এ আপত্তি,corpus_expansion_5000,0.9078362141689256,1,1
v18_4406,অমর একুশে গ্রন্থমেলা ২০১৯ এর আলোচিত ১০ টি সেরা জ্ঞান ও শিক্ষামূলক বই,corpus_expansion_5000,0.9698560537965009,1,0
v18_0528,সলিমুল্লাহ মেডিকেল কলেজে ছাত্রলীগের দুইপক্ষে মারামারি,new_high_w1_pany,0.12850866591066018,0,1
v18_0176,বেসিক ব্যাংকের সাবেক ডিজিএম সিপারের বিরুদ্ধে দুদকের মামলা,v17_reused,0.09265676026402189,0,0
v18_3482,সরকার অংশগ্রহণমূলক নির্বাচন চায় -প্রধানমন্ত্রী,corpus_expansion_5000,0.16079228470839807,0,0
v18_2543,হঠাৎ ধোঁয়া-আতঙ্কে সালমা,corpus_expansion_5000,0.3506756869288313,0,1
v18_4935,কাছে গিয়েও শতক পেলেন না তামিম-নাসির,corpus_expansion_5000,0.7151530203889622,1,0
v18_0572,তপনতোষকে আজ সংবর্ধনা,new_high_w1_pany,0.28008474130873345,0,1
v18_2299,ব্যবসায়ীকে অপহরণ,corpus_expansion_5000,0.2060688837501653,0,1
v18_3508,রমজানে সরবরাহ দ্বিগুণ করবে মিল্ক ভিটা,corpus_expansion_5000,0.1353199798207458,0,0
v18_2459,এবার ডেঙ্গু আতঙ্ক দিল্লিতে,corpus_expansion_5000,0.32438175186790896,0,1
v18_3609,ব্রণ নিয়ন্ত্রণের টিপস,corpus_expansion_5000,0.5434738198858534,1,0
v18_4554,"কম দেওয়ায় জুড়ীতে বিক্ষোভ, পরে ফেরত",corpus_expansion_5000,0.3243597904644871,0,0
v18_2208,গতির ভালোবাসা গতির মৃত্যু!,corpus_expansion_5000,0.978108628083196,1,1
v18_4720,বিশ্বসেরা চিন্তাবিদ ২০২০,corpus_expansion_5000,0.5182791658573175,1,0
v18_2755,হিযবুত ‘নেতা’ অভি রিমান্ডে,corpus_expansion_5000,0.09032559346000361,0,1
v18_0383,কচুয়ায় ইউএনওর পান্তা-ইলিশ খেয়ে অসুস্থ ৫১,new_mid_w1_p0,0.0945363922261271,0,0
v18_0852,‘ইরাকের ফাল্লুজা থেকে পলায়নরতদের গুলি করছে আইএস’,corpus_expansion_5000,0.12432792435469359,0,1
v18_1880,রাজশাহীতে তিন ‘জঙ্গি’ গ্রেফতার,corpus_expansion_5000,0.23111527620721362,0,1
v18_0370,সিরিয়ার বিরুদ্ধে ব্যবস্থা নিতে প্রস্তুত মার্কিন বাহিনী,new_low_w0_pany,0.1353199798207458,0,0
v18_2378,সালমানের শাহরুখ-বন্দনা!,corpus_expansion_5000,0.9618901532190516,1,1
v18_4323,মন্ত্রিসভায় তিন আইনের খসড়া অনুমোদন,corpus_expansion_5000,0.16079228470839807,0,0
v18_1105,সিরাজগঞ্জে গাড়িচাপায় নিহত ৩,corpus_expansion_5000,0.1353199798207458,0,1
v18_3413,বিদ্যুৎ ও জ্বালানির গবেষণায় কাউন্সিল গঠনে বিল পাস,corpus_expansion_5000,0.1430366102136351,0,0
v18_3946,পুষ্টি বিষয়ে জ্ঞান ও প্রশিক্ষণ পাবেন ৪৩ লাখ মানুষ,corpus_expansion_5000,0.1900918089953352,0,0
v18_1336,ঝিনাইদহে সংঘর্ষে পুলিশসহ আহত ২০,corpus_expansion_5000,0.2980244715324707,0,1
v18_2189,গাইবান্ধায় হত্যা মামলায় ৩ জনের মৃত্যুদণ্ড,corpus_expansion_5000,0.13357382984447772,0,1
v18_4594,"ভ্যাট: অর্থমন্ত্রী অনড়, আশায় ব্যবসায়ীরা",corpus_expansion_5000,0.121035594796131,0,0
v18_2319,এইচএসসিতে জিপিএ ৫ না পেয়ে ছাত্রীর আত্মহত্যা,corpus_expansion_5000,0.12923135920817536,0,1
v18_4705,মন্দার আশঙ্কায় বিশ্বজুড়ে শেয়ার বাজারে ধস,corpus_expansion_5000,0.22311587068072297,0,0
v18_3710,অটোরিকশার ভাড়া বাড়ানোয় ভোগান্তি,corpus_expansion_5000,0.09313147051908104,0,0
v18_4848,"অ্যাসেক্স পিছিয়ে ১৫৭ রানে, হাতে আছে ৮ উইকেট",corpus_expansion_5000,0.21634229916878578,0,0
v18_1171,জুবায়ের হত্যা: জাবির ৭ জনের ছাত্রত্ব বাতিল,corpus_expansion_5000,0.09042119588116097,0,1
v18_4325,জনগণকে সেনাবাহিনীর বিরুদ্ধে দাঁড় করানোর ষড়যন্ত্র চলছে: ইবরাহিম,corpus_expansion_5000,0.2796243099922973,0,0
v18_2694,আফগানিস্তানে আত্মঘাতী হামলায় নিহত ১৬,corpus_expansion_5000,0.0945363922261271,0,1
v18_1422,মানবপাচার চক্রের ‘সদস্য’ অভিযোগে গ্রেপ্তার ২,corpus_expansion_5000,0.21093841116397974,0,1
v18_2341,"ডাউলিনের সেঞ্চুরি, বাংলাদেশের টার্গেট ২৭৫",corpus_expansion_5000,0.4196351498399155,1,1
v18_2651,এবারও সেই অশ্বিন?,corpus_expansion_5000,0.953825211555841,1,1
v18_4155,আবদুল জব্বারকে দ্রুত বিদেশ পাঠানোর দাবি,corpus_expansion_5000,0.6028942947091952,1,0
v18_1464,নেছারাবাদে ধর্ষণের অভিযোগে মামলা,corpus_expansion_5000,0.10653071164755763,0,1
v18_0874,চাপাতিসহ ঢাকায় গ্রেপ্তার ২ ‘জঙ্গি’ রিমান্ডে,corpus_expansion_5000,0.08858854551493225,0,1
v18_3339,দুই শিক্ষার্থী ও চার শিক্ষকের দণ্ড,corpus_expansion_5000,0.17892736106681215,0,0
v18_4340,দেশে স্যামসাংয়ের ডিস্ট্রিবিউশন ওয়্যারহাউস,corpus_expansion_5000,0.16079228470839807,0,0
v18_1251,সাত ‘জঙ্গি’র নাম প্রকাশ করেছে ডিএমপি,corpus_expansion_5000,0.2203103404368009,0,1
v18_2348,যশোরে চোখ উপড়ে স্কুলছাত্রকে হত্যা,corpus_expansion_5000,0.16079228470839807,0,1
v18_0840,লালবাগে সন্ত্রাসী হামলায় নিহত ১,corpus_expansion_5000,0.165365491204858,0,1
v18_4568,ভোটের টানে গ্রামে মানুষ ঢাকা এখন ফাঁকা,corpus_expansion_5000,0.1353199798207458,0,0
v18_0581,বর্ষীয়ান রাজনীতিক এটিএম হেমায়েত উদ্দিন দাফন সম্পন্ন,new_mid_w1_p1,0.1273418519717661,0,1
v18_0204,"৪ মাসে ৩ লাখ নতুন করদাতা, লক্ষ্য এনবিআরের",v17_reused,0.23429175738850275,0,0
v18_1641,‘বিশেষ চিহ্নে’ দ্রুত পাসপোর্ট!,corpus_expansion_5000,0.47915804585612404,1,1
v18_2014,স্ত্রী ও সন্তানকে পুড়িয়ে হত্যা,corpus_expansion_5000,0.13866718263319194,0,1
v18_0905,চার শিশু হত্যার আসামি বাচ্চু ‘বন্দুকযুদ্ধে’ নিহত,corpus_expansion_5000,0.09368335427475495,0,1
v18_0631,রাজধানীর গেন্ডারিয়ায় কিশোর খুন,new_mid_w0_p0,0.5309688367585976,1,0
v18_3364,রেইনট্রির মতো অনেক হোটেলেই মদ পাওয়া যাবে -ড. আব্দুর রাজ্জাক,corpus_expansion_5000,0.26981560302549024,0,0
v18_1974,সারদায় পুলিশ একাডেমিতে অগ্নিকাণ্ড,corpus_expansion_5000,0.14207605798813674,0,1
v18_0162,বাজারে আসছে টেকনোর ক্যামন আই স্কাই-টু,new_mid_w0_p0,0.5743695239102369,1,0
v18_3172,"রাস্তায় যানবাহন কম, দুর্ভোগ কিছুটা",corpus_expansion_5000,0.18412978176932585,0,0
v18_3612,আনারস-কলাগাছের পাতা থেকে সৌখিন হস্তশিল্প,corpus_expansion_5000,0.2601425988962303,0,0
v18_4675,এমপি পদে থাকার নৈতিক অধিকার হারিয়েছেন বুবলী,corpus_expansion_5000,0.1103477666519685,0,0
v18_0617,"চান্দিনায় ঐক্যফ্রন্ট ও আ’লীগ প্রার্থী সমর্থকদের মধ্যে সংঘর্ষ, ৯ জন আহত",v17_reused,0.37005751935742276,0,0
v18_4068,মাস্ক পরা বাধ্যতামূলকের পক্ষে নন ট্রাম্প,corpus_expansion_5000,0.1133379569328199,0,0
v18_1431,‘শেখ হাসিনাকে হত্যাই ছিল ২১ আগস্টের লক্ষ্য’,corpus_expansion_5000,0.24830365220172368,0,1
v18_0547,অন্ধকার শেষে সূর্যোদয় দেখতে চায় মানুষ,v17_reused,0.5927475119394106,1,1
v18_3334,পাউডার আর সুগন্ধিতে তৈরি হচ্ছে জনসন,corpus_expansion_5000,0.5743695239102369,1,0
v18_4546,পাবনা থেকে ছেড়ে যাওয়া নৌকা ডুবিতে নিঁখোজ ৩,corpus_expansion_5000,0.4165568777450921,0,0
v18_4223,পীরগঞ্জে আমন খেতে রোগের প্রকোপ,corpus_expansion_5000,0.2972278737994896,0,0
v18_2387,"পাকিস্তান শাসিত কাশ্মীরে ভারতের হামলা, নিহত ৩",corpus_expansion_5000,0.4413369854724032,1,1
v18_4243,"মাদক ও প্রযুক্তির অপবব্যহার থেকে সন্তানদের বাঁচাতে হবে -জেলা প্রশাসক, কক্সবাজার",corpus_expansion_5000,0.33869929024696227,0,0
v18_3995,"বাংলা একাডেমী পুরস্কার পেলেন মনজুরে মওলা, যতীন সরকার ও রিটন",corpus_expansion_5000,0.46039643692549864,1,0
v18_4065,"যৌন নির্যাতন ছিল না, তবে ক্ষমতার অপব্যবহার হয়েছে",corpus_expansion_5000,0.0945363922261271,0,0
v18_1861,সীতাকুণ্ডে জঙ্গি সন্দেহে আটক ৪,corpus_expansion_5000,0.29874863695466586,0,1
v18_0640,ঢাকা রেস্টুরেন্ট সপ্তাহের শীতকালীন উৎসব শুরু বৃহস্পতিবার,new_high_w1_pany,0.7384126165357974,1,1
v18_3902,পরিকল্পিত জনপদ নির্মাণে আইডিইবি’র সুপারিশ,corpus_expansion_5000,0.12746381490423106,0,0
v18_0637,এ সরকার প্রতারক সরকার: পঙ্কজ ভট্টাচার্য,new_mid_w1_p0,0.29915972241307465,0,0
v18_4262,গান্ধীর স্মৃতি বাঁচাতে অর্থ সংগ্রহের অভিযান,corpus_expansion_5000,0.0945363922261271,0,0
v18_3910,"নতুন ভোটারদের চাওয়া নিরাপত্তা, উন্নয়ন",corpus_expansion_5000,0.4097138678673095,0,0
v18_2986,নিউইয়র্কে স্বাস্থ্যসেবায় নিবেদিতপ্রাণ ৮০০ বাংলাদেশি,corpus_expansion_5000,0.406571512595112,0,0
v18_2096,"পেশোয়ারে আবার বোমা হামলা, নিহত ৩৩",corpus_expansion_5000,0.0945363922261271,0,1
v18_4611,বামা গ্রামের গল্প,corpus_expansion_5000,0.44265113695995667,1,0
v18_3075,বেনাপোলে লক্ষ্যমাত্রার বেশি রাজস্ব আদায়,corpus_expansion_5000,0.1353199798207458,0,0
v18_3674,নিরবচ্ছিন্ন বিদ্যুত পাবে বোরোর সেচ পাম্পগুলো,corpus_expansion_5000,0.137550155714358,0,0
v18_2841,গেইম ওভার: চিরনিদ্রায় ‘আসল’ সুপার মারিও,corpus_expansion_5000,0.2601425988962303,0,1
v18_0921,তিনজনকে কুপিয়ে হত্যা,corpus_expansion_5000,0.108549886911104,0,1
v18_0546,সেতুর কাজ দেখার সময় ট্রেনে কাটা পড়ে মৃত্যু,new_high_w1_pany,0.16079228470839807,0,1
v18_3666,বিমানযাত্রীর জুতার ভেতরে ৮টি সোনার বার,corpus_expansion_5000,0.144263957638373,0,0
v18_1900,পটুয়াখালীতে র্যাবের সঙ্গে ‘বন্দুকযুদ্ধে’ নিহত ১,corpus_expansion_5000,0.3451374483123983,0,1
v18_2028,দৌলতদিয়ায় দুইজনকে গুলি করে হত্যা,corpus_expansion_5000,0.2411447352040636,0,1
v18_2301,মিলনের ‘তুমি শুধু আমার’,corpus_expansion_5000,0.8551460124766889,1,1
v18_1885,মুরগির কারণে বৃদ্ধাকে পিটিয়ে হত্যা!,corpus_expansion_5000,0.5320248714922053,1,1
v18_1642,কুমিল্লায় সড়ক দুর্ঘটনায় নিহত ৩ আহত ৬,corpus_expansion_5000,0.21954725046474216,0,1
v18_3509,এক মিনিটেই হবে আন্তঃব্যাংক চেক লেনদেন,corpus_expansion_5000,0.3451374483123983,0,0
v18_4809,"চারুকলায় সম্প্রীতির গান, আবৃত্তি ও নাটক",corpus_expansion_5000,0.5022691477896744,1,0
v18_2097,পাত্রী দেখতে লন্ডনে রণবীর!,corpus_expansion_5000,0.9917947556935114,1,1
v18_4357,আ.লীগের এক নেতাকে পেটালেন আরেক নেতা,corpus_expansion_5000,0.14296458626482467,0,0
v18_3788,"করোনায় দেশে আরও পাঁচজনের মৃত্যু, নতুন শনাক্ত ১৮২",corpus_expansion_5000,0.2601425988962303,0,0
v18_4494,ইবির ভর্তি পরীক্ষার ফল প্রকাশ ২১ অক্টোবর,corpus_expansion_5000,0.11799929209559501,0,0
v18_4967,উন্মুক্ত হবে স্বপ্নের মেরিন ড্রাইভ সড়ক খুলে যাবে পর্যটনের অবারিত দুয়ার,corpus_expansion_5000,0.23350966252027056,0,0
v18_0836,রাজনীতির ‘চক্করে’ মঞ্জুর হত্যা মামলা,corpus_expansion_5000,0.10100866496842244,0,1
v18_0601,রাবিতে আন্দোলনরত শিক্ষার্থীদের লক্ষ্য করে হাতবোমা,new_low_w0_pany,0.24635170056789396,0,0
v18_2184,শামীমের ঘনিষ্ঠদের ২৩ কোটি টাকা চাঁদা আদায়!,corpus_expansion_5000,0.6737970227208385,1,1
v18_3865,অর্থনৈতিক স্বাধীনতার সূচকে ভারতের চেয়ে ৮ ধাপ এগিয়ে বাংলাদেশ,corpus_expansion_5000,0.1133379569328199,0,0
v18_2481,মুম্বাইয়ে ভবন ধসে ১২ জন নিহত,corpus_expansion_5000,0.19000580961738978,0,1
v18_4307,থাই এয়ারের চাকা ফেটে শাহজালালে বিমান ওঠানামা বন্ধ তিন ঘণ্টা,corpus_expansion_5000,0.36835127139997426,0,0
v18_1582,‘সাক্ষী সাজিয়ে’ ফাঁসির আদেশ: মুজাহিদের ভাই,corpus_expansion_5000,0.331766332529433,0,1
v18_4266,ট্রাম্পের প্রতিশ্রুতিকে স্বাগত জানিয়েছে তালেবানরা,corpus_expansion_5000,0.5887835312121518,1,0
v18_2533,সিনেমার ফ্রেমে ফুটে উঠছে ‘কাঁটা’,corpus_expansion_5000,0.9099631258185151,1,1
v18_2725,মক্কার অপব্যবহার করছে সৌদি আরব!,corpus_expansion_5000,0.4956412346248311,1,1
v18_1070,জয়পুরহাটে বজ্রপাতে নিহত ৩,corpus_expansion_5000,0.14303868621675692,0,1
v18_1775,সিরাজগঞ্জে সড়ক দুর্ঘটনায় নিহত ৬,corpus_expansion_5000,0.16079228470839807,0,1
v18_4808,পরিধেয় ডিভাইস বাজারের শীর্ষে অ্যাপল,corpus_expansion_5000,0.1353199798207458,0,0
v18_1283,দিনাজপুরে ‘বন্দুকযুদ্ধে’ নিহত ২,corpus_expansion_5000,0.16079228470839807,0,1
v18_3050,এভারেস্ট একাডেমী'র পর্বতারোহণ প্রশিক্ষণ,corpus_expansion_5000,0.617516090439627,1,0
v18_4753,শেবাচিম হাসপাতালের ডাক্তারকে চিকিৎসক পরিষদ থেকে বহিষ্কার,corpus_expansion_5000,0.0945363922261271,0,0
v18_1836,খাশুগজি হত্যা ‘মারাত্মক ভুল’: সৌদি আরব,corpus_expansion_5000,0.25729865669811625,0,1
v18_4242,ট্রেজার আইল্যান্ড - রবার্ট লুই স্টিভেনসন,corpus_expansion_5000,0.7384126165357974,1,0
v18_1019,‘বড় হুজুরকে’ তুলে নেয়ার গুজব ছড়িয়ে হামলা,corpus_expansion_5000,0.1082445134561985,0,1
v18_4133,চেম্বার জজ আদালতেও মিন্নির জামিন বহাল,corpus_expansion_5000,0.13943341249294874,0,0
v18_1326,ধর্ষণ নিয়ে রোনালদোর গোপন চুক্তিপত্র ফাঁস!,corpus_expansion_5000,0.7900929605458495,1,1
v18_0475,স্বেচ্ছাসেবক লীগ নেতার হত্যাকারীদের গ্রেপ্তারের দাবি,v17_reused,0.5568836466658408,1,0
v18_4271,শেষবেলায় মনভরে রং মাখলেন রানী-কাজল,corpus_expansion_5000,0.6229465733397762,1,0
v18_1651,রাজশাহীতে ৬ মহিলা জঙ্গিসহ গ্রেফতার ৭,corpus_expansion_5000,0.1476023763660605,0,1
v18_3998,গ্যাসের দাম কোন খাতে কত বাড়ছে?,corpus_expansion_5000,0.6783620352306741,1,0
v18_4467,নন্দিনী চরিত্রটির বিশ্লেষণ দরকার,corpus_expansion_5000,0.8784590901281101,1,0
v18_2610,‘ম্যাচ ছিনিয়ে নিয়েছে নবি’,corpus_expansion_5000,0.5273354284780688,1,1
v18_2476,'৭৫এর পর ২১ বছর বঙ্গবন্ধু হত্যার বিচার হয়নি: আইনমন্ত্রী,corpus_expansion_5000,0.14415413692683787,0,1
v18_2583,কানাডায় বাস-লরি সংঘর্ষে খেলোয়াড়সহ নিহত ১৪,corpus_expansion_5000,0.6751636559623823,1,1
v18_1373,"সিএনজি স্টেশনে বিস্ফোরণ, নিহত ১",corpus_expansion_5000,0.19000580961738978,0,1
v18_0739,টি-১০ ক্রিকেটে প্রথম হ্যাটট্রিক আফ্রিদির,v17_reused,0.6154503171867877,1,0
v18_3618,বেড়ার জেলেদের জন্য নেই সরকারি সহায়তা,corpus_expansion_5000,0.22311587068072297,0,0
v18_2440,ফেনীতে জামায়াত কার্যালয়ে অগ্নিসংযোগ,corpus_expansion_5000,0.27315774335990123,0,1
v18_0867,ছাতকে ট্রাক-টেম্পো সংঘর্ষে নিহত ৪,corpus_expansion_5000,0.34200983460079226,0,1
v18_1140,ঢাকা ও চুয়াডাঙ্গায় পুলিশের সঙ্গে ‘বন্দুকযুদ্ধে’ নিহত ২,corpus_expansion_5000,0.2208862305419123,0,1
v18_0997,"সাতক্ষীরায় সংঘর্ষ, নিহত ১",corpus_expansion_5000,0.1670376321608323,0,1
v18_1337,রোনালদোর ‘ডাইভ’,corpus_expansion_5000,0.3752431354790696,0,1
v18_0541,"ক্লাব নয়, মার্কিন পুরুষদের পছন্দ শপিং!",new_low_w0_pany,0.5313000391577449,1,0
v18_1099,"ইসরায়েল-লেবানন সীমান্তে সংঘর্ষ, নিহত ৫",corpus_expansion_5000,0.10188550350315852,0,1
v18_1132,বড় ধরনের নাশকতার ষড়যন্ত্র হচ্ছে: আওয়ামী লীগ,corpus_expansion_5000,0.13288535349139471,0,1
v18_4064,বেঁচে যাওয়া যাত্রীদের সাক্ষ্য শুরু,corpus_expansion_5000,0.10596301430956909,0,0
v18_2715,অগ্নিদগ্ধ গৃহবধূকে বাঁচানো গেল না,corpus_expansion_5000,0.5022857236824121,1,1
v18_2258,৫ অক্টোবর: টিভিতে আজকের খেলা সূচি,corpus_expansion_5000,0.7299043073166129,1,1
v18_4750,"রাশিয়া, যুক্তরাষ্ট্র ও ইইউর সমঝোতা",corpus_expansion_5000,0.20498129096812936,0,0
v18_0059,খোলা ডাস্টবিন অপসারণ শুরু,v17_reused,0.3451374483123983,0,0
v18_2883,যৌন হেনস্তার অভিযোগ!,corpus_expansion_5000,0.6759874883291183,1,1
v18_1938,ইংল্যান্ডে তাপদাহে ৭৬০ জনের মৃত্যু!,corpus_expansion_5000,0.6105463907948072,1,1
v18_2576,থাই উপকূলে মানুষ কেনাবেচা!,corpus_expansion_5000,0.5258226522989801,1,1
v18_4936,ফোবানা সম্মেলনের সাফল্য চেয়ে হাসিনা-ওবামার বার্তা,corpus_expansion_5000,0.32912155184893244,0,0
v18_1078,হামলা ভাঙচুর লুট,corpus_expansion_5000,0.5434738198858534,1,1
v18_3249,"দৌলতদিয়া ঘাটে সেনা টহল, যান পারাপারে কড়াকড়ি",corpus_expansion_5000,0.1133379569328199,0,0
v18_3127,বড়পুকুরিয়া বিদ্যুৎ কেন্দ্রের আশপাশের ৩৪ গ্রামে পানি সংকট,corpus_expansion_5000,0.0945363922261271,0,0
v18_2488,আজারবাইজানে বন্দুকধারীর গুলিতে ১৩ জন নিহত,corpus_expansion_5000,0.32438175186790896,0,1
v18_0940,জঙ্গিবাদবিরোধী নানা কর্মসূচি পালিত,corpus_expansion_5000,0.20195684197744865,0,1
v18_1080,হলিউডে ‘মিতা’ যাঁরা,corpus_expansion_5000,0.8888069937255119,1,1
v18_0187,আরপিও সংশোধন করতে কাল নির্বাচন কমিশনের বৈঠক,new_mid_w0_p0,0.1353199798207458,0,0
v18_2634,বারডেমের ১২তলা থেকে ঝাঁপ দিয়ে রোগীর আত্মহত্যা,corpus_expansion_5000,0.2980244715324707,0,1
v18_2085,ফতুল্লায় ট্রাকচাপায় দিনমজুর নিহত,corpus_expansion_5000,0.2924291029199254,0,1
v18_2249,‘আর্মেনিয়ায় গণহত্যার অংশীদার ইসরাইল’,corpus_expansion_5000,0.24658569031706137,0,1
v18_4890,রাষ্ট্রায়াত্ত আরও প্রতিষ্ঠান বেসরকারি খাতে ছাড়তে তালিকা হচ্ছে,corpus_expansion_5000,0.25164664892226296,0,0
v18_2023,রাশিয়ায় শোকাবহ ১৫ আগস্ট পালন,corpus_expansion_5000,0.3685225475848991,0,1
v18_3539,বঙ্গবন্ধু স্যাটেলাইট নিয়ে অ্যাপ তৈরি করেছে বেসিস,corpus_expansion_5000,0.3921913672632442,0,0
v18_4048,এএফসি হেলথ ও ঢাকা ব্যাংকের মধ্যে চুক্তি,corpus_expansion_5000,0.28008474130873345,0,0
v18_3606,মুখোমুখি রোনালদো-ইব্রা,corpus_expansion_5000,0.21111189813122655,0,0
v18_0226,রোনালদোর অনন্য গোলের রেকর্ড,v17_reused,0.6229465733397762,1,0
v18_4847,মিশিগানে বাংলা কমেডি ক্লাবের যাত্রা শুরু,corpus_expansion_5000,0.5082127762443501,1,0
v18_1929,লাহোরে আত্মঘাতী বিস্ফোরণে নিহত ৬৭,corpus_expansion_5000,0.0945363922261271,0,1
v18_3055,এবার কোরবানির পশু পরিবহন করবে ট্রেন,corpus_expansion_5000,0.19161784107195912,0,0
v18_4489,দেশের ৯০ ভাগ মানুষ বিদ্যুৎ সুবিধা পাচ্ছে -প্রধানমন্ত্রী,corpus_expansion_5000,0.3451374483123983,0,0
v18_1404,আশুলিয়ায় সড়ক দুর্ঘটনায় নিহত ৪,corpus_expansion_5000,0.2186647579015273,0,1
v18_2179,মীরসরাইয়ে পৃথক দুর্ঘটনায় নিহত ৩,corpus_expansion_5000,0.1353199798207458,0,1
v18_0697,আরো ৫ আসনে আ. লীগের প্রার্থী পরিবর্তন,new_high_w1_pany,0.17488069284883065,0,1
v18_1124,‘জঙ্গি আস্তানার’ বাড়ির মালিকসহ গ্রেপ্তার ২,corpus_expansion_5000,0.1561847617986113,0,1
v18_3361,"হেলিকপ্টারে চাল গেল, পাঠানো হবে আজও",corpus_expansion_5000,0.2641433202625804,0,0
v18_4135,সীমানা পুনর্নির্ধারণ নিয়ে রিটের পূর্ণাঙ্গ শুনানি শুরু,corpus_expansion_5000,0.10754120457702025,0,0
v18_1778,সৌদিতে একসঙ্গে ৫০ জনের মৃত্যুদণ্ড কার্যকরের ‘পরিকল্পনা’,corpus_expansion_5000,0.1630838354921189,0,1
v18_2858,চকবাজারে ‘ছিনতাইকারীর’ বোমায় পুলিশ আহত,corpus_expansion_5000,0.14074188085942457,0,1
v18_1037,ইউপি নির্বাচন: চরফ্যাশনে সংঘর্ষে আহত ২৫,corpus_expansion_5000,0.10499715374587515,0,1
v18_4456,"ইয়েমেনে সংঘর্ষে নিহত ৩, শান্ত থাকার আহ্বান যুক্তরাষ্ট্রের",corpus_expansion_5000,0.125843821160958,0,0
v18_2256,ফাঁসির দড়ি হাতে ‘একজন নূর হোসেন’,corpus_expansion_5000,0.24241210002703173,0,1
v18_0313,কর্মী-সমর্থকদের অভিনন্দন জানিয়ে খালেদার টুইট,new_mid_w1_p1,0.7674924778427458,1,1
v18_2281,"মাদক ব্যবসায় বাধায় সংঘর্ষ গুলি, নিহত ২",corpus_expansion_5000,0.15822583426492134,0,1
v18_1416,‘আওয়ামী লীগকে নিশ্চিহ্ন করতে এ গ্রেনেড হামলা’,corpus_expansion_5000,0.2109717914392206,0,1
v18_1036,ডিবির গুলিতে আহত ১,corpus_expansion_5000,0.13304421947911188,0,1
v18_2159,ইরাকে ট্রাকবোমা হামলায় নিহত ১০,corpus_expansion_5000,0.4683947501272958,1,1
v18_4163,উপ-নির্বাচন: মঙ্গলবার মধ্যরাতে শেষ হবে প্রচারণা,corpus_expansion_5000,0.16079228470839807,0,0
v18_1754,রাবিতে ছাত্রলীগের সংঘর্ষে আহত ৫,corpus_expansion_5000,0.08970392759050315,0,1
v18_3112,দুটি বিশ্ববিদ্যালয়ের উপাচার্য প্যানেল ঠিক করেছে সার্চ কমিটি,corpus_expansion_5000,0.0945363922261271,0,0
v18_2813,মেসিকে পেয়ে ‘ভাগ্যবান’ ভালভেরদে,corpus_expansion_5000,0.3921913672632442,0,1
v18_2698,"রাজশাহীতে ভ্যানের ওপর ট্রাক, নিহত ১",corpus_expansion_5000,0.25133288406516663,0,1
v18_3207,উন্নয়ন প্রচেষ্টায় সমবায়ের অবদান অত্যন্ত গুরুত্বপূর্ণ,corpus_expansion_5000,0.3586461204198161,0,0
v18_4350,সিলেটে পুনঃনির্বাচনের দাবি বিএনপি প্রার্থীর,corpus_expansion_5000,0.1523746701312828,0,0
v18_3431,পানির নিচেও টিকতে সক্ষম ধানের জাত উদ্ভাবন,corpus_expansion_5000,0.3333135179034274,0,0
v18_1506,জিয়ার মদদেই ১৫ অগাস্ট হত্যাকাণ্ড: ইমাম,corpus_expansion_5000,0.4905143275167358,1,1
v18_1923,নাসিরনগর হামলা: ‘হোতা’ আঁখি ফের কারাগারে,corpus_expansion_5000,0.08949387206724195,0,1
v18_0448,হুমায়ূনের সাহিত্যে সিনেমা ‘অনিল বাগচীর একদিন’,new_mid_w1_p1,0.9043003629545447,1,1
v18_4128,জ্বালানি কর বাড়ানোর সিদ্ধান্ত থেকে সরে গেল ফ্রান্স,corpus_expansion_5000,0.211502397726233,0,0
v18_2528,হবিগঞ্জে বিল দখল নিয়ে সংঘর্ষে নিহত ১,corpus_expansion_5000,0.19000580961738978,0,1
v18_4969,এশিয়ান এয়ারগান প্রতিযোগিতায় বাংলাদেশের রুপা,corpus_expansion_5000,0.4322973095567889,1,0
v18_2789,গাড়ি চাপায় বুয়েট কর্মকর্তা নিহত,corpus_expansion_5000,0.2344844413536289,0,1
v18_0361,শান্তিতে থাকতে চাই সবাইকে নিয়ে,v17_reused,0.6687724813960625,1,0
v18_2183,টঙ্গীতে পোশাক শ্রমিকের লাশ উদ্ধার,corpus_expansion_5000,0.4165568777450921,0,1
v18_1134,চুড়িহাট্টার অগ্নিকাণ্ড: ক্যানেস্তারাগুলো কাজ করেছে ‘বোমার মত’,corpus_expansion_5000,0.12697058215931836,0,1
v18_3880,কম ওজনের নবজাতক রক্ষায় অনন্য উদ্যোগ,corpus_expansion_5000,0.4324707497164021,1,0
v18_2155,‘শ্মশান দখল করাটা ভুল হয়েছে’,corpus_expansion_5000,0.37832803652972136,0,1
v18_1830,সিরাজগঞ্জে ৯ মাসের অন্তঃসত্ত্বা স্ত্রীকে ‘হত্যা’,corpus_expansion_5000,0.17921858498670093,0,1
v18_1053,‘ইন্ধনের’ অভিযোগ নাকচ সাংসদ কাজল,corpus_expansion_5000,0.1121156640891253,0,1
v18_0022,বিআইবিএম-এ রিসার্চ এ্যালমানাক অনুষ্ঠিত,new_low_w0_pany,0.22481481797110967,0,0
v18_2066,‘লক্ষ্য সর্বোচ্চ গোলদাতা হওয়া’,corpus_expansion_5000,0.6576344698098763,1,1
v18_1653,"ভারী বৃষ্টিতে কাশ্মীরে বন্যা, নিহত ৬৫",corpus_expansion_5000,0.1353199798207458,0,1
v18_2587,মোশারফ হত্যার ঘটনায় মামলা,corpus_expansion_5000,0.1650081392547073,0,1
v18_3210,স্বাস্থ্যসেবা নিশ্চিতে একসঙ্গে কাজ করবে টনিক ও ইউনিলিভার,corpus_expansion_5000,0.6492062378895082,1,0
v18_4302,এসএসসির ফল আর দুই দল,corpus_expansion_5000,0.6235589091801651,1,0
v18_4036,"চ্যাম্পিয়ন নয়, তৃতীয় হয়েছেন নোবেল",corpus_expansion_5000,0.5677870037580836,1,0
v18_2325,সাতক্ষীরায় লাশ উদ্ধার,corpus_expansion_5000,0.17491898592996105,0,1
v18_0460,এনএসসিতে মন্ত্রীবরণ,new_mid_w1_p0,0.41799980706405354,1,0
v18_1067,"পাবনায় ডাকাতি, আটক ৪",corpus_expansion_5000,0.1908272123370029,0,1
v18_0087,"ব্যারিস্টার মইনুলের জামিন নামঞ্জুর, কারাগারে প্রেরণ",new_mid_w1_p1,0.09253620312130019,0,1
v18_1430,‘রাখাইনে স্মরণকালের ভয়াবহ গণহত্যা চালানো হয়েছে’,corpus_expansion_5000,0.10828907999824297,0,1
v18_2647,দুই স্থানে সড়ক দুর্ঘটনা নিহত ২,corpus_expansion_5000,0.21771922011042147,0,1
v18_0282,ফিলিভিশনে পঞ্চ ইন্দ্রিয়ের অনুভূতি,new_mid_w1_p1,0.4574594914396173,1,1
v18_0462,নব্য জেএমবির তিন ‘সদস্য’ গ্রেপ্তার,new_low_w0_pany,0.1476023763660605,0,0
v18_0212,রোহিঙ্গাদের আশ্রয় দিয়ে বাংলাদেশ মানবতার অনন্য নজির স্থাপন করেছে,v17_reused,0.13232205177119413,0,0
v18_2499,চুয়াডাঙ্গায় ‘বন্দুকযুদ্ধে’ ১২ মামলার আসামি নিহত,corpus_expansion_5000,0.37649311241224453,0,1
v18_1368,গুলশান হামলা: ৪ সন্দেহভাজনের ভিডিও প্রকাশ,corpus_expansion_5000,0.1327709512598806,0,1
v18_0234,রাজধানীর যে সড়ক ১২ মাস পানির নিচে,v17_reused,0.19000580961738978,0,0
v18_2770,নারায়ণগঞ্জে দুপক্ষের সংঘর্ষে আহত ১০,corpus_expansion_5000,0.3260931974214017,0,1
v18_0597,১২ একিউআইএস জঙ্গি রিমান্ডে,new_mid_w1_p1,0.28554465895929104,0,1
v18_4420,সূচক ও লেনদেন কমছে দুই পুঁজিবাজারে,corpus_expansion_5000,0.4413369854724032,1,0
v18_2250,"‘তাজমহল ভারতীয়দের রক্ত, ঘামে তৈরি’",corpus_expansion_5000,0.2603183475150022,0,1
v18_4031,এবার সেই স্ট্রবেরি বাগানে সপরিবারে মাশরাফি,corpus_expansion_5000,0.6505065932350099,1,0
v18_2283,সিলেট ও নেত্রকোনায় বজ্রপাতে নিহত ৩,corpus_expansion_5000,0.2065837943455126,0,1
v18_0662,কাদের মোল্লার রায়ে সমর্থন পাকিস্তানিদের,new_high_w1_pany,0.470661750140441,1,1
v18_4963,"নাহিদ কবিরের ‘প্রভু, তোমা লাগি আঁখি জাগে’",corpus_expansion_5000,0.3708805576347734,0,0
v18_2285,শ্রীলংকায় সেনা-গেরিলা সংঘর্ষে ৩৩ জন নিহত,corpus_expansion_5000,0.1353199798207458,0,1
v18_4716,শিক্ষার্থীদের লাঞ্ছিত করায় সড়ক অবরোধ,corpus_expansion_5000,0.4794549147787921,1,0
v18_3193,যুদ্ধ ছাড়া আরও বিকল্প আছে ভারতের,corpus_expansion_5000,0.36844298118324154,0,0
v18_2503,গৃহবধূকে নির্যাতনে হত্যার অভিযোগ,corpus_expansion_5000,0.5390618348982623,1,1
v18_4043,"সকালে বাবার, বিকেলে ছেলের জানাজা",corpus_expansion_5000,0.4239002309546306,1,0
v18_0779,নওগাঁয় গৃহবধূর ঝুলন্ত লাশ উদ্ধার,new_low_w0_pany,0.38159341937906005,0,0
v18_4019,ডা. সাবরিনার আইনজীবীদের সব নথি দেয়ার নির্দেশ,corpus_expansion_5000,0.09294603627910984,0,0
v18_3426,আদালতে ক্ষমা চাইলেন বগুড়া সদর থানার ওসি,corpus_expansion_5000,0.2135046710472969,0,0
v18_4306,১৩ বছরের ছেলে সাইমুনকে পাওয়া যাচ্ছে না,corpus_expansion_5000,0.27273548435752637,0,0
v18_3196,হিমাগার না থাকায় নষ্ট হচ্ছে কৃষিপণ্য,corpus_expansion_5000,0.09953311152708991,0,0
v18_4835,৮ বিভাগে হচ্ছে বিশেষায়িত হাসপাতাল,corpus_expansion_5000,0.1133379569328199,0,0
v18_0685,ভাষা ও একটি প্রতিবাদ,new_mid_w0_p0,0.6229465733397762,1,0
v18_3169,অ্যান্ড্রয়েড থেকে প্রাইভেসি ফিচার সরিয়ে নিল গুগল,corpus_expansion_5000,0.1945887904801191,0,0
v18_3926,এমআইএসটিতে আন্তঃবিশ্ববিদ্যালয়,corpus_expansion_5000,0.11124829741735272,0,0
v18_3434,একই কলেজ পরীক্ষা ও ভোট কেন্দ্র,corpus_expansion_5000,0.1353199798207458,0,0
v18_2171,প্রেসিডেন্টকে ‘বানর’ বলায়...,corpus_expansion_5000,0.5665892823736319,1,1
v18_3689,সকালে নাস্তা করার উপকারিতা,corpus_expansion_5000,0.3752431354790696,0,0
v18_1850,‘গুলি করে নির্মমভাবে হত্যা করবেন’,corpus_expansion_5000,0.38751441411258825,0,1
v18_0487,বীরদের এক বাহিনী ফায়ার সার্ভিস,new_high_w1_pany,0.5405672486447496,1,0
v18_1688,"আশুলিয়ার জঙ্গিরা ‘জেএমবি’, আস্তানায় বিস্ফোরক",corpus_expansion_5000,0.2943330886908443,0,1
v18_2230,দুর্নীতি কমাতে সরকারি অফিসে ‘সারপ্রাইজ ভিজিট’ করবে দুদক,corpus_expansion_5000,0.0945363922261271,0,1
v18_3264,ঢাকা-চট্টগ্রামে এক্সপ্রেস ট্রেন চালু হবে: প্রধানমন্ত্রী,corpus_expansion_5000,0.1446323866076939,0,0
v18_2320,"বাসে ডাকাতি, ছুরিকাঘাতে চালক নিহত",corpus_expansion_5000,0.16079228470839807,0,1
v18_0782,৭ ঘণ্টা পর সিলেটের সঙ্গে সারা দেশের ট্রেন চলাচল শুরু,v17_reused,0.29440767111094635,0,0
v18_0521,দক্ষিণ সুদানে মন্ত্রীকে গুলি করে হত্যা,new_mid_w1_p1,0.10356039088419995,0,1
v18_0522,বাংলাদেশেও উড়োজাহাজে নোট ৭ নিয়ে সতর্কতা,new_mid_w0_p0,0.24658569031706137,0,0
v18_2837,"মুম্বাইয়ে ১২ তলা ভবনে আগুন, দম্পতি নিহত",corpus_expansion_5000,0.4969720045940046,1,1
v18_4539,বগুড়ায় রবি-সোম হরতাল,corpus_expansion_5000,0.5546555982721131,1,0
v18_2398,"জামালপুরে বিএনপি কার্যালয়ে হামলা, আহত ৪",corpus_expansion_5000,0.08832184758879601,0,1
v18_2207,"আ.লীগ–জাপা সংঘর্ষ, আহত ২",corpus_expansion_5000,0.35329292617234165,0,1
v18_3477,ঈদের আনন্দ নেই তিন হাজার পরিবারে,corpus_expansion_5000,0.22311587068072297,0,0
v18_3552,চেয়ারম্যান পদে পিএইচডি থেকে স্বশিক্ষিত প্রার্থী,corpus_expansion_5000,0.21763177211849355,0,0
v18_4087,নেত্রকোনায় আগুনে অটোরিকশাসহ ৪টি দোকান পুড়ে ছাই,corpus_expansion_5000,0.4597528361442478,1,0
v18_2822,কৃষকদের ওপর বালু–সন্ত্রাসীদের হামলা,corpus_expansion_5000,0.15088098819214676,0,1
v18_1511,ফতুল্লায় ৬ বছরের শিশু ধর্ষণকারী গ্রেফতার,corpus_expansion_5000,0.27288450499009964,0,1
v18_1882,রংপুরে হামলা-আগুন: দুই মামলায় গ্রেপ্তার ৫৩,corpus_expansion_5000,0.10742529440103632,0,1
v18_0651,সংসদে শেখ হাসিনা বিশ্ববিদ্যালয় বিল পাস,new_mid_w1_p0,0.22554897665654083,0,0
v18_4930,এখন বাংলাওয়াশের অপেক্ষা,corpus_expansion_5000,0.8084267548551181,1,0
v18_3089,খুলনায় লাগাতার অনশনে অসুস্থ শতাধিক শ্রমিক,corpus_expansion_5000,0.09336708609791207,0,0
v18_0369,ঘাটাইলে সরকারি মূল্যে কৃষকের কাছ থেকে বোরো ধান কেনা শুরু,v17_reused,0.2601425988962303,0,0
v18_4997,উখিয়ায় এনজিওদের কৃষি সরঞ্জামকে ‘দেশীয় অস্ত্র’ হিসেবে দেখানো হয়েছে: জাতিসংঘ,corpus_expansion_5000,0.1112565108553967,0,0
v18_0118,"সু চির সমালোচনা, কূটনৈতিক তৎপরতা বাড়ানোর দাবি",v17_reused,0.33186277515444584,0,0
v18_3320,ড্রাইভিং লাইসেন্স পরীক্ষার ফল অনলাইনে,corpus_expansion_5000,0.1133379569328199,0,0
v18_3034,বগুড়ায় করোনার প্রকোপ ঠেকাতে বাজার স্থানান্তর,corpus_expansion_5000,0.2509787809648273,0,0
v18_2216,৭ মে: আজকের ধাঁধা,corpus_expansion_5000,0.4413369854724032,1,1
v18_3542,সমতার ভিত্তিতে জনসংযোগ কর্মকর্তা পদায়নের দাবি,corpus_expansion_5000,0.1803024703351467,0,0
v18_1613,১২ বছরের কিশোরীকে ধর্ষণ!,corpus_expansion_5000,0.5166496041742276,1,1
v18_3151,প্রক্রিয়াজাত মাংস বাড়াতে পারে অ্যাজমা,corpus_expansion_5000,0.12252138994908926,0,0
v18_0962,রাজশাহীতে দুর্ঘটনায় নিহত ৪,corpus_expansion_5000,0.46972904713519875,1,1
v18_2510,প্রোটন কারখানা: ‘চমক’ দেখাতে চায় পিএইচপি,corpus_expansion_5000,0.0945363922261271,0,1
v18_3831,গৃহহীনে গৃহ দিতে সাড়ে ৩ কোটি টাকা কেন্দ্রীয় ব্যাংকের,corpus_expansion_5000,0.13359317485734432,0,0
v18_2823,মেসিকে দিলেই ক্ষমা!,corpus_expansion_5000,0.9056641864590083,1,1
v18_4343,টাকা ফেরত দিলেন শিক্ষকেরা,corpus_expansion_5000,0.25501464257234485,0,0
v18_3032,ঢাকা-দুবাই রুটে ইউনাইটেড এয়ারওয়েজের ফ্লাইট চালু জুলাইয়ে,corpus_expansion_5000,0.3999083224668623,0,0
v18_2415,"স্কুলছাত্রকে পিটিয়ে হত্যা, ছুরিকাঘাতে নিহত ১",corpus_expansion_5000,0.1133379569328199,0,1
v18_4654,"পায়রা বন্দর, কুয়াকাটা পর্যন্ত রেলে আগ্রহী যুক্তরাজ্য",corpus_expansion_5000,0.1353199798207458,0,0
v18_4236,নারী দিবসে জেলায় জেলায় নানা আয়োজন,corpus_expansion_5000,0.17269000136185408,0,0
v18_2185,২২০ টাকার স্যাভলন ৬৮০ টাকায় বিক্রি!,corpus_expansion_5000,0.8607645595235899,1,1
v18_3669,"এখনো মেরামত হয়নি ভাঙা সেতু, যান চলাচল বন্ধ",corpus_expansion_5000,0.22311587068072297,0,0
v18_2037,নিষেধাজ্ঞার মধ্যে ইলিশ ধরায় ৮ জেলের কারাদণ্ড,corpus_expansion_5000,0.17587562645623903,0,1
v18_4362,মেয়ের বিমানে চড়ার সাধই কাল হলো,corpus_expansion_5000,0.13000081787550208,0,0
v18_0772,"কমিটি গঠনের পর জাবি ছাত্রলীগে ফের কোন্দল, আহত ৮",new_mid_w1_p1,0.29735905098862775,0,1
v18_1284,গাড়িচাপায় ছাত্র নিহত,corpus_expansion_5000,0.17385364823182778,0,1
v18_4603,পুরোনো সামগ্রী দিয়ে সড়ক সংস্কার,corpus_expansion_5000,0.0945363922261271,0,0
v18_4794,প্রবৃদ্ধি নিয়ে ভিন্নমত,corpus_expansion_5000,0.14721721032871696,0,0
v18_1414,বছরজুড়ে গুম আতঙ্ক,corpus_expansion_5000,0.25873500032705316,0,1
v18_1234,লোকামান হত্যা: সরওয়ারের জবানবন্দি,corpus_expansion_5000,0.08985326877592716,0,1
v18_2699,অমর একুশে বইমেলা: শাস্তি পাচ্ছে ১৫ প্রকাশনা,corpus_expansion_5000,0.093337684818556,0,1
v18_0435,আমেরিকায় ‘শুনতে কি পাও!’,new_mid_w0_p0,0.9722443014979166,1,0
v18_1674,ঢাকায় ৮ দিনে ৯ হত্যাকাণ্ড,corpus_expansion_5000,0.2145760784024263,0,1
v18_0365,ভোলায় নিখোঁজের রিকশাচালকের লাশ মিলল খালে,v17_reused,0.35334675295551243,0,0
v18_2649,সাতক্ষীরায় জামায়াতের ১৬ সদস্য গ্রেপ্তার,corpus_expansion_5000,0.1656939125741654,0,1
v18_0231,ভারতের কাছে আবার হারল অনূর্ধ্ব-১৯,new_mid_w1_p1,0.4737632500619631,1,1
v18_4267,শিশুদের মধ্যে বঙ্গবন্ধুর আদর্শ ছড়িয়ে দেওয়ার আহ্বান,corpus_expansion_5000,0.3179776693236615,0,0
v18_4041,রূপার বোনকে চাকরির আশ্বাস দিলেন স্বাস্থ্যমন্ত্রী,corpus_expansion_5000,0.1296164109472018,0,0
v18_4399,পানিভর্তি পাতিলে পড়ে শিশুর মৃত্যু,corpus_expansion_5000,0.4165568777450921,0,0
v18_0407,পরিবারের বন্ধন ছিঁড়ে ভারতে যাচ্ছেন ছিটবাসী জয়নাল,v17_reused,0.7588160123706974,1,0
v18_2090,বর না আসায় কনের বাবার আত্মহত্যা?,corpus_expansion_5000,0.8734558305986341,1,1
v18_0086,দুই শর্তে রাজি বিএনপি,new_high_w1_pany,0.2469375396194528,0,0
v18_0844,ভয়ঙ্কর প্রেমের ফাঁদ জঙ্গিদের,corpus_expansion_5000,0.9971703397337889,1,1
v18_1031,আলেপ্পোয় বোমা হামলায় নিহত ৪৮,corpus_expansion_5000,0.10063918153586854,0,1
v18_2855,পালপাড়া ‘পোড়ানো’ মোরশেদ গ্রেপ্তার,corpus_expansion_5000,0.11997965169346143,0,1
v18_4109,বাংলাদেশ-ভারতীয় কোস্টগার্ডের উচ্চপর্যায়ের বৈঠক,corpus_expansion_5000,0.16079228470839807,0,0
v18_4396,আরেকটি মহাজোট করব: এরশাদ,corpus_expansion_5000,0.9385345364790443,1,0
v18_3893,ইভিএমের কেন্দ্রে থাকবে সেনাবাহিনী,corpus_expansion_5000,0.33722066377278753,0,0
v18_2658,‘আমাদেরও সমস্যা হয়’,corpus_expansion_5000,0.8282355492157261,1,1
v18_0855,"ধর্ষণের ভিডিওচিত্র ইন্টারনেটে, গ্রেপ্তার ৪",corpus_expansion_5000,0.13723038843157243,0,1
v18_0078,এশিয়ায় আন্তর্জাতিক আইন লঙ্ঘিত হচ্ছে,new_mid_w1_p0,0.16079228470839807,0,0
v18_2247,"গাজীপুরে নিখোঁজ ব্যবসায়ীর লাশ উদ্ধার, আটক ৩",corpus_expansion_5000,0.16079228470839807,0,1
v18_4570,"আমার দু'টি হৃদয়, একটি তুরস্ক অন্যটি জার্মানি: ওজিল",corpus_expansion_5000,0.5243130518360242,1,0
v18_3656,রাজশাহীতে হিমাগারের ফাঁদে আলু চাষিরা,corpus_expansion_5000,0.3602912656228894,0,0
v18_4151,লালন ভাস্কর্য অপসারণের প্রতিবাদ জানিয়েছেন রাবির ১০৭ শিক্ষক,corpus_expansion_5000,0.2363888975752593,0,0
v18_3378,"গড় আয়ু ৭২, নারীরা পুরুষের চেয়ে গড়ে বেশি দিন বাঁচেন",corpus_expansion_5000,0.298524935275799,0,0
v18_2279,রোহিঙ্গা গণহত্যা মামলা,corpus_expansion_5000,0.17526744287687693,0,1
v18_2598,মুক্তিযুদ্ধের ইতিহাসের পাখির পাঠ!,corpus_expansion_5000,0.9189765743471413,1,1
v18_4159,সরকারের চার বছরপূর্তিতে জাতির উদ্দেশে প্রধানমন্ত্রীর ভাষণ,corpus_expansion_5000,0.36435408815676157,0,0
v18_3870,কুড়িগ্রাম ও নীলফামারীতে বন্যা পরিস্থিতির অবনতি,corpus_expansion_5000,0.15793637526276968,0,0
v18_3428,ব্যবসাপ্রতিষ্ঠান খুললেও ব্যাংক লেনদেন এখনো সীমিত,corpus_expansion_5000,0.4413369854724032,1,0
v18_2176,হত্যাযজ্ঞের বার্ষিকী,corpus_expansion_5000,0.28008474130873345,0,1
v18_0424,"লিবিয়ায় সংঘর্ষে নিহত ৩৫, এলাকা ছেড়ে পালিয়েছেন ২৮০০",new_low_w0_pany,0.0945363922261271,0,0
v18_0392,শ্রীলঙ্কায় বদলের ছড়াছড়িতে বাদ অধিনায়ক চান্দিমালও,new_mid_w1_p0,0.950259295524665,1,0
v18_4726,বৈঠকের সিদ্ধান্ত রোববার জানাবে বিএনপি,corpus_expansion_5000,0.1627489037281585,0,0
v18_3693,রাজধানীতে বিপুল পলিথিন ও কাঁচামাল জব্দ,corpus_expansion_5000,0.109134405263737,0,0
v18_0104,নৌকা-ধানের শীষের জয় পেতে দুই দলের নেতারা মাঠে,v17_reused,0.2856270531074212,0,0
v18_3994,সিআরপিএআরপির ওয়েবসাইট উদ্বোধন,corpus_expansion_5000,0.21942693637961339,0,0
v18_4412,আনুষ্ঠানিকভাবে চালু ফোর–জি,corpus_expansion_5000,0.0945363922261271,0,0
v18_1948,পুলিশের ‘পাহারায়’ শিবিরের মিছিল!,corpus_expansion_5000,0.7582663803743793,1,1
v18_1459,হামলাকারী ‘৫ জঙ্গি চিহ্নিত’; লক্ষ্য আলো-আঁধারিতে থাকা পুলিশ,corpus_expansion_5000,0.1176828049793493,0,1
v18_3257,পরিবেশবান্ধব শিল্পায়নে প্রণোদনা থাকতে হবে,corpus_expansion_5000,0.1741858389542603,0,0
v18_2803,ভোলায় আরো ১০টি লাশ উদ্ধার,corpus_expansion_5000,0.12994984990792216,0,1
v18_2706,যবিপ্রবিতে রিয়াদ হত্যা: ছাত্রলীগের ১১ জন অভিযুক্ত,corpus_expansion_5000,0.08866601159703655,0,1
v18_4789,বেঙ্গল কমার্শিয়াল ব্যাংকের চেয়ারম্যান জসিম উদ্দিন,corpus_expansion_5000,0.28008474130873345,0,0
v18_1587,বাগদাদে গাড়িবোমায় নিহত ৩৫,corpus_expansion_5000,0.10356039088419995,0,1
v18_3659,দেশি পেঁয়াজের ঝাঁজ আরও বাড়ল,corpus_expansion_5000,0.1353199798207458,0,0
v18_1731,"সোনারগাঁয়ে গৃহবধূ ধর্ষণ, আটক ১",corpus_expansion_5000,0.15149407253783495,0,1
v18_4764,শেরপুরে অটোরিকশা চালক খুন,corpus_expansion_5000,0.16857217928819485,0,0
v18_4224,ক্ষমতা ভোগ নয় জনসেবাই আমার লক্ষ্য : শেখ হাসিনা,corpus_expansion_5000,0.2411805662687447,0,0
v18_3681,রামপালে বিদ্যুৎকেন্দ্র নির্মাণ করতে দেওয়া হবে না,corpus_expansion_5000,0.1476023763660605,0,0
v18_1791,‘বন্দুকযুদ্ধে’ সন্দেহভাজন ৯ মাদক ব্যবসায়ী নিহত,corpus_expansion_5000,0.3099485656305219,0,1
v18_2355,লিনুর নতুন নাটক ‘নীল নীরবতা’,corpus_expansion_5000,0.8572145044925225,1,1
v18_1940,"অভয়নগরে গৃহবধূকে গণধর্ষণ, আটক ১",corpus_expansion_5000,0.21195160136941263,0,1
v18_0702,পদ্মা সেতুর নির্মাণকাজ প্রত্যাশিত গতিতে এগিয়ে চলছে -সড়ক পরিবহন ও সেতুমন্ত্রী,v17_reused,0.2940356879007012,0,0
v18_2442,এখনো গুটমানের অভিশাপ!,corpus_expansion_5000,0.9012868629792555,1,1
v18_4375,ইসরায়েলই মুসলিম জিহাদি তৈরি করছে : ব্রিটিশ এমপি,corpus_expansion_5000,0.2502241283424099,0,0
v18_0496,ধাওয়ানের সঙ্গে চোট পেল ভারতের বিশ্বকাপ স্বপ্নও,new_low_w0_pany,0.49299121880686847,1,0
v18_0464,ইনকিলাবের বিরুদ্ধে পুলিশ কর্মকর্তা প্রলয়ের মামলা সাইবার ট্রাইব্যুনালে,v17_reused,0.13519834617861806,0,0
v18_4071,খাদ্য নিয়ন্ত্রকের পদত্যাগ দাবিতে স্মারকলিপি,corpus_expansion_5000,0.30093381222399707,0,0
v18_4333,চিকিৎসার জন্য সিঙ্গাপুর গেলেন প্যারোলে মুক্ত জলিল,corpus_expansion_5000,0.17259076542246551,0,0
v18_0172,ইবিতে প্রতি আসনে লড়বে ২১ ভর্তিচ্ছু,v17_reused,0.10967226952362391,0,0
v18_4943,ভারতের বিপক্ষে অসহায় বাংলাদেশের ফুটবলাররা,corpus_expansion_5000,0.6237279909495965,1,0
v18_4796,জিকা ভাইরাসের জন্য সতর্কতা,corpus_expansion_5000,0.6120561776164216,1,0
v18_2540,"কেনিয়ায় গির্জায় গ্রেনেড হামলা, নিহত ১৭",corpus_expansion_5000,0.16533717717845323,0,1
v18_3262,দেশের বাজারে অল-স্ক্রিন ডিজাইনে নকিয়ার নতুন স্মার্টফোন,corpus_expansion_5000,0.3451374483123983,0,0
v18_4680,জনগণের নিরাপত্তা,corpus_expansion_5000,0.30283501828365883,0,0
v18_2260,রাঙ্গুনিয়ায় যুবকের মাথাবিহীন লাশ,corpus_expansion_5000,0.4810557407019702,1,1
v18_2112,নেতাকে ঘিরে থাকে...,corpus_expansion_5000,0.3963219757812228,0,1
v18_0900,‘ইসি সরকারের দাস’,corpus_expansion_5000,0.0909817357464536,0,1
v18_1446,উত্তরায় গ্রেপ্তার ১১ ‘জঙ্গি’ রিমান্ডে,corpus_expansion_5000,0.1092151942246587,0,1
v18_3573,"নদী উত্তাল, নৌ চলাচল বন্ধ ছিল এক ঘণ্টা",corpus_expansion_5000,0.3400147838492779,0,0
v18_0741,জ্যেষ্ঠ নাগরিকদের ৫ বছরের ভিসা দেবে ভারত,new_mid_w0_p0,0.34040084361313483,0,0
v18_2293,একরাম হত্যা: ২ আ. লীগ নেতা কারাগারে,corpus_expansion_5000,0.3016973280186911,0,1
v18_2452,১২৯ উপজেলায় ভোট ১৮ মার্চ,corpus_expansion_5000,0.0945363922261271,0,1
v18_2622,সিলেট সীমান্তে গুলিতে ২ বাংলাদেশি নিহত,corpus_expansion_5000,0.0945363922261271,0,1
v18_4078,"ল্যাথামের শতক, উইলিয়ামসনের আক্ষেপ",corpus_expansion_5000,0.6361374046861042,1,0
v18_1206,ধর্ষণে নজিরবিহীন রেকর্ড,corpus_expansion_5000,0.2991515721350536,0,1
v18_0509,আম্পায়ার ও গুলবদিনে পার হলো পাকিস্তান,v17_reused,0.6229465733397762,1,1
v18_2620,"কুমিল্লায় আ. লীগ-বিএনপি সংঘর্ষ, আহত ১০",corpus_expansion_5000,0.12696385786392983,0,1
v18_2802,"অপহৃত ব্যবসায়ী উদ্ধার, সাবেক সেনাসহ গ্রেপ্তার ৫",corpus_expansion_5000,0.17921858498670093,0,1
v18_3313,জীবনটা টি-টোয়েন্টির মতো সময়ের আগেই প্রস্তুতি চাই,corpus_expansion_5000,0.19000580961738978,0,0
v18_1549,এক দিনে ২০ জনের ফাঁসি,corpus_expansion_5000,0.359843617042447,0,1
v18_4563,কুয়াকাটায় কেন্দ্র দখলের পাঁয়তারার অভিযোগ আ.লীগ প্রার্থীর,corpus_expansion_5000,0.2504678950602636,0,0
v18_2202,গণহত্যা চালাচ্ছে মিয়ানমার: মানবাধিকার কমিশন,corpus_expansion_5000,0.1133379569328199,0,1
v18_2566,জিম্বাবুয়েতে সড়ক দুর্ঘটনায় নিহত ১১,corpus_expansion_5000,0.22493279975842212,0,1
v18_3892,সারা দেশে যত রেড জোন,corpus_expansion_5000,0.16079228470839807,0,0
v18_2044,গাজীপুরে সড়ক দুর্ঘটনায় শিশুসহ নিহত ৩,corpus_expansion_5000,0.09261550116920612,0,1
v18_0767,তালায় ছাত্রদল নেতাসহ চারজন গ্রেপ্তার,new_mid_w1_p1,0.15097449906521052,0,1
v18_4872,তিন ঘণ্টায় ডিএসইতে লেনদেন সাড়ে ৪০০ কোটি টাকা,corpus_expansion_5000,0.3921913672632442,0,0
v18_3738,তালেবান-নিয়ন্ত্রিত বুনারে সেনা পাঠিয়েছে পাকিস্তান,corpus_expansion_5000,0.08900220088083385,0,0
v18_0421,সমাজের সর্বস্তরে পচন ধরেছে,v17_reused,0.21669971680422992,0,0
v18_0123,টানা পাঁচ সেরি আ জয়ের রেকর্ড আল্লেগ্রির,new_high_w1_pany,0.4355257349024307,1,1
v18_4162,ঢাকা জেলা বিএনপির সাধারণ সম্পাদক আশফাক করোনায় আক্রান্ত,corpus_expansion_5000,0.4814770351561996,1,0
v18_2628,ভোলায় নিঁখোজ তরুণীর লাশ উদ্ধার,corpus_expansion_5000,0.3287219883594488,0,1
v18_0819,হবিগঞ্জে হামলায় নিহত ১,corpus_expansion_5000,0.22404081870056092,0,1
v18_1403,এটা নিশ্চিত হত্যাকাণ্ড: মুহিত,corpus_expansion_5000,0.1544372382911445,0,1
v18_1382,বোমাসহ গ্রেপ্তার ১,corpus_expansion_5000,0.17491898592996105,0,1
v18_2148,পিস্তল–গুলিসহ পাঁচজন আটক,corpus_expansion_5000,0.41881694932784563,1,1
v18_1575,১৯ লাশের দাবিদার ২৩ পরিবার,corpus_expansion_5000,0.2743691391761647,0,1
v18_1638,খুলনা শহরে গুলিতে নিহত ২ : আহত ৬,corpus_expansion_5000,0.2354353320624002,0,1
v18_1795,২ ফিলিস্তিনিকে হত্যা,corpus_expansion_5000,0.1476023763660605,0,1
v18_4815,রোজ গার্ডেনের দলিল গ্রহণ করলেন প্রধানমন্ত্রী,corpus_expansion_5000,0.1110871228089761,0,0
v18_0399,"মেক্সিকোর কারাগারে দাঙ্গা, নিহত ৪৯",v17_reused,0.38021813268677207,0,0
v18_2310,"উচ্ছেদ, পরক্ষণেই দখল!",corpus_expansion_5000,0.4206081951385908,1,1
v18_0882,কারিনার ‘সাইজ জিরো’-রহস্য,corpus_expansion_5000,0.9970861038687839,1,1
v18_4973,হাসপাতালকে ভাড়া দেওয়ার প্রতিবাদে মানববন্ধন,corpus_expansion_5000,0.32847499182802975,0,0
v18_2897,ফরিদপুরে পিকআপ উল্টে নিহত ২,corpus_expansion_5000,0.2060688837501653,0,1
v18_1352,ঢাবিতে সংঘর্ষ: পুলিশের মামলায় আসামি ১২ শ’,corpus_expansion_5000,0.18577277734240147,0,1
v18_2742,মাথায় এমন চোট নিয়েও হেড!,corpus_expansion_5000,0.9515301556248166,1,1
v18_4550,দাতব্য সংস্থায় অ্যাপল প্রধানের ৫০ লাখ ডলারের শেয়ার,corpus_expansion_5000,0.7033421124832184,1,0
v18_2130,ময়মনসিংহে পুলিশের গুলিতে ‘ডাকাত’ নিহত,corpus_expansion_5000,0.2178774625076707,0,1
v18_0982,"সিরাজগঞ্জে সংঘর্ষ, আহত ২০",corpus_expansion_5000,0.18491271039224552,0,1
v18_0456,মেডিকেল টেকনোলজিস্ট নিয়োগে নিয়ম না মানলে কর্মবিরতি,v17_reused,0.1820728952434052,0,0
v18_4119,মুক্ত আকাশে পাখা মেলল সেই ইগলটি,corpus_expansion_5000,0.2821044162994665,0,0
v18_1079,নিখিল হত্যা: রক্তমাখা চাপাতি উদ্ধার,corpus_expansion_5000,0.2900840631881195,0,1
v18_1950,সরাইলে ফের ‘বন্দুকযুদ্ধে’ একজন নিহত,corpus_expansion_5000,0.22311587068072297,0,1
v18_4314,দুর্যোগ ব্যবস্থাপনায় বিশ্বে নেতৃত্ব দিতে চায় বাংলাদেশ,corpus_expansion_5000,0.3468384280776884,0,0
v18_0689,টি-১০ ক্রিকেটে চ্যাম্পিয়ন সাকিবের দল,new_mid_w0_p0,0.6479121416321107,1,0
v18_2429,সর্বাধুনিক জঙ্গিবিমান হাতে পাচ্ছে তুরস্ক,corpus_expansion_5000,0.4165568777450921,0,1
v18_0641,আরও এক লাখ পোশাক কর্মী বেতন পাবে বিকাশে,new_low_w0_pany,0.19000580961738978,0,0
v18_2392,আলমডাঙ্গায় মামাকে হত্যার অভিযোগ,corpus_expansion_5000,0.1584935643630228,0,1
v18_1953,কলকাতায় গ্রেপ্তার ‘জঙ্গি’ আলামিনকে খুঁজছিল পুলিশ,corpus_expansion_5000,0.0899682039327317,0,1
v18_2748,কুলাউড়ায় বিধবাকে ধর্ষণের অভিযোগ একজন গ্রেপ্তার,corpus_expansion_5000,0.17999378653865833,0,1
v18_4313,করোনা মোকাবেলা : বাংলাদেশকে বর্ধিত সহায়তার অনুরোধ,corpus_expansion_5000,0.20925853482990042,0,0
v18_3435,"ভিড় কম, চট্টগ্রামে সহজেই মিলছে ট্রেনের টিকেট",corpus_expansion_5000,0.1895756436283768,0,0
v18_3336,শ্রমজীবী শিশুদের লেখাপড়ায় পথশিশু সেবা সংগঠন,corpus_expansion_5000,0.16079228470839807,0,0
v18_4766,"রাস্তার ওপর সেপটিক ট্যাংক, দুর্ঘটনার শঙ্কা",corpus_expansion_5000,0.1353199798207458,0,0
v18_3370,বিপিএলে সাকিব-তামিমদের টাকা বাড়তে পারে,corpus_expansion_5000,0.4883734837601396,1,0
v18_1884,"সিরাজগঞ্জে পল্লীতে সংঘর্ষ, আহত ২৫",corpus_expansion_5000,0.22311587068072297,0,1
v18_0389,ভারতের গুয়াহাটির রেস্তোরাঁয় পচা মাংস,new_mid_w1_p0,0.2601425988962303,0,0
v18_2494,খাদ্যে ভেজালও এক ধরনের দুর্নীতি : প্রধানমন্ত্রী,corpus_expansion_5000,0.0945363922261271,0,1
v18_3878,অনলাইনে স্বল্প পুঁজি সংগ্রহে নিয়ন্ত্রণ চায় আইওসকো,corpus_expansion_5000,0.21093841116397974,0,0
v18_3856,সাকা-মুজাহিদের আইনজীবীরা দেখা করার অনুমতি পাননি,corpus_expansion_5000,0.1879168381010593,0,0
v18_0845,বিধ্বংসী সাইফউদ্দিন,corpus_expansion_5000,0.6229465733397762,1,1
v18_0542,"ডা. রাজনের ময়নাতদন্ত সম্পন্ন, হার্ট-ভিসেরা নমুনা সংগ্রহ",new_mid_w1_p0,0.09255459483477707,0,0
v18_0091,শত নমস্য ডা. এম আর খানকে,new_high_w1_pany,0.4413369854724032,1,1
v18_3889,পুনর্নিরীক্ষণের ফল প্রকাশ,corpus_expansion_5000,0.4165568777450921,0,0
v18_1979,বইমেলা ও পুলিশের ‘বই পড়া’,corpus_expansion_5000,0.23444133114775526,0,1
v18_2812,বন্দুকযুদ্ধে নিহত আরও ৫,corpus_expansion_5000,0.0945363922261271,0,1
v18_4082,"এম কে আনোয়ারের জামিন, আমানউল্লাহ কারাগারে",corpus_expansion_5000,0.20885894745583944,0,0
v18_2902,আশুগঞ্জ তাপবিদ্যুৎ কেন্দ্রের একটি ইউনিট চালু হয়েছে,corpus_expansion_5000,0.41849315049290436,1,0
v18_2529,ভাঙ্গায় উদ্ধার অজ্ঞাত দুই লাশ,corpus_expansion_5000,0.2060688837501653,0,1
v18_1676,সিলেটে দু'দলের সংঘর্ষে আহত ১৫,corpus_expansion_5000,0.10728417746919829,0,1
v18_1048,প্রধানমন্ত্রীকে ‘হত্যার উসকানি’: ইরাদের বিরুদ্ধে ঝালকাঠিতে মামলা,corpus_expansion_5000,0.5722937782468255,1,1
v18_1960,স্বামীর ‘দ্বিতীয় বিয়ের’ খবরে আত্মহত্যা!,corpus_expansion_5000,0.9161908752961291,1,1
v18_2530,হিটলারকে হত্যা করতে চাননি স্ট্যালিন,corpus_expansion_5000,0.37070120483569796,0,1
v18_3992,জিম্বাবুয়েতে স্যাঙ্গেরাইসহ দুই বিরোধী নেতা আটক,corpus_expansion_5000,0.1335787062905895,0,0
v18_0237,"সোয়েটারের কার্টনে ঝুট ভর্তি, দুজন গ্রেপ্তার",new_mid_w0_p0,0.19000580961738978,0,0
v18_3097,স্বাস্থ্য অধিদফতরের ডিজিসহ দুই শীর্ষ কর্মকর্তাকে তলব,corpus_expansion_5000,0.16177099804997896,0,0
v18_3488,প্রবাসী কর্মীরা প্লট বরাদ্দে বিশেষ সুবিধা পাবেন: ইফতেখার,corpus_expansion_5000,0.0945363922261271,0,0
v18_1133,ভোলায় ডিবির সঙ্গে ‘বন্দুকযুদ্ধে’ এক ব্যক্তি নিহত,corpus_expansion_5000,0.12943590419016288,0,1
v18_1805,জয়পুরহাটে ‘ডাকাত’ গুলিবিদ্ধ,corpus_expansion_5000,0.2001218854158135,0,1
v18_4317,দিনাজপুরে নদীতে ডুবে শিশুর মৃত্যু,corpus_expansion_5000,0.3555097338549064,0,0
v18_0163,সমাহিত হয়েছেন সমুদ্র গুপ্ত,new_mid_w1_p1,0.2372685225295734,0,1
v18_3492,চট্টগ্রামে নারী শ্রমিকদের ডরমিটরি দেবে বিজিএমইএ,corpus_expansion_5000,0.19000580961738978,0,0
v18_4709,ঢাবিতে তিন দিনব্যাপী 'জেন্ডার বুক ফেয়ার ২০০৮' শুরু হচ্ছে শুক্রবার,corpus_expansion_5000,0.3056863533144241,0,0
v18_4630,সৈয়দ আশরাফের স্ত্রীর মৃত্যুতে মন্ত্রিসভার শোক,corpus_expansion_5000,0.31174985891216095,0,0
v18_3453,বিবাহিত মেয়েশিশুর অধিকার নিশ্চিত করতে হবে,corpus_expansion_5000,0.3948073756418407,0,0
v18_3199,ইভ্যালিতে পাওয়া যাবে পার্টেক্স ফার্নিচারের পণ্য,corpus_expansion_5000,0.18214488174335453,0,0
v18_3634,দ্রুত উন্নয়নে বড় বাজেটই প্রয়োজন: প্রধানমন্ত্রী,corpus_expansion_5000,0.11045515610083678,0,0
v18_3939,চাঁদে পানির অস্তিত্ব সম্পর্কে আরও নিশ্চিত বিজ্ঞানীরা,corpus_expansion_5000,0.22311587068072297,0,0
v18_1811,"হটস্পটের দুর্বলতা নয়, প্রতারণা!",corpus_expansion_5000,0.9857990400046794,1,1
v18_3649,ডিএনএ প্রতিবেদন মেডিকেল বোর্ডকে দেওয়ার নির্দেশ,corpus_expansion_5000,0.17655485492569076,0,0
v18_4049,দেশের ৯০ভাগ তৌহিদী জনতা মোদির সফরের বিরোধীতা করছে -ড. মোশাররফ,corpus_expansion_5000,0.08867516517094369,0,0
v18_1428,জঙ্গিবাদ দমন নিয়ে আলোচনা,corpus_expansion_5000,0.0945363922261271,0,1
v18_3613,অবমূল্যায়নের মূল্যায়ন,corpus_expansion_5000,0.4481997574555193,1,0
v18_3131,আমিরাতে জি টু জি সমঝোতা স্মারক- প্রবাসী কল্যাণ মন্ত্রণালয় ও বায়রা মুখোমুখি অবস্থানে,corpus_expansion_5000,0.10480642956484884,0,0
v18_3396,"বৈশাখ-জ্যৈষ্ঠ গেল, পৌষ-মাঘও গেল, পেঁয়াজের দাম কমল কই?",corpus_expansion_5000,0.5795475134367087,1,0
v18_4460,বাঘ গুণতে এবার ক্যামেরা,corpus_expansion_5000,0.10494600826923073,0,0
v18_4649,মৌচাক মালিবাগ রাজারবাগে উড়ালসড়কের নিচে দুর্ভোগ,corpus_expansion_5000,0.09323293044487177,0,0
v18_2820,আ’লীগ নেতা হত্যা মামলায় ১ জনের যাবজ্জীবন,corpus_expansion_5000,0.08970392759050315,0,1
v18_1452,‘সরকারের এজেন্টরা’ বোমা হামলা চালাচ্ছে: ফখরুল,corpus_expansion_5000,0.10117776940854672,0,1
v18_0593,কেনিয়াতে গ্রেফতার মমতা কুলকার্নি,v17_reused,0.8481205014508313,1,1
v18_0041,ফিরে এলেন সুবর্ণা,v17_reused,0.2060688837501653,0,0
v18_0560,মিরাজের দাদা বাড়িতে বিদ্যুৎ সংযোগ,v17_reused,0.1133379569328199,0,0
v18_3273,"বড় এলাকার কাউন্সিলর, কিন্তু মূল্যায়ন কম",corpus_expansion_5000,0.3956055895405956,0,0
v18_3244,"চাল উদ্বৃত্ত, দামও কম, তবু আমদানি",corpus_expansion_5000,0.1164515568865641,0,0
v18_0243,আইসিসির সেরা ১০ মুহূর্তে সৌম্যর ক্যাচ,new_mid_w1_p1,0.7124733099934303,1,1
v18_1339,ইরাকে বোমা হামলায় নিহত ৩৭,corpus_expansion_5000,0.17491898592996105,0,1
v18_2780,আর্জেন্টিনার ১ হাজার টাকার নোটে ম্যারাডোনা!,corpus_expansion_5000,0.7186479536377646,1,1
v18_3187,শিমের দানা দিয়ে পাবদা মাছের কারি,corpus_expansion_5000,0.4413369854724032,1,0
v18_3799,পদ্মার ইলিশ গঙ্গায় নিতে ৪০ বছর পর ফারাক্কা বাঁধ সংস্কার,corpus_expansion_5000,0.14313530507222463,0,0
v18_1442,শোলাকিয়া হামলা: জঙ্গি মিজান ৫ দিনের রিমান্ডে,corpus_expansion_5000,0.17921858498670093,0,1
v18_0261,অ্যাম্বুলেন্সে মিলল ইয়াবা,new_low_w0_pany,0.6241972893142425,1,0
v18_2764,"কাশ্মীরে ভয়াবহ বাস দুর্ঘটনা, ১১ শিক্ষার্থী নিহত",corpus_expansion_5000,0.11068507999266863,0,1
v18_1689,"আশুলিয়ায় স্বামীকে ‘আটকে রেখে মারমা নারীকে ধর্ষণ’, গ্রেপ্তার ১",corpus_expansion_5000,0.2899952067334345,0,1
v18_1725,রাজৈরে দুপক্ষের সংঘর্ষে আহত ২৫,corpus_expansion_5000,0.24658569031706137,0,1
v18_4792,প্রথম দিন ঢাকার অধিকাংশ স্থানে ছিল না টিসিবির ট্রাক,corpus_expansion_5000,0.1133379569328199,0,0
v18_0834,শিশু ধর্ষণ চেষ্টা : মাগুরায় কিশোর আটক,corpus_expansion_5000,0.2648600534649683,0,1
v18_1866,তোফাজ্জল হত্যা: ৩ জনের মৃত্যুদণ্ড,corpus_expansion_5000,0.11085169846003616,0,1
v18_2496,১০টি ‘বোমা মেশিন’ ধ্বংস দুটি জব্দ,corpus_expansion_5000,0.21512843004745916,0,1
v18_2010,অজ্ঞানপার্টির ১০ সদস্য গ্রেপ্তার,corpus_expansion_5000,0.13200677088471446,0,1
v18_0340,গোদাগাড়ীতে গৃহবধূর লাশ উদ্ধার,new_low_w0_pany,0.19619127590473537,0,0
v18_2988,অভিভাবক ও কমিটির সদস্যদের ভূমিকাও গুরুত্বপূর্ণ,corpus_expansion_5000,0.24658569031706137,0,0
v18_1601,সারোয়ার-তামিম গ্রুপের ৪ জঙ্গি গ্রেপ্তার: র্যাব,corpus_expansion_5000,0.22827240588175038,0,1
v18_3875,শেষের বোলার নাসির বলেই আশা ছিল জিম্বাবুয়ের,corpus_expansion_5000,0.603776840512685,1,0
v18_4694,মিলনকে কারাফটকে জিজ্ঞাসার অনুমতি,corpus_expansion_5000,0.08886514154796817,0,0
v18_0480,রৌমারী সীমান্তে বিএসএফের গুলিতে বাংলাদেশি নিহত,v17_reused,0.4610064948617827,1,0
v18_2825,খিলক্ষেতে ট্রেনের ধাক্কায় নারী নিহত,corpus_expansion_5000,0.1476023763660605,0,1
v18_4329,কোপা আমেরিকার শিরোপার যোগ্য আর্জেন্টিনা: মেসি,corpus_expansion_5000,0.46025924751160974,1,0
v18_3540,ইসলামী মূল্যবোধের ভূমিকা গুরুত্বপূর্ণ,corpus_expansion_5000,0.2148552024926307,0,0
v18_4638,ইবোলা ঠেকাতে সিয়েরা লিওনে ঘর না ছাড়ার নির্দেশ,corpus_expansion_5000,0.30093381222399707,0,0
v18_3046,ট্যানারি মালিকরা কর অবকাশ সুবিধা চায়,corpus_expansion_5000,0.15716958888289337,0,0
v18_3990,তবে কি ভাতের বদলে পোলাও খাব?,corpus_expansion_5000,0.9957114232528789,1,0
v18_1766,কলকাতার একমাত্র ‘বাঙালি’ সাকিব!,corpus_expansion_5000,0.9682009035342695,1,1
v18_4473,সেই পাথর নিলামে বিক্রির উদ্যোগ,corpus_expansion_5000,0.1353199798207458,0,0
v18_2453,২০ ডিসেম্বর: আজকের খেলা,corpus_expansion_5000,0.6229465733397762,1,1
v18_2877,"বাড়িতে ডাকাতি, ‘অসুস্থ হয়ে’ গৃহকর্তার মৃত্যু",corpus_expansion_5000,0.4683947501272958,1,1
v18_3815,গণতন্ত্র সমুন্নত রাখতে ভোট দিন: হাসিনা,corpus_expansion_5000,0.10710133039354414,0,0
v18_4016,গোলটেবিল বৈঠকে বক্তারা যক্ষা নিয়ন্ত্রণে ৬ চ্যালেঞ্জ,corpus_expansion_5000,0.09202319703574663,0,0
v18_4677,"ঔষধ প্রশাসনের বরখাস্ত কর্মকর্তা চাকরিতে কীভাবে, প্রশ্ন হাই কোর্টের",corpus_expansion_5000,0.09134964217764967,0,0
v18_3679,বর্ষার আগেই মহেশ খালের মুখে জলকপাট নির্মাণের দাবি,corpus_expansion_5000,0.47287093489643167,1,0
v18_1271,১০ ‘নকল গোয়েন্দা’ গ্রেপ্তার,corpus_expansion_5000,0.5189366056681108,1,1
v18_3077,সাড়ে ১২ হাজার কোটি টাকা রাজস্ব দিচ্ছে না গ্রামীণফোন,corpus_expansion_5000,0.1329796911745683,0,0
v18_4501,বাইডেনকে ভোলেননি চীনের সেই গ্রামবাসী,corpus_expansion_5000,0.0945363922261271,0,0
v18_3094,আধুনিক মৎস্য পরীক্ষাগার হচ্ছে সাভারে,corpus_expansion_5000,0.0945363922261271,0,0
v18_4653,ইসিতে নিরাপত্তা চেয়ে চিঠি দিলেও সাড়া পাইনি: হাফিজ উদ্দিন,corpus_expansion_5000,0.18074992736119191,0,0
v18_0347,অনলাইন ক্লাসে ভোগান্তি,v17_reused,0.16079228470839807,0,0
v18_3881,মিরসরাইয়ে ইপিজেড করবে বেপজা,corpus_expansion_5000,0.3451374483123983,0,0
v18_4623,কষ্টের দিন বিদায় নিয়েছে লোভাদের স্কুলে,corpus_expansion_5000,0.48702783216700285,1,0
v18_2562,`উস্কানিমূলক’ বইসহ ২৪ তরুণী আটক,corpus_expansion_5000,0.12699064621105502,0,1
v18_4590,ব্যাংকিং খাত নিয়ে সংসদে সমালোচনার মুখে অর্থমন্ত্রী,corpus_expansion_5000,0.16691909666594584,0,0
v18_1423,চট্টগ্রামে বিধি ভঙ্গের ৭৩ অভিযোগ ‘ইতিবাচক’,corpus_expansion_5000,0.13140361323323996,0,1
v18_0656,বসিলায় ‘জঙ্গি আস্তানায়’ অন্তত দুইজন নিহত,v17_reused,0.15671130660933505,0,0
v18_2102,সহায়তা পাবে বাহরাইনে নিহতদের পরিবার,corpus_expansion_5000,0.12355091288042713,0,1
v18_0632,আবার মঞ্চে ‘ময়ূর সিংহাসন’,v17_reused,0.7755826087477349,1,0
v18_2892,রাজমিস্ত্রিকে কুপিয়ে হত্যা,corpus_expansion_5000,0.1561847617986113,0,1
v18_2493,আগুন আতঙ্কে আহত পোশাক শ্রমিক,corpus_expansion_5000,0.24260468455107928,0,1
v18_2665,ভিকির সঙ্গে ‘না’,corpus_expansion_5000,0.8724392641944175,1,1
v18_4015,গণপরিবহনে শৃঙ্খলা আনতে নতুন সংগঠন,corpus_expansion_5000,0.14303868621675692,0,0
v18_3662,ফ্রান্স বিশ্বকাপে তিনবার ফাইনাল খেলেছে,corpus_expansion_5000,0.4413369854724032,1,0
v18_3307,নির্ধারিত সময়ে রামপাল বিদ্যুৎ প্রকল্পে উৎপাদন শুরু হবে: অর্থমন্ত্রী,corpus_expansion_5000,0.28008474130873345,0,0
v18_3096,পোল্ট্রি শিল্প রক্ষার দাবি খামারিদের,corpus_expansion_5000,0.4976972215206792,1,0
v18_3919,ঢাকায় কোরবানির বর্জ্য ব্যবস্থাপনায় হটলাইন,corpus_expansion_5000,0.21625760704450522,0,0
v18_2500,ফাঁসি ঠেকাতে জামায়াতের তাণ্ডব,corpus_expansion_5000,0.24420882811565542,0,1
v18_1465,আতঙ্কে দাপুটে নেতারা,corpus_expansion_5000,0.10941194394202974,0,1
v18_2833,আশুলিয়ায় নারী বাউল শিল্পী ধর্ষণের শিকার,corpus_expansion_5000,0.10656881324434084,0,1
v18_0115,"চলছে না বাস, দুর্ভোগ চলছেই",v17_reused,0.19000580961738978,0,0
v18_1821,মেঘ-বৃষ্টি করোনায় ‘ঘরে থাকা’ সিউর!,corpus_expansion_5000,0.8963515588503678,1,1
v18_1494,হেলমেট বাহিনীর হামলা,corpus_expansion_5000,0.17427957344768993,0,1
v18_2401,সেই ফেল্প্স কি ফিরবেন আর!,corpus_expansion_5000,0.7916663041813066,1,1
v18_1232,ফেনীতে দুর্ঘটনায় নিহত ২,corpus_expansion_5000,0.2811603874862428,0,1
v18_2661,করোনাভাইরাস: ৪ গুণ বেশি দামে বিক্রি হচ্ছে মুখোশ!,corpus_expansion_5000,0.7883686200024725,1,1
v18_4100,রাজশাহী ওয়াসা'র যাত্রা শুরু,corpus_expansion_5000,0.25754645168359463,0,0
v18_4573,এবার চট্টগ্রামে মানবদেহে অ্যানথ্রাক্স,corpus_expansion_5000,0.13302942920409266,0,0
v18_1153,কচুয়ায় র্যাবের সঙ্গে ‘গুলি বিনিময়ে’ একজন নিহত,corpus_expansion_5000,0.1476023763660605,0,1
v18_3848,পেশাদার খুনিকে খালি হাতে ধরলেন মাছ ব্যবসায়ী,corpus_expansion_5000,0.32390364057766474,0,0
v18_0057,শহীদুলের পাশে হতাশ জেমি,new_low_w0_pany,0.5674235205465895,1,0
v18_4104,ঘূর্ণিঝড় আম্ফান আঘাত হানতে পারে কাল,corpus_expansion_5000,0.22816089638334605,0,0
v18_4288,ওমানে বাংলাদেশিদের অংশগ্রহণে ফুটবল টুর্নামেন্ট,corpus_expansion_5000,0.7384126165357974,1,0
v18_4945,খালেদার বাড়ি: শুনানি ১৮ মে পর্যন্ত মুলতবি,corpus_expansion_5000,0.1092776579934105,0,0
v18_1735,এমসি কলেজে গণধর্ষণ: ছাত্রলীগ নেতা মাসুমও ৫ দিনের রিমান্ডে,corpus_expansion_5000,0.1272227347507784,0,1
v18_2196,গোয়ালন্দে অস্ত্রসহ গ্রেপ্তার ১,corpus_expansion_5000,0.11097829647447624,0,1
v18_3553,বহুতল ভবন গড়ে তোলার কাজ শুরু,corpus_expansion_5000,0.32996359519190616,0,0
v18_2475,ছাত্রীদের উত্ত্যক্ত করায় মগবাজারে ৬ যুবক গ্রেপ্তার,corpus_expansion_5000,0.2001218854158135,0,1
v18_2564,স্কুলছাত্রীটিকে ধর্ষণের আলামত মিলেছে,corpus_expansion_5000,0.10778570024790972,0,1
v18_3158,"রাজশাহীতে বিএনপির প্রাধান্য, রংপুরেও এগিয়ে",corpus_expansion_5000,0.08832184758879601,0,0
v18_4034,উগান্ডায় গুগলের ওয়াই-ফাই,corpus_expansion_5000,0.45168423310243294,1,0
v18_3655,সাইফুলের আমেরিকা যাত্রা,corpus_expansion_5000,0.2049229717609723,0,0
v18_0707,বই প্রকাশ ঠেকাতে তৎপর ট্রাম্পের আইনজীবীরা,v17_reused,0.4237456057776692,1,0
v18_4280,দ্বিতীয় পর্বের বিশ্ব ইজতেমায় আজ আমবয়ান,corpus_expansion_5000,0.4413369854724032,1,0
v18_1093,ধর্ষণ-বাল্যবিয়েকে লাল কার্ড,corpus_expansion_5000,0.8704673669009162,1,1
v18_4839,ইসির সংলাপ আইওয়াশ: মওদুদ,corpus_expansion_5000,0.11281571417935864,0,0
v18_1376,ইরাকে বোমা হামলায় নিহত ২৫,corpus_expansion_5000,0.0945363922261271,0,1
v18_4913,প্রথম বাংলাদেশি মেয়র হবেন হাসান?,corpus_expansion_5000,0.6651112355801494,1,0
v18_0072,আজ চরিত্রবান ব্যক্তির বড়ই অভাব,new_high_w1_pany,0.5321943781772452,1,1
v18_1922,ঝিনাইদহে পুলিশের সঙ্গে ‘বন্দুকযুদ্ধে’ নিহত ২,corpus_expansion_5000,0.36012890746596027,0,1
v18_3173,ক্রোমিয়ামযুক্ত চামড়া দিয়ে তৈরি হচ্ছে মুরগির খাবার,corpus_expansion_5000,0.09187691395759763,0,0
v18_1764,তথ্য উপস্থাপনে ‘দুর্বলতা’য় ফাঁসি এড়ালেন সাঈদী?,corpus_expansion_5000,0.6290657299875427,1,1
v18_0743,"নারায়ণগঞ্জে আতঙ্ক কাটেনি, র্যাবে নতুন অধিনায়ক",new_mid_w0_p0,0.39674450760916474,0,0
v18_4318,লিবিয়ার ঘটনার জন্য পাশ্চাত্যের ক্ষমা চাওয়া ও জবাবদিহি করা উচিত,corpus_expansion_5000,0.19242085675357315,0,0
v18_1005,আতঙ্কের নাম বিএসএফ,corpus_expansion_5000,0.512904266325486,1,1
v18_2668,হামলা চালিয়ে কণ্ঠরোধ করা যাবে না: ইনু,corpus_expansion_5000,0.09788621065693666,0,1
v18_1190,কাতারে ‘বাংলা ফেস্ট ২০১৫’,corpus_expansion_5000,0.5243130518360242,1,1
v18_4631,রিং পড়ানো হয়েছে রিজভীর হার্টে,corpus_expansion_5000,0.28838855245927025,0,0
v18_2601,রমনায় বোমা : বিস্ফোরক মামলার শুনানি আবার পিছিয়েছে,corpus_expansion_5000,0.08938317125769121,0,1
v18_1125,রাজশাহীতে ‘বন্দুকযুদ্ধে’ গুলিবিদ্ধ ১,corpus_expansion_5000,0.2784681652098623,0,1
v18_1241,পাবনায় ‘বন্দুকযুদ্ধে’ ১২ মামলার আসামি নিহত,corpus_expansion_5000,0.18704371579133555,0,1
v18_4606,আবরারের প্রতি সম্মান জানিয়ে সন্তানের নাম রাখলেন পুলিশ সদস্য,corpus_expansion_5000,0.31050865309168685,0,0
v18_4130,চার চিকিৎসককে সাময়িক বরখাস্তের সিদ্ধান্ত,corpus_expansion_5000,0.15204297175855241,0,0
v18_3442,"বঙ্গোপসাগরে গভীর নিম্নচাপ, গরমের আমেজ",corpus_expansion_5000,0.411482441189094,0,0
v18_0998,প্রিয়ার বিরুদ্ধে থানায় অভিযোগ!,corpus_expansion_5000,0.9144211892140391,1,1
v18_3386,ঢাকায় চট্টগ্রাম কেন্দ্রের অনুষ্ঠান দেখি: তথ্যমন্ত্রী,corpus_expansion_5000,0.3451374483123983,0,0
v18_2684,ফরিদপুরে বাস-টেম্পো সংঘর্ষে নিহত ২,corpus_expansion_5000,0.25051980012485775,0,1
v18_1577,জঙ্গিগোষ্ঠী হাক্কানির নেতা জালালুদ্দিন ‘মৃত’,corpus_expansion_5000,0.2954657658858615,0,1
v18_4790,সাব্বির ইন রুবেল-সানজামুল আউট,corpus_expansion_5000,0.5075367006296455,1,0
v18_1826,শিল্পার বেলুন-রহস্য!,corpus_expansion_5000,0.9967938937574276,1,1
v18_3292,মার্কিন সুপ্রিম কোর্টে কাভানার নিয়োগ চূড়ান্ত হচ্ছে,corpus_expansion_5000,0.11468735773332997,0,0
v18_4989,"সেমিফাইনালে মুখোমুখি দুই মোহামেডান, আবাহনীর প্রতিপক্ষ ব্রাদার্স",corpus_expansion_5000,0.2060688837501653,0,0
v18_3536,সিঙ্গাপুরের আইন-কানুন ও প্রবাসীদের দায়িত্ব,corpus_expansion_5000,0.0945363922261271,0,0
v18_0440,নোয়াখালীতে বিএনপির ক্ষুব্ধ কর্মীদের বিক্ষোভ ও ভাঙচুর,v17_reused,0.40420522816205934,0,0
v18_4951,চুয়াডাঙ্গায় যুবলীগের আহবায়ক কমিটি বিলুপ্ত,corpus_expansion_5000,0.09901991165191992,0,0
v18_1100,রাজধানীতে র্যাবের সঙ্গে ‘বন্দুকযুদ্ধে’ নিহত ২,corpus_expansion_5000,0.4413369854724032,1,1
v18_4010,নেইমারকে কিছুতেই ছাড়বে না বার্সেলোনা,corpus_expansion_5000,0.503752460316267,1,0
v18_3058,গর্ভবতী মা-শিশুদের বিনামূল্যে স্বাস্থ্যসেবা,corpus_expansion_5000,0.5403541962581928,1,0
v18_0649,‘কাজটা’ সাফল্যের সঙ্গে শেষ করতে চান মুশফিক,new_mid_w1_p0,0.4041540771159923,0,0
v18_1546,নাইজেরিয়া ও কেনিয়ায় ‘জঙ্গি হামলায়’ নিহত ৩৯,corpus_expansion_5000,0.15432577563227529,0,1
v18_4756,বিশ্ববিদ্যালয়ে পড়ার খরচ কি দিতে পারবেন তাঁরা?,corpus_expansion_5000,0.8271771463484293,1,0
v18_3560,প্রথমবারের মতো ডিজিটাল ব্যাংকিংয়ে পোশাকশ্রমিকদের বেতন,corpus_expansion_5000,0.4413369854724032,1,0
v18_3886,বাস চালানোর প্রথম দিনই কৃষ্ণার পায়ে চাপা দেন চালক,corpus_expansion_5000,0.24658569031706137,0,0
v18_3741,বেনাপোলে বিদেশি মুদ্রাসহ যুবক আটক,corpus_expansion_5000,0.21093841116397974,0,0
v18_0630,"নরসিংদীতে পিকআপ-ট্রাক সংঘর্ষ, নিহত ৫",new_mid_w0_p0,0.17491898592996105,0,0
v18_0672,দুঃসময়েও সমর্থকদের পাশে চান তামিম,new_mid_w1_p0,0.3921913672632442,0,0
v18_1249,২১ আগস্টের হামলা ছিল ‘হালকা নাস্তা’,corpus_expansion_5000,0.23526289644255935,0,1
v18_0482,বাংলাদেশে ঢোকার পথে ১১৪ রোহিঙ্গা আটক,v17_reused,0.2004393543471411,0,0
v18_1584,জঙ্গিদের টার্গেটে পুলিশ : আইজিপি,corpus_expansion_5000,0.25977115712180604,0,1
v18_3074,ভারতে ডিজিটাল লেনদেন আনছে হোয়াটসঅ্যাপ,corpus_expansion_5000,0.0945363922261271,0,0
v18_4627,৩০ লাখ গাছের চারা রোপণ করবে নেসলে,corpus_expansion_5000,0.5932250523397576,1,0
v18_3038,রাজশাহী অঞ্চলে মুরগি খামারিরা বেকায়দায়,corpus_expansion_5000,0.4062372331714841,0,0
v18_1462,বিস্ফোরক মামলায় অভিযুক্ত জামায়াতের ২০ নেতা-কর্মী,corpus_expansion_5000,0.14077913118511898,0,1
v18_3929,টিকিট থাকা সত্ত্বেও বিমানে উঠতে পারল না ময়ূর,corpus_expansion_5000,0.3451374483123983,0,0
v18_3621,প্রতিপক্ষ যখন হাতুরাসিংহে,corpus_expansion_5000,0.8160832554618632,1,0
v18_2578,বগুড়ায় মামিকে ‘হত্যার পর ভাগ্নের আত্মহত্যা’,corpus_expansion_5000,0.14466988652845666,0,1
v18_3801,সন্ত্রাসবিরোধী সহযোগিতা বৃদ্ধিতে ঢাকা-ওয়াশিংটন সম্মত,corpus_expansion_5000,0.1786963561071556,0,0
v18_0049,বিদ্যুৎ বিভ্রাট আমাদের জন্য সহায়ক হয়েছে: মিসবাহ,new_mid_w1_p1,0.3752431354790696,0,1
v18_4289,দক্ষিণ এশিয়ার ব্যয়বহুল শহর ঢাকা,corpus_expansion_5000,0.35983971569390666,0,0
v18_3344,দুটি বাড়ি ছিল বঙ্গবন্ধুর অর্থনৈতিক সচিবালয়,corpus_expansion_5000,0.2258363105089098,0,0
v18_0858,পাবনায় ‘চরমপন্থিকে’ গুলি করে হত্যা,corpus_expansion_5000,0.8363137264123707,1,1
v18_1072,"বিয়ের প্রলোভনে ধর্ষণ, ভিডিও প্রচার",corpus_expansion_5000,0.6919516371556733,1,1
v18_0719,পাখির অভয়াশ্রম শার্শার পদ্মবিল,new_mid_w1_p1,0.4737632500619631,1,1
v18_3717,হাওর-জলাভূমির সম্পদ কাজে লাগাতে হবে: প্রধানমন্ত্রী,corpus_expansion_5000,0.31806431815437947,0,0
v18_2631,‘আমার কারণেই এতজন করোনায় আক্রান্ত’,corpus_expansion_5000,0.22311587068072297,0,1
v18_4873,পাঠদানের আশ্বাসে তালা খুলে দিল শিক্ষার্থীরা,corpus_expansion_5000,0.48138094136318915,1,0
v18_1660,স্যামসাংয়ের ‘বিস্ময়কর’ আবিষ্কার!,corpus_expansion_5000,0.9078128056746031,1,1
v18_1656,ইলিয়াস ‘গুম’: হরতালে সংঘর্ষ মৌলভীবাজারে,corpus_expansion_5000,0.0937628259448719,0,1
v18_2425,বগুড়ায় বাস-ট্রাকের সংঘর্ষে নিহত ৩,corpus_expansion_5000,0.3844980486213314,0,1
v18_3524,ফেনীর এক হাজার তিন শ পরিবার পেল বিদ্যুৎ–সংযোগ,corpus_expansion_5000,0.33629486718990503,0,0
v18_4229,"সেরি আয় ইউভেন্তুস, রোমার জয়",corpus_expansion_5000,0.5710208602957528,1,0
v18_4974,বেসিক ব্যাংকের কন্টাক্টলেস ক্রেডিট কার্ড চালু,corpus_expansion_5000,0.33747238966215126,0,0
v18_3309,"বিসিএস অনুত্তীর্ণদের অনশন চলছে, একজনের আত্মাহুতির চেষ্টা",corpus_expansion_5000,0.18096583763934457,0,0
v18_4476,স্থল বন্দরে আমদানি-রপ্তানি সমস্যাগুলো স্থানীয়ভাবেই সমাধান হবে,corpus_expansion_5000,0.0945363922261271,0,0
v18_3305,খোলা খাতা কেউ পছন্দ করে না,corpus_expansion_5000,0.7370468097254962,1,0
v18_4751,বাংলাদেশ সীমান্তবর্তী সব রাজ্যে নাগরিকপঞ্জি চালু করবে ভারত,corpus_expansion_5000,0.25448560438951845,0,0
v18_4126,বেলারুশে মার্কিন প্রতিরক্ষার পাল্টা ব্যবস্থা গড়তে পারে রাশিয়া,corpus_expansion_5000,0.24761344256259343,0,0
v18_2606,দুয়ো শুনে ‘মেজাজ’ হারালেন মাশরাফি,corpus_expansion_5000,0.678775908126804,1,1
v18_1385,মার্কিন বৈদ্যুতিক গ্রিডে রুশ হ্যাকারের হামলা!,corpus_expansion_5000,0.5160200915338359,1,1
v18_3835,সিলেটে ২৪ ঘণ্টার মধ্যে কোরবানির বর্জ্য অপসারণের ঘোষণা,corpus_expansion_5000,0.1796242080814432,0,0
v18_1399,"সংঘর্ষ, বিস্ফোরণে আহত ৩০",corpus_expansion_5000,0.17905498194232122,0,1
v18_1195,ট্রাকচাপায় নিহত ২,corpus_expansion_5000,0.2411447352040636,0,1
v18_1408,একরাম হত্যা: মিনারসহ ৫৬ জনের বিরুদ্ধে অভিযোগপত্র,corpus_expansion_5000,0.23180488811093758,0,1
v18_3824,পেঁয়াজের দাম বৃদ্ধির ব্যাখ্যা চেয়ে উকিল নোটিস,corpus_expansion_5000,0.0945363922261271,0,0
v18_1798,ঢাকার গার্মেন্টসকর্মী মাগুরায় ‘ধর্ষণের শিকার’,corpus_expansion_5000,0.08948341170648799,0,1
v18_1475,রাজীব হত্যা নিয়ে,corpus_expansion_5000,0.22827240588175038,0,1
v18_4965,সমাজ গঠনে যুবসমাজের কার্যকর অংশগ্রহণ,corpus_expansion_5000,0.612674012772604,1,0
v18_0035,রমনায় বোমা মামলায় আরো একজনের সাক্ষ্য,v17_reused,0.0945363922261271,0,0
v18_3541,ঢাকা-আরিচা মহাসড়কে সড়ক দুর্ঘটনা বেড়েছে,corpus_expansion_5000,0.8533025734070446,1,0
v18_2345,হেটমায়ারের সেঞ্চুরির পর কটরেলের ৫ উইকেট,corpus_expansion_5000,0.7755826087477349,1,1
v18_4678,বইমেলা শুধু বই কেনাবেচার জন্য নয়: প্রধানমন্ত্রী,corpus_expansion_5000,0.34062765821255026,0,0
v18_2359,গণতন্ত্রকে ‘দূরের তারা’ বানিয়েছে সরকার: রিজভী,corpus_expansion_5000,0.13970056657254468,0,1
v18_2206,কাশ্মির হামলা: পাকিস্তানকে ‘কড়া জবাবের’ হুমকি ভারতের,corpus_expansion_5000,0.2542805495288393,0,1
v18_3767,বিনা ফি’তে তথ্যপ্রযুক্তিতে প্রশিক্ষণ,corpus_expansion_5000,0.4584341853540602,1,0
v18_1286,তুরস্কে বোমা হামলায় নিহত ৪০,corpus_expansion_5000,0.17491898592996105,0,1
v18_0349,বাবুল আক্তারের শ্যালিকাকে জিজ্ঞাসাবাদ,new_mid_w1_p0,0.34434784309837824,0,0
v18_2137,"ফরিদপুরে মাদ্রাসার ছাত্রীকে ধর্ষণচেষ্টা, গ্রেপ্তার ১",corpus_expansion_5000,0.1379018591530682,0,1
v18_2691,হন্ডুরাসে বিমান দুর্ঘটনায় ৫ জন নিহত,corpus_expansion_5000,0.1353199798207458,0,1
v18_4560,চাঁদপুরে অটোরিকশার ধাক্কায় স্কুলছাত্র নিহত,corpus_expansion_5000,0.32438175186790896,0,0
v18_3967,এভারেস্টেই ঠাঁই পাচ্ছেন হিলারি,corpus_expansion_5000,0.14207605798813674,0,0
v18_1681,"চলন্ত বাসে দুই বোনকে ধর্ষণ, গ্রেপ্তার ৫",corpus_expansion_5000,0.08895751328485209,0,1
v18_4834,৮০ জন শিশুর স্বপ্নপূরণ,corpus_expansion_5000,0.3642962781840987,0,0
v18_1443,"পটিয়ায় আ.লীগের দুই পক্ষের সংঘর্ষ, দুজন ‘গুলিবিদ্ধ’",corpus_expansion_5000,0.28676094612955483,0,1
v18_3243,কুড়িল-পূর্বাচল সড়কের দুই পাশে জলাধার হবে,corpus_expansion_5000,0.2244451184529892,0,0
v18_1671,‘ঢাকায়ও ডাকাতি করে ওরা’,corpus_expansion_5000,0.0945363922261271,0,1
v18_3836,যেকোনো অঙ্কের সমাধান দেবে অ্যাপ,corpus_expansion_5000,0.3451374483123983,0,0
v18_1179,‘সৌদি আরবে হামলার ডাক আইএস নেতার’,corpus_expansion_5000,0.09092991089845483,0,1
v18_2798,রাষ্ট্র আমাকে হত্যার চেষ্টা করছে: ব্রেইভিক,corpus_expansion_5000,0.2671549948850173,0,1
v18_1692,টেকনাফে ‘বন্দুকযুদ্ধে’ নিহত ১,corpus_expansion_5000,0.17921858498670093,0,1
v18_3956,সাইফিনার সন্তানের আগমনে তারকাদের শুভকামনা,corpus_expansion_5000,0.7628608656713506,1,0
v18_0372,শাবিতে কর্মচারীদের কর্মবিরতি,v17_reused,0.28498087863971905,0,0
v18_3610,আইইউবিতে উদ্যোক্তা সৃষ্টি নিয়ে সেমিনার,corpus_expansion_5000,0.1133379569328199,0,0
v18_1916,তুরস্কে সড়ক দুর্ঘটনায় ‘বাংলাদেশিসহ’ নিহত ১৫,corpus_expansion_5000,0.16168680577550357,0,1
v18_1357,সংঘর্ষ: ৪ ঢাবি শিক্ষার্থী বহিষ্কার,corpus_expansion_5000,0.08855440665785252,0,1
v18_1825,কাশ্মীরে ৩৬ ঘণ্টা পর জঙ্গিমুক্ত সেনাশিবির,corpus_expansion_5000,0.16079228470839807,0,1
v18_0786,বিকেল তিনটায় নয়াপল্টনে বিএনপির প্রতিবাদ সমাবেশ,new_mid_w1_p1,0.17128352031931837,0,1
v18_0469,"লন্ডনে বেড়েছে এসিড হামলা, আক্রান্তকে যা করতে হবে",v17_reused,0.16079228470839807,0,0
v18_0140,জনসচেতনা ছাড়া বুড়িগঙ্গাকে বাঁচানো যাবে না: আলোচনায় অভিমত,v17_reused,0.34652982663798376,0,0
v18_0788,চিকিৎসাবঞ্চিত লক্ষাধিক বনজীবী,new_low_w0_pany,0.3463427344564606,0,0
v18_0323,রোজায় ব্যাংক লেনদেন আড়াইটা পর্যন্ত,v17_reused,0.27877354282023104,0,0
v18_0050,‘বিশ্বকাপ ফুটবলে’ জয়ে সূচনা বাংলাদেশের,v17_reused,0.5637715554051462,1,0
v18_0714,স্মৃতির আবেশে মোড়ানো ‘প্রাক্তন’-এর ট্রেইলার,new_high_w1_pany,0.9061586862959701,1,1
v18_4889,সূর্যমুখীর হাসিতে হাসছে উপকূলের কৃষক,corpus_expansion_5000,0.23161318964380054,0,0
v18_2840,মাগুরায় দুর্ঘটনায় ব্যবসায়ী নিহত,corpus_expansion_5000,0.2172433855537376,0,1
v18_2446,"মির্জাপুরে ট্রাক খাদে, নিহত ৩",corpus_expansion_5000,0.19000580961738978,0,1
v18_4813,বান্দরবানে লেকে ভাসছে মৃত বন্যহাতি,corpus_expansion_5000,0.12757451114099105,0,0
v18_4419,ওসি মোয়াজ্জেমকে কি পালানোর সুযোগ দেওয়া হয়েছে: টিআইবি,corpus_expansion_5000,0.2111290296533344,0,0
v18_4596,ডায়াবেটিস সচেতনতায় 'আবুধাবি ওয়াকে' প্রবাসীরা,corpus_expansion_5000,0.2601425988962303,0,0
v18_3015,জয়পুরহাট ও ঠাকুরগাঁওয়ে ২১৪টি চালকলের লাইসেন্স বাতিল,corpus_expansion_5000,0.1302086951041152,0,0
v18_2666,ছাত্রদল সভাপতি ১৬ দিনের রিমান্ডে,corpus_expansion_5000,0.0886111080637226,0,1
v18_0406,"বড়হাটের আস্তানায় মুহুর্মুহু গুলি-বিস্ফোরণ, পুলিশ আহত",new_low_w0_pany,0.15790022315326568,0,0
v18_3724,ফিলিস্তিনে মার্কিন শান্তি পরিকল্পনা এগিয়ে নিতে চান নেতানিয়াহু,corpus_expansion_5000,0.3029290143865458,0,0
v18_1004,বাউল আখড়ায় হামলা: আটক আরও ৩,corpus_expansion_5000,0.1133379569328199,0,1
v18_3787,"অবৈধ পার্কিং, ফুটপাত দখল ও বিপণিবিতানমুখী গাড়ির চাপ",corpus_expansion_5000,0.0945363922261271,0,0
v18_0890,আত্মরক্ষায় গুলি করে র্যাব: সাহারা,corpus_expansion_5000,0.09264914195841377,0,1
v18_2411,‘হিরোইন’ লোভী রাসেল,corpus_expansion_5000,0.7337903366300128,1,1
v18_2545,স্বতন্ত্র সাংসদের গাড়িবহরে হামলা আহত ৫,corpus_expansion_5000,0.15238539930773548,0,1
v18_4833,ভিআইপিদের জন্য আরও যেসব সুবিধা চাই,corpus_expansion_5000,0.4636732487173709,1,0
v18_2390,দেশে আজ সন্ত্রাস নেই বললেই চলে: স্বরাষ্ট্রমন্ত্রী,corpus_expansion_5000,0.16079228470839807,0,1
v18_3940,ঢাকার অর্ধেক এলাকায় সিসি ক্যামেরা থাকবে,corpus_expansion_5000,0.38202705527411746,0,0
v18_0042,হাইকোর্টের রায়ে হতাশ সৌদি আরব,v17_reused,0.13142789600884267,0,0
v18_2830,কুমিল্লায় ‘ডাকাতের গুলিতে ডাকাত’ নিহত,corpus_expansion_5000,0.1386950652494771,0,1
v18_3965,কুকুর–বিড়ালের ক্লিনিক ও পুনর্বাসনকেন্দ্র,corpus_expansion_5000,0.30093381222399707,0,0
v18_0303,নওগাঁয় দেয়াল ধসে নিহত ৩,new_mid_w1_p1,0.17491898592996105,0,1
v18_4513,জিম্বাবুয়েকে হোয়াইটওয়াশই করলো পাকিস্তান,corpus_expansion_5000,0.3648418164228565,0,0
v18_3747,তিন ভাইকে মারধর করলেন আ.লীগ নেতা,corpus_expansion_5000,0.179537253158865,0,0
v18_0664,ভারত-পাকিস্তান দুই দেশের হয়েই ক্রিকেট খেলেছেন যারা,new_mid_w0_p0,0.6229465733397762,1,0
v18_1177,‘বিদ্রোহী’ প্রার্থীর সমর্থকদের ওপর হামলার অভিযোগ,corpus_expansion_5000,0.44083505940892936,1,1
v18_2676,ভারতের উপগ্রহবিধ্বংসী ক্ষেপণাস্ত্র ‘এক মাস আগে ব্যর্থ হয়েছিল’,corpus_expansion_5000,0.11372618185194458,0,1
v18_1947,"নেপালে বিমান বিধ্বস্ত, নিহত ১৫",corpus_expansion_5000,0.1133379569328199,0,1
v18_2501,৫৯৬ কর্মকর্তার বিরুদ্ধে তথ্য কমিশনে অভিযোগ,corpus_expansion_5000,0.30415359576925877,0,1
v18_1473,বিএনপি আরেকটা ১/১১ চাচ্ছে: সুরঞ্জিত,corpus_expansion_5000,0.08913454584987869,0,1
v18_3483,বাজার অস্থিতিশীলের চেষ্টা করলে জেল-জরিমানা,corpus_expansion_5000,0.0945363922261271,0,0
v18_3520,দেশের অর্থনীতির প্রাণ চট্টগ্রাম বন্দরকে সচল রাখতে হবে,corpus_expansion_5000,0.19758548633208034,0,0
v18_2132,কথা না শোনায় স্ত্রীকে হত্যা করলেন স্বামী!,corpus_expansion_5000,0.798023576850161,1,1
v18_1026,‘পাকিস্তানের চলচ্চিত্রশিল্প ধ্বংসের শেষ প্রান্তে’,corpus_expansion_5000,0.7207007827830503,1,1
v18_0961,মার্কিন নারীকে ‘ধর্ষণ’ করেছেন আইএস প্রধান!,corpus_expansion_5000,0.566649730988184,1,1
v18_2889,চট্টগ্রামে গাড়ি দুর্ঘটনায় নিহত ৩,corpus_expansion_5000,0.31354072118734344,0,1
v18_3134,বুড়িগঙ্গাতীরে ৭ বিঘা জমি ভরাট করে বালু ব্যবসা,corpus_expansion_5000,0.09381680697207442,0,0
v18_2009,চট্টগ্রামে লকডাউন ভাঙ্গায় ৬৫ মামলা জরিমানা,corpus_expansion_5000,0.20097616948019106,0,1
v18_2149,কুমিল্লায় দুই কিশোরী ধর্ষণের মামলায় গ্রেপ্তার ১,corpus_expansion_5000,0.17081116047874473,0,1
v18_3323,পণ্যবাহী কন্টেইনার যথাসময়ে বন্দরে পৌঁছানোর দাবি,corpus_expansion_5000,0.16079228470839807,0,0
v18_2338,দশ দিন অনুপস্থিত থাকলেই জঙ্গি নয়: নাহিদ,corpus_expansion_5000,0.09309384707654392,0,1
v18_3888,নতুন অপারেটিং সিস্টেম আনছে এআরএম,corpus_expansion_5000,0.3921913672632442,0,0
v18_0304,কম জায়গায় নড়াচড়া নেই অন্যের কাঁধে পা দিয়ে ঘুম,new_mid_w0_p1,0.2601425988962303,0,0
v18_1440,অগ্নি ‘কোহলি’ শর্মা,corpus_expansion_5000,0.7134393218065029,1,1
v18_1496,রেইনট্রিতে ধর্ষণ: ‘গ্রেপ্তারদের মুক্তির’ মোনাজাত করে পালালেন ইমাম,corpus_expansion_5000,0.42509906497005717,1,1
v18_2652,উড়িষ্যায় ১০ পুলিশকে হত্যা করল মাওবাদীরা,corpus_expansion_5000,0.1133379569328199,0,1
v18_2875,প্রতারক বিডারদের মুশফিকের ধিক্কার,corpus_expansion_5000,0.4115563896977272,0,1
v18_0916,রংপুরে হঠাৎ বেড়েছে ধর্ষণ,corpus_expansion_5000,0.24348059532773988,0,1
v18_4182,সিরিয়ার বিদ্রোহীদের নিজেদের পথ দেখতে বলল যুক্তরাষ্ট্র,corpus_expansion_5000,0.0945363922261271,0,0
v18_3721,ব্যাংক শাখার আয়তন ও ইজারার সময় বাড়ল,corpus_expansion_5000,0.3451374483123983,0,0
v18_2772,মা-ছেলে হত্যা: নারায়ণগঞ্জে ২ জনের মৃত্যুদণ্ড,corpus_expansion_5000,0.18704031653185355,0,1
v18_1624,"পুলিশের সঙ্গে ‘বন্দুকযুদ্ধ’, ১১ মামলার আসামি নিহত",corpus_expansion_5000,0.22093957191103689,0,1
v18_3837,দক্ষ কর্মকর্তার ঘাটতিতে দুদক: চেয়ারম্যান,corpus_expansion_5000,0.09268088860926034,0,0
v18_0821,জঙ্গিবাদ পৃষ্ঠপোষকতায় সক্রিয় বিএনপি-জামায়াত: মেনন,corpus_expansion_5000,0.2474785961551683,0,1
v18_3964,"লক্ষ্মীপুরে মৎস্য, নোয়াখালীতে খাদ্য অফিসে আগুন",corpus_expansion_5000,0.2601425988962303,0,0
v18_1354,‘অপহরণকারী’ সন্দেহে তিনজনকে পিটিয়ে হত্যা,corpus_expansion_5000,0.17491898592996105,0,1
v18_4497,পদ্মা-যমুনায় বাড়ছে পানি,corpus_expansion_5000,0.2564534223817273,0,0
v18_0850,যশোর কিশোর উন্নয়ন কেন্দ্রে বন্দির ‘আত্মহত্যা’,corpus_expansion_5000,0.27849256903824865,0,1
v18_1000,ননদ-ভাবিকে গণধর্ষণ : চারজনের যাবজ্জীবন,corpus_expansion_5000,0.10748178687737098,0,1
v18_3377,চিকেন বল ও স্পাইসি রাইস বল,corpus_expansion_5000,0.55615498640238,1,0
v18_0018,কাল থেকে এলিফ্যান্ট রোডে আইসিটি মেলা,new_high_w1_pany,0.5183996245966117,1,0
v18_1637,"‘ধর্ষণে’ শিশুর জন্ম, কিশোরীর মামলা নেয়নি পুলিশ",corpus_expansion_5000,0.3880656032218425,0,1
v18_1667,"সিরাজগঞ্জে শিশুকে ‘ধর্ষণের চেষ্টা’, মামলা দায়ের",corpus_expansion_5000,0.18095321637150846,0,1
v18_0493,‘ব্লগার হত্যা বিএনপি-জামায়াতের শেষ আক্রমণ’,v17_reused,0.3135201712520547,0,0
v18_1347,আফগানিস্তানে আত্মঘাতী বোমায় ৫ পুলিশ নিহত,corpus_expansion_5000,0.1133379569328199,0,1
v18_3727,বিয়ের পিঁড়িতে শ্রীশান্ত,corpus_expansion_5000,0.7186148953613114,1,0
v18_4825,তামিমের ১০ হাজার রান চান হাবিবুল,corpus_expansion_5000,0.4004148719907984,0,0
v18_3614,ঈদযাত্রা: বন্যার প্রভাবে কমছে উত্তরের বাস ট্রিপ,corpus_expansion_5000,0.15880012613761846,0,0
v18_3481,রোহিঙ্গাদের ন্যায্য অধিকার ফিরে পেতে ওআইসি সর্বাত্মক সহযোগিতা দেবে,corpus_expansion_5000,0.17676904543853578,0,0
v18_0687,সিলেটে হিযবুত তাহরীরের মিছিল,new_mid_w1_p1,0.13433049655688195,0,1
v18_3731,লকডাউনের সময় ভিটামিন ডি গ্রহণের পরামর্শ বিশেষজ্ঞদের,corpus_expansion_5000,0.23226173676668999,0,0
v18_1608,আগস্টে ১০২ নারী ধর্ষণের শিকার,corpus_expansion_5000,0.1516076820149115,0,1
v18_4084,নারী আসন আরও ২৫ বছর বিধান রেখে সংবিধান সংশোধনী বিল পাস,corpus_expansion_5000,0.09226008857726449,0,0
v18_3402,ধর্মান্তর ঠেকাতে মসজিদ-মাদরাসা জরুরি,corpus_expansion_5000,0.10211997827926901,0,0
v18_1009,স্বস্তিকার ‘আত্মহত্যার চেষ্টা’,corpus_expansion_5000,0.8289922386607282,1,1
v18_2408,‘ফারুকী হত্যার বিষয়ে জানত জেএমবি সদস্যরা’,corpus_expansion_5000,0.16030025523256217,0,1
v18_1092,শিশুকে বিক্রির পর ‘চুরির নাটক’,corpus_expansion_5000,0.45695316866104163,1,1
v18_1327,চাঞ্চল্যকর ৭ খুন,corpus_expansion_5000,0.9936447029379689,1,1
v18_1677,গোলাগুলিতে এক ‘ডাকাত’ নিহত গুলিবিদ্ধ ২,corpus_expansion_5000,0.22311587068072297,0,1
v18_1999,"টঙ্গীতে তাবলীগের সংঘর্ষে মামলা, আসামি ২৫ হাজার",corpus_expansion_5000,0.0945363922261271,0,1
v18_1310,অতঃপর প্রকাশ্যে ‘এরিয়া ৫১’,corpus_expansion_5000,0.4162918217506515,0,1
v18_3258,বিশ রোজার মধ্যে শ্রমিকদের বেতন-বোনাস পরিশোধের দাবি,corpus_expansion_5000,0.10145866979272927,0,0
v18_1987,খালেদা জিয়ার দুর্নীতি মামলার পরবর্তী সাক্ষ্যগ্রহণ ১৫ অক্টোবর,corpus_expansion_5000,0.32885607572943965,0,1
v18_3648,'অবাধ্য সন্তান' আমিন খান,corpus_expansion_5000,0.7999872051082617,1,0
v18_0344,জোয়ার সাহারা-বাড্ডা এলাকার জমি অবমুক্ত করার সিদ্ধান্ত হয়নি,new_mid_w0_p0,0.0945363922261271,0,0
v18_4482,বরিশাল মৎস্য অবতরণ কেন্দ্রে শূন্যতা,corpus_expansion_5000,0.2202921804174737,0,0
v18_0986,বিয়েবাড়িতে হামলা,corpus_expansion_5000,0.857358402957619,1,1
v18_4544,আমার কাজ গোল করার চেয়ে বেশি কিছু: লুকাকু,corpus_expansion_5000,0.3921913672632442,0,0
v18_3807,কুমিল্লার নামেই কুমিল্লা বিভাগ হবে -আইনমন্ত্রী,corpus_expansion_5000,0.0945363922261271,0,0
v18_4523,বুদ্ধিজীবী স্মৃতিসৌধে রাষ্ট্রপতি ও প্রধানমন্ত্রীর শ্রদ্ধা,corpus_expansion_5000,0.39005198395457485,0,0
v18_4002,ইয়াসুকুনি সমাধি পরিদর্শন নাকচ করলেন জাপানের প্রধানমন্ত্রী,corpus_expansion_5000,0.18169401678403652,0,0
v18_3091,"ভূমি আইন ও বিধিতে সমস্যা আছে, সংস্কারের সুপারিশ",corpus_expansion_5000,0.11121782421578802,0,0
v18_3961,ভোটের যুদ্ধেও আবাহনী-মোহামেডান,corpus_expansion_5000,0.33479127664861597,0,0
v18_1142,শিশু ধর্ষণ: ঢাকায় একজনের যাবজ্জীবন,corpus_expansion_5000,0.29547122136686543,0,1
v18_2358,আর ‘ওয়াটার বোর্ডিং’ নয়: সিআইএ–প্রধান,corpus_expansion_5000,0.30093381222399707,0,1
v18_1198,নুসরাত হত্যা: অতিরিক্ত জেলা ম্যাজিস্ট্রেটের ‘নিষ্ক্রিয়তা’ তদন্তের নির্দেশ,corpus_expansion_5000,0.17150751268632555,0,1
v18_0085,বাঁধ বিরোধী আন্দোলনকারী খুনে জ্বালানি কোম্পানির নির্বাহী আটক,new_mid_w0_p0,0.17921858498670093,0,0
v18_1518,১৫ দিনের মধ্যে ইরানে হামলার নির্দেশ দেন নেতানিয়াহু!,corpus_expansion_5000,0.6759874883291183,1,1
v18_0516,বছরে ১২ হাজার কোটি টাকা কর ফাঁকি দেয় বাংলাদেশে কর্মরত বিদেশিরা: টিআইবি,v17_reused,0.0945363922261271,0,0
v18_1381,বাগমারায় পুলিশের সঙ্গে ‘বন্দুকযুদ্ধে’ নিহত ১,corpus_expansion_5000,0.21113332559758566,0,1
v18_2716,সড়ক দুর্ঘটনায় ৬ পুলিশ সদস্য আহত,corpus_expansion_5000,0.15615391165301176,0,1
v18_3084,ইনোভেডিয়াসের ইউটিউব ব্র্যান্ড অ্যাম্বাসেডর হলেন সোহাগ মিয়া,corpus_expansion_5000,0.3921913672632442,0,0
v18_1014,জঙ্গি দমনে উদাহরণ সৃষ্টি : তথ্যমন্ত্রী,corpus_expansion_5000,0.3146615032205769,0,1
v18_0128,শেরপুরে অপহৃত কলেজ ছাত্রী ময়মনসিংহে উদ্ধার,v17_reused,0.13166536003795398,0,0
v18_1364,মানব হত্যা মহাপাপ,corpus_expansion_5000,0.9170634400849348,1,1
v18_3623,বাজেট বাস্তবায়নই বড় চ্যালেঞ্জ: আম্বিয়া,corpus_expansion_5000,0.17556057585665213,0,0
v18_4970,ছবিসহ সতর্কতা না থাকায় ঢাকা টোব্যাকোর জরিমানা,corpus_expansion_5000,0.17491898592996105,0,0
v18_0891,ফারুকী হত্যা: সরকারকে আহলে সুন্নাতের ‘আল্টিমেটাম’,corpus_expansion_5000,0.12921497622897038,0,1
v18_2793,ব্যবসায়ীকে গুলি করে ১৩ লাখ টাকা ছিনতাই,corpus_expansion_5000,0.18399935453925217,0,1
v18_4238,বাংলাদেশের নতুন মানচিত্র চান নিলু,corpus_expansion_5000,0.2527473384693233,0,0
v18_1359,'বিচারে বাধা দিতে জামায়াতের নাশকতা',corpus_expansion_5000,0.1688892184147768,0,1
v18_0307,বড় দুশ্চিন্তা রাজস্ব আদায়,new_mid_w0_p0,0.3886600208139076,0,0
v18_1661,পেট্রোলের আগুনে ‘স্ত্রীকে হত্যা’,corpus_expansion_5000,0.3586461204198161,0,1
v18_2431,রংপুরে যুবককে গলাকেটে হত্যা,corpus_expansion_5000,0.25164664892226296,0,1
v18_3934,বাংলাদেশে বিনিয়োগ ও বাণিজ্য নিয়ে সেমিনার হচ্ছে কানাডায়,corpus_expansion_5000,0.16079228470839807,0,0
v18_1317,‘জঙ্গি’ সংশ্লিষ্টতায় রিয়াসাতকে গ্রেফতার করেছে র্যাব,corpus_expansion_5000,0.45598911548315474,1,1
v18_4303,বিয়ের পিঁড়িতে বসছেন কারিশমা,corpus_expansion_5000,0.7628608656713506,1,0
v18_2474,মক্কায় দেয়াল ধসে ৬ বাংলাদেশী নিহত,corpus_expansion_5000,0.10356039088419995,0,1
v18_2542,ঘুষ চাওয়ায় ২ এসআইয়ের বিরুদ্ধে মামলা,corpus_expansion_5000,0.0945363922261271,0,1
v18_1246,ফরিদপুরে ছেলেকে ‘হত্যার পর’ মায়ের ‘আত্মহত্যা’,corpus_expansion_5000,0.1353199798207458,0,1
v18_1208,চলন্ত বাসে ‘ধর্ষণের পর হত্যা’: মানববন্ধনে শাস্তি দাবি,corpus_expansion_5000,0.1529999444070336,0,1
v18_0216,কৃষক বাবুল হত্যা রহস্য উন্মোচন,new_low_w0_pany,0.7731398223594247,1,0
v18_4292,বাড়ি থেকে বের হচ্ছেন না তাপস পাল,corpus_expansion_5000,0.5949902477013599,1,0
v18_3062,এক কোটি টাকা ক্ষতিপূরণ দেওয়া উচিত,corpus_expansion_5000,0.5127686169846464,1,0
v18_1239,যুবলীগকর্মী রকি হত্যার নেপথ্যে ঝুট ব্যবসা!,corpus_expansion_5000,0.5343196303265172,1,1
v18_2289,বরিশালে আরো ১০০ গুলি উদ্ধার,corpus_expansion_5000,0.2060688837501653,0,1
v18_2740,"বিয়ের ‘টোপ’ দিয়ে অপহরণ, মিরপুরে ব্যবসায়ী উদ্ধার",corpus_expansion_5000,0.7453296568641017,1,1
v18_0275,ফতুল্লায় পাওনা টাকা চাওয়ায় কুকুর দিয়ে নির্যাতন,new_mid_w1_p1,0.5602072154200267,1,1
v18_0489,মাজদার হোসেন মামলায় পরবর্তী আদেশ ১৫ নভেম্বর,v17_reused,0.0945363922261271,0,0
v18_1035,ছিনতাইয়ের কৌশলে হত্যা!,corpus_expansion_5000,0.9458137126631405,1,1
v18_1229,পুনর্মিলনী ১৫ মে,corpus_expansion_5000,0.11799929209559501,0,1
v18_4585,লক্ষ্মীপুরে ছাত্রলীগের সংর্ঘষের ঘটনায় বহিষ্কার ৪,corpus_expansion_5000,0.36167968966794356,0,0
v18_1008,"ডাকাত সন্দেহে গণপিটুনি, নিহত ১",corpus_expansion_5000,0.1353199798207458,0,1
v18_4689,বিয়ের এক মাসেই ফরিদগঞ্জে নিজ গায়ে আগুন দিল নববধূ,corpus_expansion_5000,0.625404060151702,1,0
v18_4026,ভারতের সঙ্গে পাকিস্তানকেও বিশ্বকাপের সেমিতে দেখছেন সৌরভ,corpus_expansion_5000,0.7096468676471739,1,0
v18_3182,ক্রমেই উত্তাল হচ্ছে উপক‚লের নদ-নদী নৌ-রুটের যাত্রীরা চরম ঝুঁকির মুখে,corpus_expansion_5000,0.9557803858825213,1,0
v18_2532,জম্মু-কাশ্মীরে ভারতীয় সেনাসহ নিহত ৫,corpus_expansion_5000,0.2060688837501653,0,1
v18_4169,৩০ হাজার মুক্তিযোদ্ধা পাবে এমআর সনদ,corpus_expansion_5000,0.45558742060634794,1,0
v18_1058,ছাত্রীর আত্মহত্যা: মামলায় সাংবাদিকসহ আসামি ৬,corpus_expansion_5000,0.26092252728168924,0,1
v18_2166,এমসি কলেজে গণধর্ষণ: তারেক ও মাসুমের স্বীকারোক্তিমূলক জবানবন্দি,corpus_expansion_5000,0.10662490912122989,0,1
v18_4578,ইয়ানুরকেও বাঁচানো গেল না,corpus_expansion_5000,0.44997700126851603,1,0
v18_0281,ইউপি নির্বাচনে সরকারের সহযোগিতা পায়নি ইসি: সুজন,new_mid_w0_p0,0.18018334642021447,0,0
v18_3565,"এডিপি ২ লাখ কোটি টাকার, সর্বোচ্চ বরাদ্দ পরিবহনে",corpus_expansion_5000,0.1438895168710474,0,0
v18_1316,"দাউদকান্দিতে হামলা, আহত ২",corpus_expansion_5000,0.1353199798207458,0,1
v18_4978,প্লেন খোঁজার প্রযুক্তিগুলো,corpus_expansion_5000,0.4455216645784503,1,0
v18_0968,‘বিচারহীনতা সন্ত্রাসবাদকে উৎসাহিত করছে’,corpus_expansion_5000,0.29292126276683517,0,1
v18_3126,ব্র্যাক ব্যাংকে নিয়োগে কেন্দ্রীয় ব্যাংকের নির্দেশনা উপেক্ষা,corpus_expansion_5000,0.0945363922261271,0,0
v18_3920,পাবলিক পরীক্ষার সময় কমছে,corpus_expansion_5000,0.15948822064619705,0,0
v18_3166,"কাঁচাপাট রপ্তানি হবে, নিষেধাজ্ঞা প্রত্যাহার",corpus_expansion_5000,0.2601425988962303,0,0
v18_3519,'আইরিশদের উইন্ডিজ জয় বিস্ময় হবে না',corpus_expansion_5000,0.3921913672632442,0,0
v18_0619,আসছে চন্দ্রবিন্দু,new_low_w0_pany,0.7813849355968113,1,0
v18_3346,বেসরকারি চাকরিজীবীদের রিটার্ন দিতেই হবে,corpus_expansion_5000,0.3451374483123983,0,0
v18_1742,এবার লাশের বুকে লেখা ‘ধর্ষকেরা সাবধান—হারকিউলিস’,corpus_expansion_5000,0.08978906165502865,0,1
v18_1390,ঢাকা-৬: হারিকেনের এজেন্টদের মারধরের অভিযোগ,corpus_expansion_5000,0.1549447378721334,0,1
v18_4050,আমি দূর হতে বঙ্গবন্ধুকন্যার কর্মের প্রশংসা করছি,corpus_expansion_5000,0.4616774322215451,1,0
v18_1847,‘ক্যারিয়ার’ শেষ মঈন খানের!,corpus_expansion_5000,0.9177526859220754,1,1
v18_1579,‘তোর আশিকি’- এ কোন ফারিয়া!,corpus_expansion_5000,0.9637693471999705,1,1
v18_1655,’৯৬ শেয়ার কেলেঙ্কারিতিন জনের বিরুদ্ধে মামলা চলবে,corpus_expansion_5000,0.7356105907957158,1,1
v18_2352,চট্টগ্রামে আবার ডেঙ্গু আতঙ্ক,corpus_expansion_5000,0.3451374483123983,0,1
v18_2212,"ব্যাডমিন্টন খেলায় সংঘর্ষ, ছাত্রলীগনেতাসহ আহত ৭",corpus_expansion_5000,0.17816048182871552,0,1
v18_2020,কুষ্টিয়ায় সাব-রেজিস্ট্রার হত্যা: ২ কর্মচারী আটক,corpus_expansion_5000,0.35334675295551243,0,1
v18_4972,এবি ব্যাংক শেয়ার কেলেঙ্কারির খবরে পুঁজিবাজারে মন্দা,corpus_expansion_5000,0.8647148386764033,1,0
v18_1956,ইয়েমেনে বিমান হামলায় ‘নিহত ৩০’,corpus_expansion_5000,0.16804816347286713,0,1
v18_1307,আবারও আদিত্য আবারও মারপিটের অভিযোগ!,corpus_expansion_5000,0.8325933756623927,1,1
v18_2003,চাঁপাইনবাবগঞ্জে শহীদ মিনারে বিস্ফোরণে নিহত ১,corpus_expansion_5000,0.14028993660786881,0,1
v18_4455,মিরপুরে চুরি হওয়া স্বর্ণের মধ্যে ২শ' ভরি উদ্ধার,corpus_expansion_5000,0.34088791434345983,0,0
v18_0575,কটিয়াদীতে ফার্মেসিতে অভিযানে ভুয়া নারী ম্যাজিস্ট্রেট!,v17_reused,0.43131946097737195,1,0
v18_4089,চট্টগ্রামে চোরাই গার্মেন্টস পণ্য উদ্ধার,corpus_expansion_5000,0.16079228470839807,0,0
v18_4319,আবারও অ্যাপল-নকিয়া দ্বৈরথ,corpus_expansion_5000,0.28488363158836005,0,0
v18_4436,লোহাগাড়া-খাগড়াছড়িতে ইটভাটার বিরুদ্ধে অভিযান,corpus_expansion_5000,0.1353199798207458,0,0
v18_1706,মারা যাবেন ‘হুররাম সুলতান’!,corpus_expansion_5000,0.7929023714352891,1,1
v18_3742,ভোটের মাধ্যমেই নেতৃত্ব নির্ধারণ,corpus_expansion_5000,0.20541108736259658,0,0
v18_3470,পর্যটনশিল্পের বিকাশে প্রয়োজন সমন্বিত উদ্যোগ,corpus_expansion_5000,0.0945363922261271,0,0
v18_1280,‘বিয়ের প্রলোভনে ধর্ষণে’ মামলা,corpus_expansion_5000,0.6805237002591247,1,1
v18_0861,গাজায় হামলা কেন?,corpus_expansion_5000,0.7690400041847572,1,1
v18_4145,‘চ্যাম্পিয়ন অব স্কিলস ডেভেলপমেন্ট ফর ইয়ুথ’সম্মাননায় ভূষিত প্রধানমন্ত্রী,corpus_expansion_5000,0.5994351863163495,1,0
v18_1801,বিভিন্ন স্থানে দুর্ঘটনায় নিহত ১০ আহত ১৬,corpus_expansion_5000,0.09205664450878451,0,1
v18_1628,মিশরে গাড়িবোমা হামলায় নিহত ৬,corpus_expansion_5000,0.251784049039197,0,1
v18_1993,আজ ত্রিতরঙ্গের ‘রবির কর’,corpus_expansion_5000,0.28008474130873345,0,1
v18_2639,পিকেকে অবসর নিতে বলা হচ্ছে!,corpus_expansion_5000,0.8968277237448956,1,1
v18_0269,জার্মানির বিপক্ষে প্রতিশোধের আশায় গোটা ব্রাজিল,new_low_w0_pany,0.4413369854724032,1,0
v18_0629,বিএনপির নেতৃত্বের রাজনৈতিক দেউলিয়াত্বের বহিঃপ্রকাশ,v17_reused,0.28723226255857187,0,0
v18_3081,অক্টোবরেই চালু হচ্ছে বিমানের মদিনা ফ্লাইট,corpus_expansion_5000,0.29440767111094635,0,0
v18_2334,চকরিয়ায় কলেজছাত্রীকে ধর্ষণের অভিযোগ,corpus_expansion_5000,0.15142225308135454,0,1
v18_2966,মাদকের বিরুদ্ধে সচেতনতার পাশাপাশি অভিযানও চলবে -স্বরাষ্ট্রমন্ত্রী,corpus_expansion_5000,0.16079228470839807,0,0
v18_0300,এ কে এম সামসুজ্জোহার মৃত্যুবার্ষিকী আজ,new_mid_w1_p1,0.4577718444251897,1,1
v18_0459,বগুড়ায় অস্ত্রসহ আটক ১,new_mid_w1_p1,0.1670376321608323,0,1
v18_1447,‘প্রতিবন্ধী’ ছেলেকে কুপিয়ে হত্যা করলেন মা,corpus_expansion_5000,0.0945363922261271,0,1
v18_1472,দুর্নীতির দায়ে বাদ টিটি!,corpus_expansion_5000,0.8103469848173168,1,1
v18_2046,গুয়েতেমালায় বাস-ট্রাক সংঘর্ষে নিহত ২১,corpus_expansion_5000,0.2060688837501653,0,1
v18_4228,আগামী বছরের শুরুতে স্মার্ট কার্ড: সংসদে মন্ত্রী,corpus_expansion_5000,0.31465785094721327,0,0
v18_3764,দিনাজপুরে বিএনপির ২৮১ কর্মীর আ.লীগে যোগদান,corpus_expansion_5000,0.17888742480736192,0,0
v18_2113,"গোড়ানে বাসায় ডাকাতি, ২ জনকে কুপিয়ে আহত",corpus_expansion_5000,0.13246769876087705,0,1
v18_0027,গর্তে পড়ল কোরবানির গরু; উদ্ধারে ফায়ার সার্ভিস,new_mid_w0_p0,0.1239110617250224,0,0
v18_3839,সহজ কাজে ওজন কমান,corpus_expansion_5000,0.3877504015409701,0,0
v18_4522,ঝিনাইদহ-১ আসনে বিএনপি প্রার্থীর গাড়ি বহরে হামলা মাইক্রোবাস ও মোটরসাইকেল ভাংচুর,corpus_expansion_5000,0.10724657384242221,0,0
v18_0837,ঘুষ কান্ডে তোলপাড়,corpus_expansion_5000,0.8138787715148491,1,1
v18_3826,যমজ সন্তানের মা হচ্ছেন বিয়ন্সে,corpus_expansion_5000,0.5842299967955413,1,0
v18_2008,জঙ্গি নেতা জালালুদ্দিন হাক্কানি মারা গেছেন,corpus_expansion_5000,0.16079228470839807,0,1
v18_4907,বল করতে পা পিছলে পড়ে যান মোহাম্মদ আমির,corpus_expansion_5000,0.28008474130873345,0,0
v18_0503,বিকল্প রাজনৈতিক শক্তি গড়ার আহ্বান সিপিবির,v17_reused,0.48966132152579944,1,0
v18_3206,ইবতেদায়ি মাদ্রাসা শিক্ষকদের বেতন প্রদানসহ ৯ দফা দাবি,corpus_expansion_5000,0.1510703546236744,0,0
v18_4304,প্রতিবাদে কয়েক হাজার মানুষের মানববন্ধন,corpus_expansion_5000,0.18020082663894488,0,0
v18_0380,তৃতীয় রাউন্ডে জোকোভিচ,v17_reused,0.4413369854724032,1,0
v18_1851,আওয়ামী লীগ কেলেঙ্কারির ‘ধাত্রীমাতা’ : রিজভী,corpus_expansion_5000,0.8430379220936498,1,1
v18_1525,বব ডিলান ‘অশিষ্ট ও উদ্ধত’!,corpus_expansion_5000,0.8810309912650127,1,1
v18_2365,রশিদ খান কোনো ‘ফ্যাক্টর’ নয়: মাশরাফি,corpus_expansion_5000,0.6542513843327843,1,1
v18_4147,জনগণ সংসদের আগে স্থানীয় নির্বাচন চায়: ফখরুদ্দীন,corpus_expansion_5000,0.21393493130447327,0,0
v18_3052,"যমুনার পানি বৃদ্ধি, জামালপুরে বন্যা পরিস্থিতির অবনতি",corpus_expansion_5000,0.2499706087904228,0,0
v18_2884,বগুড়ায় ইমামকে কুপিয়ে হত্যা,corpus_expansion_5000,0.327376953254207,0,1
v18_2340,"টিভিসূচি (রোববার, ২৪ নভেম্বর’১৩)",corpus_expansion_5000,0.9299249078685765,1,1
v18_0374,ঢাকাই চলচ্চিত্রের মুভি মোগল এ কে এম জাহাঙ্গীর খান,new_high_w1_pany,0.8761153520309891,1,1
v18_3260,শিক্ষক–কর্মচারীরা বেতন-ভাতা পান না পাঁচ মাস,corpus_expansion_5000,0.0945363922261271,0,0
v18_2381,সাত কলেজ: শাহবাগে সংঘর্ষের মামলায় প্রতিবেদন পেছাল,corpus_expansion_5000,0.11899306097647908,0,1
v18_4309,বিপর্যস্ত ইস্পাত ব্যবসা,corpus_expansion_5000,0.20347726995080836,0,0
v18_0939,ধর্ষণকারীদের ‘ক্রসফায়ারে’ চান জাপা এমপি,corpus_expansion_5000,0.21734621341070942,0,1
v18_4198,"হাতে খেলনা, লড়াই ক্যানসারের সঙ্গে",corpus_expansion_5000,0.29185730548280786,0,0
v18_4165,সাবেক পুলিশ কর্মকর্তা সৈয়দ বজলুল করিম অবৈধ সম্পদ মামলায় কারাগারে,corpus_expansion_5000,0.0945363922261271,0,0
v18_2799,আসছে টেলিছবি ‘খোলা জানালা’,corpus_expansion_5000,0.8551460124766889,1,1
v18_2147,বার্লিনে লকডাউনবিরোধী বিক্ষোভ থেকে আটক ৩০০,corpus_expansion_5000,0.24580312834896165,0,1
v18_3817,শুধু ঈদের আগে রিকশা চালান তাঁরা,corpus_expansion_5000,0.21086861733993073,0,0
v18_4540,বান্দরবানে সকাল-সন্ধ্যা হরতাল চলছে,corpus_expansion_5000,0.4154954659600304,0,0
v18_4216,নিশ্চয়ই রাষ্ট্রপতি ক্ষমা করতে পারেন না: ইমরান,corpus_expansion_5000,0.17422524334032757,0,0
v18_2068,রিফাত হত্যা: হাইকোর্টে জামিন পেলেন মিন্নি,corpus_expansion_5000,0.13107833668650262,0,1
v18_0529,যে কথা যায় না বলা...,new_low_w0_pany,0.613573783181372,1,0
v18_4604,অসুস্থ চার শিল্পীকে প্রধানমন্ত্রীর অর্থ সহায়তা,corpus_expansion_5000,0.8487274716908,1,0
v18_0636,মহাকাশবিজ্ঞান নিয়ে আয়োজন,new_mid_w0_p0,0.9054890794443278,1,0
v18_1269,‘বেড়েই চলেছে হত্যা-ধর্ষণ’,corpus_expansion_5000,0.08899607809524344,0,1
v18_0185,করোনা প্রমাণ করল ভালোবাসার শক্তি অনেক বেশি: মাশরাফি,v17_reused,0.5917945251976683,1,0
v18_4349,বিদেশ থেকে ঋণ নেওয়ায় নিষেধাজ্ঞা প্রত্যাহারের অনুরোধ,corpus_expansion_5000,0.11457673533787811,0,0
v18_3179,পর্যটনের অপার সম্ভাবনায় উত্তর চট্টগ্রাম,corpus_expansion_5000,0.10789853279053614,0,0
v18_3454,"৯ নদীর পানি বিপদ সীমার ওপরে, বন্যার অবনতি",corpus_expansion_5000,0.13396660839906327,0,0
v18_1797,"বানিয়াচংয়ে দু’পক্ষের সংঘর্ষে নিহত ১, আহত ২৫",corpus_expansion_5000,0.19000580961738978,0,1
v18_2979,"উড়িষ্যা ও নেপালে বন্যায় প্রাণহানি ৩৩, গৃহহীন হাজার হাজার মানুষ",corpus_expansion_5000,0.0945363922261271,0,0
v18_1441,ধর্ষণের অভিযোগে ‘ভণ্ড পীর’ গ্রেপ্তার,corpus_expansion_5000,0.15130778803211262,0,1
v18_3427,এডিপি বাস্তবায়নে পিছিয়ে স্বরাষ্ট্র মন্ত্রণালয়,corpus_expansion_5000,0.1294690000819236,0,0
v18_4874,ওমানে বাংলাদেশের ফুটবলাররা,corpus_expansion_5000,0.4413369854724032,1,0
v18_1535,প্রেমের শাস্তি গণধর্ষণ!,corpus_expansion_5000,0.9224133719441009,1,1
v18_3443,"সকাল-দুপুরের খাবার রান্না হয় রাতে, রাতের জন্য বিকেলে",corpus_expansion_5000,0.3425481180455554,0,0
v18_1273,ধর্ষণের ঘটনায় পুলিশের এসআই রিমান্ডে,corpus_expansion_5000,0.08922532913407681,0,1
v18_2467,"সড়ক দুর্ঘটনায় চারজন নিহত, আহত ৩৯",corpus_expansion_5000,0.2060688837501653,0,1
v18_0607,ব্যাংক খাতের সংকট নিয়ে জরুরি বৈঠকে অর্থমন্ত্রী,new_high_w1_pany,0.5613928756465806,1,1
v18_3513,ব্যাংকিং খাতে শৃঙ্খলা নিশ্চিত করা হচ্ছে,corpus_expansion_5000,0.1133379569328199,0,0
v18_1712,জঙ্গিবিরোধী অভিযানে গ্রেপ্তার ১৭৬,corpus_expansion_5000,0.16079228470839807,0,1
v18_2199,টঙ্গীতে বাসচাপায় বৃদ্ধা নিহত,corpus_expansion_5000,0.46265336235897875,1,1
v18_0955,প্রধান আসামিতে ‘আটকে’ আদনান হত্যার তদন্ত,corpus_expansion_5000,0.1674245054418044,0,1
v18_2579,‘সিংহাসনে’ বসতে বাংলাদেশকেই বেছে নেবেন টেলর?,corpus_expansion_5000,0.9558788656983287,1,1
v18_3897,সরকারি কোষাগার থেকে বেতন-ভাতা দেওয়ার দাবি,corpus_expansion_5000,0.0906724302709322,0,0
v18_4425,ব্র্যাক ব্যাংকের বাজেট ও কর্মকৌশল সভা,corpus_expansion_5000,0.32393754926875235,0,0
v18_3380,বিলে বাঁধ দিয়ে ইউপি সদস্যের মাছ চাষ,corpus_expansion_5000,0.09087249753497764,0,0
v18_3685,ঢাকা-দিল্লি রুটে ফের বিমানের ফ্লাইট,corpus_expansion_5000,0.30093381222399707,0,0
v18_0403,"লেভেল ক্রসিংয়ে কভার্ড ভ্যান, ট্রেনের ধাক্কায় নিহত ৪",v17_reused,0.16079228470839807,0,0
v18_2071,পিরোজপুরে হামলায় যুবদল নেতা আহত,corpus_expansion_5000,0.09049388979642847,0,1
v18_4755,ক্রোমবুকে আসছে গুগল অ্যাসিস্টেন্ট,corpus_expansion_5000,0.4765584566896055,1,0
v18_1977,রাজধানীতে নাশকতায় গ্রেপ্তার ৩২,corpus_expansion_5000,0.19945722193903265,0,1
v18_0158,৫০ভাগ নাগরিক অনলাইন সেবা বঞ্চিত,new_mid_w1_p0,0.0945363922261271,0,0
v18_1748,ইরানে সৌদি-ইসরায়েল হামলা পরিকল্পনা!,corpus_expansion_5000,0.8033528119458268,1,1
v18_2909,"ধরপাকড়ে দুশ্চিন্তা, স্থায়ী নাগরিকত্ব চান তাঁরা",corpus_expansion_5000,0.16079228470839807,0,0
v18_3534,থাইল্যান্ড-মালয়েশিয়া যেখানে এগিয়ে,corpus_expansion_5000,0.4022159462003973,0,0
v18_0902,৩১ মোটরসাইকেলসহ প্রতারক গ্রেফতার,corpus_expansion_5000,0.16079228470839807,0,1
v18_0352,পেলের পরেই ব্রাজিলের সর্বকালের সেরা নেইমার!,v17_reused,0.7929023714352891,1,0
v18_1230,জঙ্গি ইস্যুতে চাপা উদ্বেগ আ’লীগে,corpus_expansion_5000,0.10675720451393979,0,1
v18_4670,কারাগারে স্বেচ্ছাসেবক দল সভাপতি শফিউল বারী,corpus_expansion_5000,0.20281343892974146,0,0
v18_2140,দুই জেলায় দুর্ঘটনায় ৬ জন নিহত,corpus_expansion_5000,0.22311587068072297,0,1
v18_0444,অক্সফোর্ডের তৈরি করোনার টিকা ব্যবহার শুরু হবে ভারতেও,new_mid_w0_p0,0.23513552209024569,0,0
v18_4948,উল্টোপথে গেলেই গাড়ির চাকা ফুটো হবে,corpus_expansion_5000,0.1353199798207458,0,0
v18_0754,ডাউকি নদীতে বাঁধ,new_low_w0_pany,0.2601425988962303,0,0
v18_1737,নিহতদের মধ্যে ২৬ জন বাংলাদেশি,corpus_expansion_5000,0.15046929043686888,0,1
v18_2971,উত্তরা-আজিমপুর রুটে চালু হলো নতুন পদ্ধতির বাস,corpus_expansion_5000,0.1353199798207458,0,0
v18_4979,শ্রেণিকক্ষে ছুরিকাঘাত চবি শিক্ষার্থীকে,corpus_expansion_5000,0.2572442336686685,0,0
v18_2920,দেশি দুধেই চাহিদা পূরণ হবে: প্রাণিসম্পদ প্রতিমন্ত্রী,corpus_expansion_5000,0.16079228470839807,0,0
v18_0311,রামপালে স্ত্রীকে পিটিয়ে হত্যার অভিযোগ,new_high_w1_pany,0.31354072118734344,0,0
v18_0548,নাসিরনগরে হামলার প্রতিবাদে বিক্ষোভ,new_mid_w1_p1,0.3464085234587083,0,1
v18_4052,ইতালিতে পাসপোর্ট সমস্যা সমাধানে প্রবাসীদের সভা,corpus_expansion_5000,0.13238102109565444,0,0
v18_4761,এবার তফসিল ১০ দিন পেছানোর শর্ত এরশাদের,corpus_expansion_5000,0.4796726841676232,1,0
v18_1989,"নয়টি অটোরিকশা উদ্ধার, গ্রেপ্তার ৫",corpus_expansion_5000,0.1353199798207458,0,1
v18_0306,সংসদ বসছে ৮ নভেম্বর,v17_reused,0.2812828468573762,0,0
v18_2335,"কেনিয়ায় হোটেলে জঙ্গি হামলা নিহত ১৪, উদ্ধার ৭০০",corpus_expansion_5000,0.1133379569328199,0,1
v18_0694,ফেনীতে প্রতিবন্ধীদের মাঝে কম্বল বিতরণ,new_mid_w1_p1,0.3146615032205769,0,1
v18_2356,প্রতারক চক্রের ৬ সদস্য গ্রেপ্তার,corpus_expansion_5000,0.1353199798207458,0,1
v18_1927,‘আতঙ্ক ছড়াতে চাইছেন শামীম ওসমান’,corpus_expansion_5000,0.20893237187875455,0,1
v18_0684,যুক্তরাষ্ট্রে অক্সফোর্ড ভ্যাকসিনের শেষ ধাপের ট্রায়াল,new_mid_w1_p1,0.1387841604687886,0,1
v18_0749,বাংলাদেশের বিপক্ষে উইন্ডিজের ওয়ানডে অধিনায়ক পাওয়েল,new_high_w1_pany,0.7775558918136727,1,1
v18_4008,দাঁড়াতে না পারার কষ্ট,corpus_expansion_5000,0.7722575201874857,1,0
v18_1266,গণহত্যার প্রতিবাদ,corpus_expansion_5000,0.4466215426458558,1,1
v18_3285,রোহিঙ্গাদের নিরাপদ প্রত্যাবাসনে জোর বাংলাদেশ-যুক্তরাষ্ট্র সংলাপে,corpus_expansion_5000,0.13236627667706374,0,0
v18_3529,কার্ডিওভাস্কুলার স্বাস্থ্য সাংবাদিকতা কর্মশালা অনুষ্ঠিত,corpus_expansion_5000,0.16079228470839807,0,0
v18_4423,চায়ের কাপে নাসরিনের স্বপ্ন,corpus_expansion_5000,0.4723733544730572,1,0
v18_3984,"গ্রামীণফোনের শর্তারোপ, আইনি পথে বিটিআরসি",corpus_expansion_5000,0.0945363922261271,0,0
v18_3083,নারীদের জন্য চালু হচ্ছে বাস সার্ভিস,corpus_expansion_5000,0.2817390380883005,0,0
v18_3061,পোশাকশ্রমিকদের মজুরি আট হাজার টাকা করার দাবি,corpus_expansion_5000,0.32263931900913917,0,0
v18_3025,চিকিৎসক বাবা-ছেলের বিরুদ্ধে ব্যবসায়ীর ক্ষতিপূরণ মামলা,corpus_expansion_5000,0.13942052569283175,0,0
v18_0970,ফেনীতে সংঘর্ষে নিহত ১,corpus_expansion_5000,0.17981440572177182,0,1
v18_0013,"জেলা যুবলীগ বলছে কর্মী, উপজেলা বলছে ‘না’",v17_reused,0.11109159712109588,0,0
v18_0873,"ক্রিমিয়ায় বিস্ফোরণ, নিহত ১৩",corpus_expansion_5000,0.29955710378908307,0,1
v18_0808,"হামলায় ব্যবসায়ী নিহত, গ্রেপ্তার ১",corpus_expansion_5000,0.19000580961738978,0,1
v18_3198,এশিয়ার দেশগুলোর মধ্যে সংযোগ বাড়ানোর ওপর প্রধানমন্ত্রীর গুরুত্বারোপ,corpus_expansion_5000,0.25375846438189426,0,0
v18_0514,ওয়ারীতে কঠোরভাবে লকডাউন বাস্তবায়ন হবে: ব্যারিস্টার তাপস,new_high_w1_pany,0.22311587068072297,0,1
v18_4472,গ্রুপ থিয়েটার ফেডারেশনের জাতীয় সম্মেলন,corpus_expansion_5000,0.44462155765211714,1,0
v18_0409,লাহোরে আত্মঘাতী বোমা হামলায় সেনাসহ নিহত ৬,new_low_w0_pany,0.14246605707043347,0,0
v18_3408,জলজট-যানজট নিরসনে সমন্বিত ব্যবস্থাপনা চাইলেন সবাই,corpus_expansion_5000,0.15955054385956244,0,0
v18_4342,আফগানদের কাছে সিরিজ হারল বাংলাদেশের যুবারা,corpus_expansion_5000,0.6289524288175076,1,0
v18_0207,১১০ কর্মচারীর নিয়োগ আটকে আছে মামলা জটিলতায়,new_low_w0_pany,0.1895581999903006,0,0
v18_3691,"বিনিয়োগ বেড়েছে, গতি কমেছে",corpus_expansion_5000,0.2928663589404013,0,0
v18_0458,সমুদ্রপথে মালয়েশিয়া যাওয়ার চেষ্টাকালে উদ্ধার ৬০,new_low_w0_pany,0.3451374483123983,0,0
v18_3471,তৈরি পোশাক শিল্পে ট্রেড ইউনিয়ন চালুর আহ্বান,corpus_expansion_5000,0.16079228470839807,0,0
v18_2430,"সীমান্তে গোলাগুলি, ৭ পাকিস্তানি সেনা নিহত",corpus_expansion_5000,0.1353199798207458,0,1
v18_3657,জাতীয় নির্বাচনেও মহিউদ্দিন চৌধুরী প্রার্থী হবেন না,corpus_expansion_5000,0.32896428330137245,0,0
v18_0110,মাদারীপুরে এক ব্যক্তিকে জবাই করে হত্যা,new_mid_w1_p1,0.1353199798207458,0,1
v18_4589,সাকিব কৃতিত্বে জয় কলকাতার,corpus_expansion_5000,0.45598911548315474,1,0
v18_4044,বাগেরহাটে জনস্বাস্থ্যের ৭ কর্মকর্তার বিরুদ্ধে দুদকের মামলা,corpus_expansion_5000,0.09057410049468442,0,0
v18_1883,"লক্ষ্মীপুরে ‘ধর্ষণের পর হত্যা’, আটক ১",corpus_expansion_5000,0.3106077524538265,0,1
v18_1713,দেশে নাশকতা অনেক কমেছে: আইজিপি,corpus_expansion_5000,0.19700384386852884,0,1
v18_3958,সাত জেলায় আরও ২৯ জন আটক,corpus_expansion_5000,0.08838571586817505,0,0
v18_3399,"আন্তর্জাতিক বাজারে দাম কমেছে ৪৪%, দেশে কমছে না",corpus_expansion_5000,0.1876665788099469,0,0
v18_0552,"বেঁধে দেয়া সময়সীমা শেষ, কী হতে যাচ্ছে পাকিস্তানে?",v17_reused,0.8137849817080538,1,0
v18_1439,‘স্টুপিড নেত্রী’ দেশ ধ্বংসের চেষ্টায়: মুহিত,corpus_expansion_5000,0.3340803135187008,0,1
v18_2270,মগবাজারে বাসচাপায় নির্মাণ শ্রমিক ২ সহোদর নিহত,corpus_expansion_5000,0.16824930686643721,0,1
v18_3144,"বেশি ভাড়া নেওয়ার অভিযোগ, তালিকা নেই সব বাসে",corpus_expansion_5000,0.14612760614652553,0,0
v18_2821,সিংড়ায় সাত দিনে ১৫ ট্রান্সফরমার চুরি,corpus_expansion_5000,0.11462330173016233,0,1
v18_4781,হাসনাত করিমের জামিন আবেদন ফের নাকচ,corpus_expansion_5000,0.21033713649385755,0,0
v18_1925,কক্সবাজারে ‘বনরক্ষীদের সঙ্গে বন্দুকযুদ্ধে’ নিহত ১,corpus_expansion_5000,0.2616268361742812,0,1
v18_0634,কোন্দল ও দরপত্র নিয়ে বিরোধের জেরে খুন?,new_low_w0_pany,0.5113658950647699,1,0
v18_4805,সৃজনশীল প্রশ্ন পদ্ধতির জন্য বই প্রকাশের সুপারিশ করতে টাস্কফোর্স গঠন,corpus_expansion_5000,0.11534110190653235,0,0
v18_0316,মালয়েশিয়ায় হাজার হাজার অবৈধ বাংলাদেশীর বৈধতার উদ্যোগ নিন-পেনাং বাংলাদেশ মুসলিম কমিউনিটি,new_mid_w1_p0,0.2593784886203919,0,0
v18_4217,তিন সিটির পর এ সরকারের অধীনে আর ভোট নয়: গয়েশ্বর,corpus_expansion_5000,0.32452178611957316,0,0
v18_4699,আলমগীর কবিরের মৃত্যু-বার্ষিকীর অনুষ্ঠানমালা,corpus_expansion_5000,0.8059090166377582,1,0
v18_1328,হলমার্ক কেলেঙ্কারির বিচার নিয়ে সংশয়,corpus_expansion_5000,0.8955287504848776,1,1
v18_0427,মিয়ানমারের সঙ্গে সীমান্ত পারাপার আবার চালু,v17_reused,0.2001218854158135,0,0
v18_4374,শিক্ষানীতিতে ‘হিন্দুত্ববাদ’ প্রতিষ্ঠার চক্রান্ত বাতিল না হলে কঠোর আন্দোলন - পীর সাহেব চরমোনাই,corpus_expansion_5000,0.8921881669493438,1,0
v18_0105,কী আছে ট্রাম্পের আলোচিত পুলিশ সংস্কার আদেশে?,v17_reused,0.9774589431803128,1,0
v18_3041,মধ্যস্বত্বভোগীদের দৌরাত্ম্যে ইলিশের দাম দ্বিগুণ হচ্ছে,corpus_expansion_5000,0.1133379569328199,0,0
v18_0142,শেরপুরে পুকুরে ঝাঁপ দিয়ে স্কুলছাত্রের মৃত্যু,new_mid_w1_p1,0.3921913672632442,0,1
v18_2169,‘বাড়ি থেকে তুলে নিয়ে বন্দুকযুদ্ধের নামে আনিছকে হত্যা করা হয়েছে’,corpus_expansion_5000,0.18461517002231315,0,1
v18_3458,ভেন্যু পরিদর্শনে চট্টগ্রামে আইসিসি'র প্রতিনিধি দল,corpus_expansion_5000,0.24658569031706137,0,0
v18_0089,দুই জোটের আজ উপাচার্য কার্যালয় ঘেরাও কর্মসূচি,v17_reused,0.1519781260616431,0,0
v18_2918,রাজধানীতে হোটেল-বেকারি খোলা রাখার নির্দেশ,corpus_expansion_5000,0.23149585571110112,0,0
v18_3237,কর্মসংস্থান ব্যাংক ও আইসিবির এমডি অদল-বদল,corpus_expansion_5000,0.1133379569328199,0,0
v18_2241,বাংলাদেশে ‘ইনক্রেডিবলস টু’,corpus_expansion_5000,0.9159070110828628,1,1
v18_3174,"অ্যান্ড্রয়েড, আইওএস, উইন্ডোজে মাইক্রোসফট নিউজ",corpus_expansion_5000,0.4240314889997679,1,0
v18_3412,ভারতে ডিজেলের দাম বেড়েছে কমেছে পেট্রলের,corpus_expansion_5000,0.4413369854724032,1,0
v18_2163,রোমশ নাকে দূষণ থেকে সুরক্ষা!,corpus_expansion_5000,0.8257821616888562,1,1
v18_2636,চমেকে দুর্নীতি তদন্ত কেন নয়: হাই কোর্ট,corpus_expansion_5000,0.0945363922261271,0,1
v18_1949,ইয়েমেনে আত্মঘাতী বোমায় নিহত ৪৫,corpus_expansion_5000,0.09126818727457064,0,1
v18_1768,রাঙামাটিতে জেএসএস’র ১৬ নেতাকর্মী অপহরণ,corpus_expansion_5000,0.16527976681727438,0,1
v18_4290,রানা প্লাজা দুর্ঘটনায় কারখানা মালিকদের অপরাধ নেই,corpus_expansion_5000,0.0945363922261271,0,0
v18_2272,আশুগঞ্জে ক্রিকেট খেলা নিয়ে সংঘর্ষ আহত ২০,corpus_expansion_5000,0.21733618007273164,0,1
v18_0001,গেইল-মাহমুদউল্লাহকে ছাড়াই নামছে চট্টগ্রাম,new_high_w1_pany,0.6172574301542848,1,0
v18_3282,জেলার পূর্ণাঙ্গ কমিটি গঠনের কাজ চলছে,corpus_expansion_5000,0.21434025806949827,0,0
v18_4957,বাঘ শিকার বন্ধ করতে গোয়েন্দা তথ্য বিনিময় করবে ১৩টি দেশ,corpus_expansion_5000,0.1597869185120376,0,0
v18_1951,মেহেরপুরে পিটুনিতে ‘ডাকাত’ নিহত,corpus_expansion_5000,0.3146615032205769,0,1
v18_0935,৬৮ বার পেছাল সাগর-রুনি হত্যার তদন্ত প্রতিবেদন,corpus_expansion_5000,0.0927717379481044,0,1
v18_4296,ভোটের আগে টিএসসি থেকে শতাধিক ক্রিকেট স্ট্যাম্প উদ্ধার,corpus_expansion_5000,0.18638548645303207,0,0
v18_2720,হঠাৎ ফেনীতে আতঙ্ক ফেনী-৩ আসন,corpus_expansion_5000,0.10834982258322454,0,1
v18_4447,রাশিয়ায় আরো নিষেধাজ্ঞার হুঁশিয়ারি জি-সেভেনের,corpus_expansion_5000,0.16079228470839807,0,0
v18_1109,‘দুর্নীতির সূচকে বাংলাদেশ অপরিবর্তিত’,corpus_expansion_5000,0.10356039088419995,0,1
v18_3960,"মেয়র প্রার্থী তিনজনই ব্যবসায়ী, শিক্ষাগত যোগ্যতা সমান",corpus_expansion_5000,0.18447604414278093,0,0
v18_0591,জেল হত্যা দিবস বুধবার,new_mid_w1_p1,0.31518688967161806,0,1
v18_1695,গণহত্যা দিবসে সিপিবির ‘আলোর মিছিল’,corpus_expansion_5000,0.2723124927123739,0,1
v18_3450,ন্যাশনাল প্রাইমারি স্কুলে বিনা মূল্যে বই বিতরণ,corpus_expansion_5000,0.2060688837501653,0,0
v18_2936,শ্রেণিকক্ষে শিক্ষক-শিক্ষার্থীদের মোবাইল ফোন নিতে মানা,corpus_expansion_5000,0.09308938418347346,0,0
v18_4204,পাকিস্তান কেন এক নম্বরে বুঝল স্কটল্যান্ড,corpus_expansion_5000,0.6725384659854543,1,0
v18_3411,কয়লাবিদ্যুৎ প্রকল্পের বিরুদ্ধে বাঁশখালীতে সকাল-সন্ধ্যা হরতাল চলছে,corpus_expansion_5000,0.1972695619197408,0,0
v18_1576,‘পদ্মাবতী’র রণবীর!,corpus_expansion_5000,0.9521103564987594,1,1
v18_3954,অ্যান্ড্রয়েড অ্যাপ চলবে ব্ল্যাকবেরি ১০-এ,corpus_expansion_5000,0.5243130518360242,1,0
v18_0213,একাত্তরের সম্মুখ সমরে: দুরবিন টিলায় ‘মনের যুদ্ধ’,v17_reused,0.5064676726861228,1,0
v18_0778,কুমিল্লায় ২৯৫ দিনে ২৪২ ধর্ষণ,v17_reused,0.3134161604247795,0,0
v18_1415,পাবনায় বোমা বিস্ফোরণে ‘চরমপন্থী’ নিহত,corpus_expansion_5000,0.8699882392132995,1,1
v18_3759,তুর্কি হেলিকপ্টার ভূপাতিত করার দাবি পিকেকে'র,corpus_expansion_5000,0.12309321863282052,0,0
v18_2043,‘পরাজিত পক্ষের হামলায়’ এক নারীর মৃত্যু,corpus_expansion_5000,0.2538441500257361,0,1
v18_2848,হানিফ সংকেতের ‘পরিণামে পরিণয়’,corpus_expansion_5000,0.7755826087477349,1,1
v18_4537,নতুন গুড়ের স্বাদ,corpus_expansion_5000,0.3921913672632442,0,0
v18_3505,অভিবাসন আইন কঠোরে জার্মানির পরিকল্পনা,corpus_expansion_5000,0.3243786892850878,0,0
v18_3813,এখন ৪৭টি কাজ ধরে এগোচ্ছে ইসি,corpus_expansion_5000,0.17292343442270808,0,0
v18_1567,"নরসিংদীতে কিশোরীকে ‘পুড়িয়ে হত্যা’: মামলা দায়ের, গ্রেপ্তার ১",corpus_expansion_5000,0.40639880133444034,0,1
v18_0165,সুনামগঞ্জে দুই জোটেই প্রার্থী জট,v17_reused,0.44438108719604036,1,0
v18_4714,এবার প্রেমের বিয়ে মেনে না নেয়ায় ছাত্রনেতার আত্মহত্যা,corpus_expansion_5000,0.7243327133623413,1,0
v18_4272,যেসব কারণে ইসরাইলকে চিকিৎসাসামগ্রী দিচ্ছে তুরস্ক,corpus_expansion_5000,0.1896363692972004,0,0
v18_4926,এইচটি ইমামের ছেলেকে বাদ দিয়ে কমিটি,corpus_expansion_5000,0.1919563802351471,0,0
v18_1343,শিয়া মসজিদে হত্যা,corpus_expansion_5000,0.2929580451558887,0,1
v18_2013,২০০৭ বিশ্বকাপে বাংলাদেশ ৫ উইকেটে হারায় ভারতকে,corpus_expansion_5000,0.4165568777450921,0,1
v18_0273,‘বৃদ্ধ’ বলায় কিমের ওপর চটেছেন ট্রাম্প,new_mid_w1_p1,0.28694089932106187,0,1
v18_0071,পাবনায় অস্ত্র ও গোলাবারুদ উদ্ধার,v17_reused,0.2060688837501653,0,0
v18_3887,কর্মকর্তাদের ফেইসবুকে সময় কাটাতে বললো ইসি,corpus_expansion_5000,0.2601425988962303,0,0
v18_1087,নৃশংস হত্যাকাণ্ড,corpus_expansion_5000,0.5184304183984091,1,1
v18_0394,ভোটারদের প্রভাবিত করায় একজনের কারাদণ্ড,v17_reused,0.10356039088419995,0,0
v18_0583,‘যে সে লোকের’ রাজনীতি ও মধ্যবিত্তের অনীহা,v17_reused,0.5466084952632765,1,1
v18_1367,বিস্ফোরক মামলার বিচার ১১ বছরেও শেষ হয়নি,corpus_expansion_5000,0.12363781125091886,0,1
v18_4987,আমরা সবাই এখন ট্রাম্পের সাফল্য কামনা করছি: ওবামা,corpus_expansion_5000,0.2174236779963387,0,0
v18_4088,প্রাণ কর্মকর্তার মৃত্যু,corpus_expansion_5000,0.2811603874862428,0,0
v18_2548,মহেশখালীতে প্রতিপক্ষের গুলিতে একযুবক নিহত!,corpus_expansion_5000,0.5320248714922053,1,1
v18_1013,‘সাইবার হামলার কবলে রুশ সরকার’,corpus_expansion_5000,0.09281369537083654,0,1
v18_4897,আকাশপথে কার্গো বিমানের ওপর যুক্তরাজ্যের নিষেধাজ্ঞা প্রত্যাহার,corpus_expansion_5000,0.1178554437036857,0,0
v18_3003,বিজ্ঞান ও শিল্প গবেষণা পরিষদে কর্মকর্তা নিয়োগ,corpus_expansion_5000,0.2601425988962303,0,0
v18_4788,নিখোঁজের দুদিন পর বান্দরবানে পর্যটকের লাশ উদ্ধার,corpus_expansion_5000,0.19000580961738978,0,0
v18_4407,চ্যাম্পিয়নই থাকছেন না ইউএস ওপেনে,corpus_expansion_5000,0.4165568777450921,0,0
v18_3532,গ্যাস সংকটে চাঁদপুরে বিদ্যুৎ কেন্দ্র বন্ধ,corpus_expansion_5000,0.15748295308059532,0,0
v18_1763,২৭ বছর আগে হত্যায় ৬ জনের যাবজ্জীবন,corpus_expansion_5000,0.13594465100785882,0,1
v18_1875,আশুলিয়া থেকে দুই ‘জঙ্গি’ গ্রেপ্তার,corpus_expansion_5000,0.4165568777450921,0,1
v18_1259,"নোয়াখালীতে ফের গণধর্ষণ, গ্রেফতার ২",corpus_expansion_5000,0.15154455700247405,0,1
v18_4530,চীন-ভারত উত্তেজনা নিয়ে যা বললেন ব্রিটিশ প্রধানমন্ত্রী,corpus_expansion_5000,0.1353199798207458,0,0
v18_2253,পৃথিবীর প্রথম রোবট বিয়ে!,corpus_expansion_5000,0.966810481866441,1,1
v18_2781,জয়পুরহাটে বিচারকসহ ৪০ আইনজীবীকে আবারো হত্যার হুমকি,corpus_expansion_5000,0.11052536229047102,0,1
v18_3592,মেয়াদোত্তীর্ণ অটোরিকশার ভাড়া বাড়ানোর প্রস্তাব,corpus_expansion_5000,0.09307153453103023,0,0
v18_0526,সিন্দাবাদডটকম নামে ই-কমার্স সাইট চালু,new_mid_w0_p0,0.22311587068072297,0,0
v18_4263,ঢাবি শিক্ষিকাকে বিয়ে করলেন তারিক আনামের ছেলে,corpus_expansion_5000,0.677087026765597,1,0
v18_2946,"লঞ্চ-ট্রেন স্বাভাবিক, দূরপাল্লার বাস ছাড়েনি",corpus_expansion_5000,0.0890579356985667,0,0
v18_0377,গণতন্ত্র সুদৃঢ় আছে বলেই জনগণ ইচ্ছামতো প্রার্থী নির্বাচিত করছে,new_mid_w1_p1,0.2601425988962303,0,1
v18_1559,ইরাকে অগাস্টে নিহত ৮শ’: জাতিসংঘ,corpus_expansion_5000,0.13243090648321865,0,1
v18_3820,এখনো চলে মাটির রেকর্ড,corpus_expansion_5000,0.632880488560022,1,0
v18_1963,প্রাচ্যনাটের ‘লালযাত্রা’,corpus_expansion_5000,0.313713665804669,0,1
v18_4732,"বেনাপোলে সোনার বার উদ্ধার, আটক ১",corpus_expansion_5000,0.265862027677618,0,0
v18_0348,নুর’রা বেঁচে আছে বলেই বাংলাদেশের গণতন্ত্র পুনরুদ্ধার করা সম্ভব: ড. খন্দকার মোশাররফ,v17_reused,0.4231386489410917,1,0
v18_2434,‘জরুরি’ অস্ত্র চুক্তি করেছে ভারত,corpus_expansion_5000,0.16079228470839807,0,1
v18_2246,টাকা আত্মসাৎ: কারাগারে জাতীয় বিশ্ববিদ্যালয়ের ৩ কর্মকর্তা,corpus_expansion_5000,0.17509394801617073,0,1
v18_4166,ছাত্রীর চিকিৎসায় সাহায্যের দাবিতে সড়কে সহপাঠীরা,corpus_expansion_5000,0.3302991176393585,0,0
v18_1709,কাউন্টার টেররিজম ভবন থেকে রিমান্ডের ‘জঙ্গির’ লাফ,corpus_expansion_5000,0.23787039847628624,0,1
v18_1050,ধর্ষণের অভিযোগে মামলা,corpus_expansion_5000,0.13957424974302188,0,1
v18_0590,বায়তুল মোকাররম মসজিদ মার্কেটে আগুন,v17_reused,0.4031072867748539,0,0
v18_0519,রাজনৈতিক শুন্যতা দেশকে নৈরাজ্যের দিকে ঠেলে দিচ্ছে- সাইফুল হক,v17_reused,0.18346369999141912,0,0
v18_4752,হরতাল-অবরোধের মধ্যে আটক আরও ১০৭ জন,corpus_expansion_5000,0.0940630099218736,0,0
v18_4308,তাঁত শ্রমিকদের ধর্মঘট পঞ্চম দিনে,corpus_expansion_5000,0.15101515895105644,0,0
v18_2477,কাবুলে জঙ্গি হামলার ঘটনায় নিহত বেড়ে ৪৯,corpus_expansion_5000,0.2546733373227805,0,1
v18_1083,দিল্লি ধর্ষণ: সাজার আদেশ শুক্রবার,corpus_expansion_5000,0.2424179660542685,0,1
v18_3588,দেশী-বিদেশী সব ব্যাংকের জন্য কৃষি ঋণ বাধ্যতামূলক,corpus_expansion_5000,0.1476023763660605,0,0
v18_4778,বাগেরহাটে বিএনপির ১৮ নেতা-কর্মী কারাগারে,corpus_expansion_5000,0.08875147813243514,0,0
v18_4509,এনভয় টেক্সটাইলসের বার্ষিক সাধারণ সভা,corpus_expansion_5000,0.27273548435752637,0,0
v18_1294,কোম্পানীগঞ্জে তরুণীকে গণধর্ষণ,corpus_expansion_5000,0.2129738255605547,0,1
v18_1809,অ্যাপল ওয়াচে ওয়েব ব্রাউজিং ‘জঘন্য’,corpus_expansion_5000,0.4237456057776692,1,1
v18_0791,বিপৎসীমার ওপরে ১০ নদীর পানি,v17_reused,0.5378581994476699,1,0
v18_0792,"শনিবারও বৃষ্টি, নৌ-চলাচল ব্যাহত",v17_reused,0.45702212182231244,1,0
v18_4114,ম্যানইউয়ের কাছে হারের পর থেকে ঘুমাতে পারছি না: এমবাপে,corpus_expansion_5000,0.5132540333492868,1,0
v18_1855,রেজাউল হত্যায় ৪ জেএমবি: পুলিশ,corpus_expansion_5000,0.0926650140631507,0,1
v18_4757,শিক্ষার্থী বাড়লেও কমছে বগি,corpus_expansion_5000,0.13096011828701,0,0
v18_1980,ক্রেইগ ব্র্যাথওয়েটের ‘মুক্তি’,corpus_expansion_5000,0.8123817611128566,1,1
v18_3233,"সৈয়দপুরে সড়কের ওপর টেম্পোস্ট্যান্ড যানজট, দুর্ভোগ",corpus_expansion_5000,0.12956274742646018,0,0
v18_3908,"২২ কোটি টাকায় সংস্কার, তিন বছরেই বেহাল",corpus_expansion_5000,0.1558572028447664,0,0
v18_4984,‘আম্পায়ার্স কল’ নিয়মের পরিবর্তন চাইলেন শচীন,corpus_expansion_5000,0.5568147099660213,1,0
v18_3328,রক্ত ঢেলে ক্লাস-পরীক্ষার দাবি শিক্ষার্থীদের,corpus_expansion_5000,0.10916157387776716,0,0
v18_1530,মা-মেয়েসহ ৭ জেলায় নিহত ১৫,corpus_expansion_5000,0.09277491594451623,0,1
v18_1410,মাঠে ‘চরমপন্থীর’ গুলিবিদ্ধ লাশ,corpus_expansion_5000,0.8477526177005714,1,1
v18_4294,টেস্টকে বিদায় জানালেন জয়াবর্ধনে,corpus_expansion_5000,0.25623285911248705,0,0
v18_4648,চট্টগ্রামে পিকআপের ধাক্কায় স্কুলছাত্রের মৃত্যু,corpus_expansion_5000,0.3702056496403357,0,0
v18_0083,১৮-তে চোখ বোল্টের,v17_reused,0.3921913672632442,0,0
v18_0868,জঙ্গির কথোপকথনের নথি ৩৪ হাজার পৃষ্ঠা,corpus_expansion_5000,0.2669785860604388,0,1
v18_2350,‘তামাক বিল’ নমনীয় করে চূড়ান্ত,corpus_expansion_5000,0.0945363922261271,0,1
v18_0020,"গলাচিপায় ঘূর্ণিঝড়ে আহত ২০, ঘরবাড়ি বিধ্বস্ত",new_mid_w1_p1,0.09230057275406181,0,1
v18_3424,রেশম শিল্পের উন্নয়নে উদ্যোগ নেওয়া হচ্ছে,corpus_expansion_5000,0.2112805944585205,0,0
v18_2795,বার্সায় হতে পারত মেসি-রোনালদো জুটি!,corpus_expansion_5000,0.8241733376871658,1,1
v18_4572,শিল্পী পার্থ প্রতীমকে জেবিএফএইচ'র বিনামূল্যে চিকিৎসা সেবা,corpus_expansion_5000,0.16079228470839807,0,0
v18_1562,মাদক কেলেঙ্কারি: অর্জুনকে ৬ ঘণ্টা জিজ্ঞাসাবাদ,corpus_expansion_5000,0.9256264024974182,1,1
v18_3093,ছাদের বাগান হতে পারে নির্মল শ্বাস-প্রশ্বাসের স্থান,corpus_expansion_5000,0.6502744944031112,1,0
v18_3155,ডায়াবেটিস কমিয়ে হার্ট ভালো রাখবে যে ফল,corpus_expansion_5000,0.2915918829657555,0,0
v18_0973,"নেশা খাইয়ে স্কুলছাত্রীকে ধর্ষণ, গ্রেফতার ১",corpus_expansion_5000,0.0889422139683691,0,1
v18_1710,‘হোম অ্যালন’ অভিনেতার লাশ উদ্ধার,corpus_expansion_5000,0.7036771224655932,1,1
v18_3201,গ্যাটউইক এয়ারপোর্টে গাড়ি পার্ক করবে রোবট,corpus_expansion_5000,0.30093381222399707,0,0
v18_4371,নেত্রকোনার ধনু নদীতে নৌকা ডুবে ২ যাত্রী নিখোঁজ,corpus_expansion_5000,0.3451374483123983,0,0
v18_4819,ভোগান্তিতে সার ডিলাররা,corpus_expansion_5000,0.2601425988962303,0,0
v18_1098,‘প্রেমিকের প্রতারণায়’ আত্মহত্যার অভিযোগ,corpus_expansion_5000,0.6418268156653251,1,1
v18_4161,শেয়ারের আস্বাভাবিক দরবৃদ্ধির কারণ জানে না মেট্রো স্পিনিং,corpus_expansion_5000,0.4413369854724032,1,0
v18_2844,চট্টগ্রামে নয় হাজার ইয়াবাসহ গ্রেপ্তার ৫,corpus_expansion_5000,0.0945363922261271,0,1
v18_0886,এবার ‘দ্বিতীয় ইনিংস’ খেলব: কাদের,corpus_expansion_5000,0.16169525329022097,0,1
v18_4931,মালয়েশিয়ায় সবচেয়ে ভালো অবস্থানে বাংলাদেশি শ্রমিকরা,corpus_expansion_5000,0.30093381222399707,0,0
v18_3678,চট্টগ্রামের খুচরা বাজারে কাঁচা মরিচ ১৫০ টাকা কেজি,corpus_expansion_5000,0.18591750799672993,0,0
v18_4580,শিক্ষা কার্যক্রমে জট,corpus_expansion_5000,0.1748801359227659,0,0
v18_3566,"টান পড়েছে মজুদে, বাড়ছে নিত্যপণ্যের দাম",corpus_expansion_5000,0.20509552358148603,0,0
v18_4401,মোসলেম লাঞ্ছিত: ছাত্রলীগের ৪ জনকে বহিষ্কারের সুপারিশ,corpus_expansion_5000,0.16646126572267397,0,0
v18_0515,হ্যারির জন্য সুপারমার্কেটে খুচরা দোকানীদের লাইন,new_mid_w1_p1,0.22311587068072297,0,1
v18_4620,রোহিঙ্গা সঙ্কট বিষয়ে জাতিসংঘে রেজুলেশন পাস,corpus_expansion_5000,0.10637986761825896,0,0
v18_0737,ফোনে কথা বলা নিয়ে অভিমানে স্কুলছাত্রের আত্মহত্যা,new_mid_w1_p0,0.16079228470839807,0,0
v18_1453,পরেশ বড়ুয়ার ফাঁসি: ‘নিশ্চুপ’ উলফা,corpus_expansion_5000,0.09061267414566113,0,1
v18_3971,ব্যাটসম্যানদের ব্যর্থতায় ভারতের আরো একটি হার,corpus_expansion_5000,0.17491898592996105,0,0
v18_4700,বিএসএমএমইউ ফিভার ক্লিনিকে এক দিনে তিনশ’ ছাড়ালো রোগী,corpus_expansion_5000,0.22311587068072297,0,0
v18_2506,সাকিবের নিউজিল্যান্ড সফর অনিশ্চিত!,corpus_expansion_5000,0.8852254434070264,1,1
v18_2994,সাইলো ও আশ্রয়কেন্দ্রে জাপানি সহায়তা চাইলেন খাদ্যমন্ত্রী,corpus_expansion_5000,0.0945363922261271,0,0
v18_2126,রূপনগরে গুলিবিদ্ধ যুবকের লাশ উদ্ধার,corpus_expansion_5000,0.1239110617250224,0,1
v18_2926,বিদ্যুৎ আমদানির আনুষ্ঠানিক উদ্বোধন আজ,corpus_expansion_5000,0.3432987646618716,0,0
v18_4745,ইংল্যান্ডে ইয়র্ক–দ্রগবাদের ছাড়িয়ে আগুয়েরো,corpus_expansion_5000,0.6229465733397762,1,0
v18_0906,‘নির্ভয়াকে’ গণধর্ষণ: চার অপরাধীর ফাঁসি না যাবজ্জীবন?,corpus_expansion_5000,0.5770797629282955,1,1
v18_3647,"পুলিশ তৎপর হওয়ায় রাস্তায় গাড়ি কম, দুর্ভোগ ছাড়ছে না",corpus_expansion_5000,0.12679536793262494,0,0
v18_1030,মোগাদিসু বিমানবন্দরে দুটি বিস্ফোরণ: নিহত ৮,corpus_expansion_5000,0.1239110617250224,0,1
v18_2507,‘জাতীয় দলে ঢোকার তাড়াহুড়ো নেই’,corpus_expansion_5000,0.580205744579156,1,1
v18_2428,অটোরিকশা থেকে লাফিয়ে অপহরণ থেকে রক্ষা!,corpus_expansion_5000,0.509843912879562,1,1
v18_0947,হাতিয়ায় কথিত বন্দুকযুদ্ধে নিহত ২,corpus_expansion_5000,0.33649146841046523,0,1
v18_3806,মিডল্যান্ড ব্যাংকের ১ লাখ ব্যক্তিক গ্রাহক মাইলফলক পূরণ,corpus_expansion_5000,0.36835127139997426,0,0
v18_4754,সাংবাদিকদের পুলিশের লাঠিপেটা,corpus_expansion_5000,0.23380135908890787,0,0
v18_0715,দিল্লিতে ডেঙ্গু ও চিকুনগুনিয়ায় মৃত ২৫,v17_reused,0.25358014721277966,0,0
v18_4055,"স্বাধীনতা সংগ্রামে, গণতন্ত্রের সংগ্রামে অতীতে আ.লীগের অনেক গৌরবময় ইতিহাস রয়েছে: মির্জা ফখরুল",corpus_expansion_5000,0.273025376960959,0,0
v18_0686,নির্বাচনের গ্রহণযোগ্য পদ্ধতি খুঁজে বের করার আহ্বান,v17_reused,0.16079228470839807,0,0
v18_0703,ফেলানী হত্যার রায়: ফেইসবুকে প্রতিক্রিয়ার ঢল,new_mid_w1_p1,0.6142821605690717,1,1
v18_3341,শেখ হাসিনার নেতৃত্বে কৃষিতে অভূতপূর্ব সাফল্য এসেছে,corpus_expansion_5000,0.24993804607137535,0,0
v18_2353,চাকরির প্রলোভনে কিশোরীকে ধর্ষণ!,corpus_expansion_5000,0.6837975349581018,1,1
v18_2257,সাতক্ষীরায় শিবিরের ৬ নেতাকর্মী গ্রেপ্তার,corpus_expansion_5000,0.15011323155239167,0,1
v18_3551,বিএমডব্লিউ-মার্সিডিজ বেঞ্জ গাড়ি বাংলাদেশে তৈরির প্রস্তাব,corpus_expansion_5000,0.2038139281367805,0,0
v18_0473,রাজধানীর বলাকা মার্কেটে আগুন,new_mid_w0_p0,0.36835127139997426,0,0
v18_0021,গার্মেন্ট শ্রমিককে ধর্ষণ; জড়িতদের গ্রেপ্তারে ২৪ ঘণ্টা,new_mid_w1_p0,0.13221852653004737,0,0
v18_2752,২০১৪ ‘হতে যাচ্ছে’ উষ্ণতম বছর,corpus_expansion_5000,0.19000580961738978,0,1
v18_0885,পুলিশের মারধরে এক ব্যক্তি নিহত?,corpus_expansion_5000,0.5564628483818103,1,1
v18_2448,"যশোরে হেফাজতকর্মীদের সঙ্গে পুলিশের সংঘর্ষ, নিহত ১",corpus_expansion_5000,0.0886196465970907,0,1
v18_0917,আনন্দের ঈদে জঙ্গিবাদ রোখার প্রত্যয়,corpus_expansion_5000,0.21971794354682952,0,1
v18_3757,মুড়িমুড়কির মতো ক্লিনিক গড়ে উঠছে: স্বাস্থ্যমন্ত্রী,corpus_expansion_5000,0.2601425988962303,0,0
v18_3751,চার বছরে কোনো সাক্ষী হাজির হননি,corpus_expansion_5000,0.09373273758283668,0,0
v18_2239,জীবনের মানে ঢাকা ২০৬ নম্বরে,corpus_expansion_5000,0.21298593997187393,0,1
v18_3844,ওয়েস্ট কটনের ন্যুনতম রপ্তানি মূল্য এক ডলার ৬০ সেন্ট নির্ধারণ,corpus_expansion_5000,0.10356039088419995,0,0
v18_3395,"অনুমোদনহীন ওষুধ বিক্রি, দুই লাখ টাকা জরিমানা",corpus_expansion_5000,0.1133379569328199,0,0
v18_1265,অরাজনৈতিক হত্যাকাণ্ডকে রাজনৈতিক বিবেচনা!,corpus_expansion_5000,0.4223796017123981,1,1
v18_0483,শিক্ষার্থীদের প্রোগ্রামিং শেখাতে বেসিসের উদ্যোগ,new_mid_w1_p0,0.39727273646490247,0,0
v18_4337,নির্মাণ শেষ না হতেই ধসে পড়ল ছাদ,corpus_expansion_5000,0.3451374483123983,0,0
v18_2963,"নিজেকে রক্ষা করব, এটাই আমার দায়িত্ব",corpus_expansion_5000,0.2860730847351194,0,0
v18_1219,গণমাধ্যমের শত্রু জঙ্গিবাদ: ইনু,corpus_expansion_5000,0.10991214761032204,0,1
v18_0277,দ. আফ্রিকার ফাইনালের সাধে বাধা ভারত,v17_reused,0.8496897880192583,1,0
v18_0988,সুবর্ণচরে ধর্ষণে আরও স্বীকারোক্তি,corpus_expansion_5000,0.1826407225170351,0,1
v18_2084,লক্ষ্মীপুরে হত্যা মামলায় ২ জনের যাবজ্জীবন,corpus_expansion_5000,0.22072131531565672,0,1
v18_1245,‘ধর্ষণের পর হত্যা করা হয় সালমাকে’,corpus_expansion_5000,0.08976437762208551,0,1
v18_2382,কুকুরের এভারেস্ট ‘জয়’!,corpus_expansion_5000,0.7941750355846705,1,1
v18_0571,রাষ্ট্রায়ত্ত শিল্প শ্রমিকদের মজুরি শতভাগ বাড়ানোর প্রস্তাব অনুমোদন,new_low_w0_pany,0.1353199798207458,0,0
v18_1435,ইরাকে বোমা বিস্ফোরণে নিহত ৩০,corpus_expansion_5000,0.16967882471207463,0,1
v18_0993,‘গোলাগুলিতে’ নিহত ধর্ষণ মামলার প্রধান আসামি,corpus_expansion_5000,0.48853365088869605,1,1
v18_3930,প্রবাসী আয় বৃদ্ধিতে চার কৌশল,corpus_expansion_5000,0.1133379569328199,0,0
v18_3447,রূপালী ব্যাংক কর্মকর্তা-কর্মচারীদের চিকিৎসাসেবা দেবে ইউনিভার্সেল মেডিক্যাল,corpus_expansion_5000,0.3388058594216572,0,0
v18_0585,ভালোবাসার গল্প ও গান,new_low_w0_pany,0.4490539293828558,1,0
v18_3658,তিতাসের করোনাজয়ী কুস্তিগীর রাসেল প্লাজমা থেরাপি দিতে ঢাকায়,corpus_expansion_5000,0.2601425988962303,0,0
v18_2514,গুম ও অপহরণের পার্থক্য,corpus_expansion_5000,0.49275174177246295,1,1
v18_1349,লন্ডনে এসিড হামলা: কিশোরের বিরুদ্ধে ১৫ অভিযোগ,corpus_expansion_5000,0.1476023763660605,0,1
v18_1007,পদ্মা দুর্নীতি:মোশাররফ-ফেরদৌস ৭ দিনের রিমান্ডে,corpus_expansion_5000,0.09086750661082646,0,1
v18_0674,সৈয়দপুরে নৈশকোচের ধাক্কায় অটোরিকশার কিশোর যাত্রী নিহত,new_mid_w1_p0,0.22438355088697723,0,0
v18_2412,তুরস্কে হামলার দায় স্বীকার আইএসের,corpus_expansion_5000,0.14303868621675692,0,1
v18_2903,"জেএসসি, জেডিসি, পিইসি ও ইবতেদায়ির ফল প্রকাশ আজ",corpus_expansion_5000,0.16079228470839807,0,0
v18_0447,ওই অস্ত্রটির প্রয়োগ যেন না হয়,new_mid_w1_p1,0.47842932749622413,1,1
v18_3834,বিদ্যুতের দাবিতে রেল ও সড়ক অবরোধ,corpus_expansion_5000,0.12694711759937702,0,0
v18_3758,ডাকাতের কবলে ট্রাকভর্তি পেঁয়াজ হাপিশ,corpus_expansion_5000,0.22311587068072297,0,0
v18_3703,খাদ্য সংকটে ঢাকার আড়াই হাজার বানর,corpus_expansion_5000,0.09284994503453323,0,0
v18_0359,আয়কর খাতে রাজস্ব অনেক বেড়েছে: অর্থমন্ত্রী,new_mid_w1_p0,0.2944991083897624,0,0
v18_2064,"সহায়তা চাইতে গিয়ে জিম্মি, ধর্ষণ",corpus_expansion_5000,0.1783156758482476,0,1
v18_4449,"ডিএনসিসি উপনির্বাচন, হাইকোর্টের রায়ের বিরুদ্ধে ইসির আপিল",corpus_expansion_5000,0.11469088865127364,0,0
v18_3810,নাগরিকত্ব আইনবিরোধী প্রস্তাব পাস পশ্চিমবঙ্গেও,corpus_expansion_5000,0.2601425988962303,0,0
v18_1690,বাঁশখালীতে গণপিটুনিতে ‘ডাকাত’ নিহত,corpus_expansion_5000,0.19123417356477487,0,1
v18_4326,প্রথমবারের মতো ৩৫ বিলিয়ন ডলারের বৈদেশিক মুদ্রার রিজার্ভে নতুন রেকর্ড,corpus_expansion_5000,0.15914327568737893,0,0
v18_1548,ফাঁসির পোশাকে মুরসি,corpus_expansion_5000,0.31581168703472284,0,1
v18_1247,সাভারে পুলিশের ‘বন্দুকযুদ্ধে’ নিহত এক,corpus_expansion_5000,0.25243030271998756,0,1
v18_1985,সাভারে ৮ বাড়িতে ডাকাতি,corpus_expansion_5000,0.20330960006711157,0,1
v18_0294,অভিযানের ছুতোয় বিরোধী দমন: বিএনপি,v17_reused,0.1512263477674225,0,0
v18_1547,"তিন জেলায় ‘বন্দুকযুদ্ধে’ নিহত ২, গুলিবিদ্ধ ১",corpus_expansion_5000,0.3586461204198161,0,1
v18_2012,নিহত মাদক ব্যবসায়ীর ব্যাংকে ১১১ কোটি টাকা,corpus_expansion_5000,0.18661921684725488,0,1
v18_0588,প্রয়োজনে বাইরে থেকে শিক্ষক আনা হবে: বুয়েট উপাচার্য,v17_reused,0.21456034327808687,0,0
v18_3329,"ভূমি ডিজিটাইজেশনে অগ্রগতি নেই, অর্থমন্ত্রীর অসন্তোষ",corpus_expansion_5000,0.18443440776540876,0,0
v18_2403,তুমি রবে নীরবে...,corpus_expansion_5000,0.8998816940708994,1,1
v18_2129,পুলিশের ওপর হামলা চালিয়ে আসামি ছিনতাই : গ্রেফতার ২৪,corpus_expansion_5000,0.1583274479081531,0,1
v18_4388,সরাইলে ছয় চিকিৎসককে কারণ দর্শানোর নোটিশ,corpus_expansion_5000,0.41009150983172754,0,0
v18_2410,"থাই বিক্ষোভকারীদের ওপর গুলি, নিহত ১",corpus_expansion_5000,0.24413658493827411,0,1
v18_2719,অ্যাম্বুলেন্স খাদে পড়ে শ্রমিক নিহত,corpus_expansion_5000,0.22311587068072297,0,1
v18_0425,কাউন্টার ভাঙচুর,v17_reused,0.28008474130873345,0,0
v18_2582,কলম্বিয়ার ভূমিধসে নিহতদের মধ্যে ৪৪ শিশু,corpus_expansion_5000,0.1353199798207458,0,1
v18_1054,দুই তরুণী ধর্ষণ: বনানী থানা পুলিশের ‘গাফিলতির প্রমাণ’,corpus_expansion_5000,0.09241958732655593,0,1
v18_3966,ঢাকায় প্রথমবারের মতো স্যামসাং ফ্ল্যাগশিপ স্টোরের উদ্বোধন,corpus_expansion_5000,0.3921913672632442,0,0
v18_4562,টেক্সাসে বন্যায় রাসায়নিক প্ল্যান্টে দুই দফা বিস্ফোরণ,corpus_expansion_5000,0.2060688837501653,0,0
v18_0556,পাথরঘাটায় বিদ্যুৎ–সংকট,new_low_w0_pany,0.22311587068072297,0,0
v18_4358,পার্বত্য চট্টগ্রামে আরও ব্যাপক আকারে কাজ করবে জাতিসংঘ,corpus_expansion_5000,0.13158946353483902,0,0
v18_3938,কুষ্টিয়ায় ভুয়া এনএসআই কর্মকর্তা আটক,corpus_expansion_5000,0.21093841116397974,0,0
v18_4712,আমার বিয়ের শাড়িটা দেশি,corpus_expansion_5000,0.8439613449596811,1,0
v18_2469,জাতীয় সংগীত অবমাননা পিকের!,corpus_expansion_5000,0.8135438949441869,1,1
v18_4710,নরসিংদীতে জমি নিয়ে বিরোধে কৃষক খুন,corpus_expansion_5000,0.1133379569328199,0,0
v18_0355,নেইমারকে নেওয়া পিএসজির জন্য অসম্ভব: বার্সা সভাপতি,new_mid_w1_p1,0.6324019153695057,1,1
v18_1193,"‘জঙ্গি আস্তানায়’ গুলির শব্দ, আটক ১",corpus_expansion_5000,0.44533361579510267,1,1
v18_1716,গাজীপুরে গণপিটুনিতে ‘ডাকাত’ নিহত,corpus_expansion_5000,0.1329719399002499,0,1
v18_3416,"প্রশ্নপত্রে পর্ন তারকার নাম, শিক্ষক বাধ্যতামূলক কর্মবিরতিতে",corpus_expansion_5000,0.6483699846078952,1,0
v18_2604,সাংবাদিক নির্যাতন: ৯ পুলিশ বরখাস্ত,corpus_expansion_5000,0.12227886773638716,0,1
v18_4129,বিশেষ ক্ষমতা আইনের বিলুপ্ত ধারায় মামলা না নিতে হাইকোর্টের নির্দেশ,corpus_expansion_5000,0.0913828694744917,0,0
v18_2828,দুই প্রজন্মের ‘আধেক তুমি’,corpus_expansion_5000,0.5203633226770925,1,1
v18_1704,‘উন্নয়ন রুখতে জঙ্গি তৎপরতা চালানো হচ্ছে’,corpus_expansion_5000,0.13164291372293302,0,1
v18_2863,"শিশু রবিউল হত্যা, আসামির পাকা ধান কাটতে বাদীর বাঁধা!",corpus_expansion_5000,0.41918812550522666,1,1
v18_2618,"ফিলিপাইনে সেনাশিবিরে আত্মঘাতী হামলা, নিহত ৭",corpus_expansion_5000,0.43272176701257653,1,1
v18_2400,চার অভিযোগে সাকার ফাঁসি,corpus_expansion_5000,0.17183073913456223,0,1
v18_2139,ঝিনাইদহে গৃহবধূকে কুপিয়ে হত্যা,corpus_expansion_5000,0.1353199798207458,0,1
v18_3239,শিক্ষাপ্রতিষ্ঠান এখনই খোলার সময় আসেনি,corpus_expansion_5000,0.22083420564697603,0,0
v18_2383,স্টেডিয়াম ট্র্যাজেডির রায়ে মিশরে ২১ জনের মৃত্যুদণ্ড,corpus_expansion_5000,0.15230738306657418,0,1
v18_3218,বঙ্গবন্ধু প্রযুক্তি বিশ্ববিদ্যালয়ে ভর্তির আবেদন রোববার থেকে,corpus_expansion_5000,0.35334675295551243,0,0
v18_3935,ঢাকাসহ বিভিন্ন অঞ্চলে শৈত্যপ্রবাহের পূর্বাভাস,corpus_expansion_5000,0.16079228470839807,0,0
v18_1285,‘আশ্চর্য বাতি’ আনছে সনি,corpus_expansion_5000,0.7744336396963323,1,1
v18_3796,"বেনাপোল স্থলবন্দর চালু, ওপারে ট্রাকজট",corpus_expansion_5000,0.15814639120196952,0,0
v18_4894,বাগেরহাটে স্ত্রী হত্যার দায়ে একজনের মৃত্যুদণ্ড,corpus_expansion_5000,0.30965468332125357,0,0
v18_4468,মসুলের কাছে নৃশংস কর্মকান্ড চালাচ্ছে আইএস,corpus_expansion_5000,0.14843649813252802,0,0
v18_2087,সুদীপ্ত হত্যা: গ্রেপ্তার রুবেল দুইদিনের রিমান্ডে,corpus_expansion_5000,0.08968912909615748,0,1
v18_1889,‘হেয়ারড্রেসার’ রামোস!,corpus_expansion_5000,0.9776103697994902,1,1
v18_4622,বিনা প্রতিদ্বন্দ্বিতায় কোটালীপাড়ার মেয়র হচ্ছেন কামাল,corpus_expansion_5000,0.3634968811389612,0,0
v18_1591,মাওবাদীদের হামলায় ছত্তিশগড়ে নিহত ৫,corpus_expansion_5000,0.16079228470839807,0,1
v18_1346,চাঁদপুরে বিস্ফোরক উদ্ধার,corpus_expansion_5000,0.1476023763660605,0,1
v18_4431,ইতালিতে আইন মানেন বেশি বাংলাদেশিরা,corpus_expansion_5000,0.18665083641899738,0,0
v18_2162,সুবীর হত্যা মামলার ৪ আসামি রিমান্ডে,corpus_expansion_5000,0.1353199798207458,0,1
v18_2396,শোকাবহ ১৫ আগস্ট আজ,corpus_expansion_5000,0.23564741479666593,0,1
v18_4768,জিয়ার বাড়িতে কোরবানি হয়নি,corpus_expansion_5000,0.1650081392547073,0,0
v18_2271,ঢাকার ১০টি প্রেক্ষাগৃহে ‘যুদ্ধশিশু’,corpus_expansion_5000,0.8755700464052033,1,1
v18_4490,টেকসই উন্নয়নে বিইউবিটির আন্তর্জাতিক সম্মেলন শুরু,corpus_expansion_5000,0.21655076171467344,0,0
v18_3111,ঢাকায় ভূমি ও তহশিল কার্যালয় বাড়ানোর সিদ্ধান্ত,corpus_expansion_5000,0.41849315049290436,1,0
v18_1137,‘চাচাত ভাইয়ের’ ছুরিকাঘাতে যুবক নিহত,corpus_expansion_5000,0.25668976786775505,0,1
v18_3895,খোলা বাজারে পেঁয়াজ বিক্রি করবে সরকার,corpus_expansion_5000,0.0945363922261271,0,0
v18_0972,জঙ্গিবাদের ‘ক্যান্সারের’ ‘অপারেশন’ করবেন নর্থ সাউথের ভিসি,corpus_expansion_5000,0.10531814684901732,0,1
v18_0795,চার জেলায় বজ্রপাতে ৬ জন নিহত,v17_reused,0.26994707742500207,0,0
v18_3020,চাল-ধান আমদানির বিকল্প বাজার খুঁজুন: বিডিআর মহাপরিচালক,corpus_expansion_5000,0.776935710435143,1,0
v18_1711,সিলেটে ‘জঙ্গি আস্তানা’ ঘিরে পুলিশ,corpus_expansion_5000,0.16079228470839807,0,1
v18_3387,কুয়েত ও সৌদি থেকে আরও ২২৪ শ্রমিক ফেরত,corpus_expansion_5000,0.11167033142107502,0,0
v18_0036,ডাকওয়ার্থ-লুইস পদ্ধতির জনক আর নেই,new_low_w0_pany,0.7281237989030456,1,0
v18_0453,"বিদ্যুৎ উপকেন্দ্রে আগুন, নগরে বিদ্যুৎ–সংকট",v17_reused,0.4590791519542306,1,0
v18_0913,"ফ্রান্সে 'আইএসের' হামলা, নিহত ৩",corpus_expansion_5000,0.26449032466568606,0,1
v18_4081,একমাত্র টি-টোয়েন্টিতে বাংলাদেশের হার,corpus_expansion_5000,0.3752431354790696,0,0
v18_1199,জঙ্গিদের আত্মঘাতী বলব না: স্বরাষ্ট্রমন্ত্রী,corpus_expansion_5000,0.5090673835294992,1,1
v18_1274,নিস হামলার ভিডিও: নিন্দিত ফেইসবুক,corpus_expansion_5000,0.488085116590311,1,1
v18_2375,গোপালগঞ্জে ভ্যান চালকের লাশ উদ্ধার,corpus_expansion_5000,0.1476023763660605,0,1
v18_0037,রশির দুই প্রান্তে ঝুলছিলেন স্বামী-স্ত্রী,new_mid_w0_p0,0.4381201976461753,1,0
v18_0974,টেকনাফে ‘বন্দুকযুদ্ধে’রোহিঙ্গাসহ নিহত ২,corpus_expansion_5000,0.6974874866511146,1,1
v18_3195,"গাইবান্ধায় ট্রেন ২৪ ঘণ্টা বিলম্বে চলাচল, যাত্রীরা বিপাকে",corpus_expansion_5000,0.15640583380442766,0,0
v18_0983,গুপ্তধনের সন্ধান!,corpus_expansion_5000,0.7750446360249409,1,1
v18_3904,আটলান্টায় বাংলা লাইব্রেরি ঘিরে আড্ডা সংস্কৃতি চর্চা,corpus_expansion_5000,0.3451374483123983,0,0
v18_4069,দলীয় কর্মীকে পেটালেন ছাত্রলীগের তিন নেতা,corpus_expansion_5000,0.2280711483070672,0,0
v18_1418,"ডাকাতির পর গণপিটুনি, নিহত ২",corpus_expansion_5000,0.1133379569328199,0,1
v18_3332,নেতা-কর্মীদের শেষ পর্যন্ত কেন্দ্রে থাকার নির্দেশ,corpus_expansion_5000,0.2509601613082978,0,0
v18_1560,বাস-টেম্পো মুখোমুখি সংঘর্ষে নিহত ৬,corpus_expansion_5000,0.3752431354790696,0,1
v18_0039,তৌহিদুল-সালমানের বোলিংয়ে প্রথম দিন বরিশালের,new_mid_w0_p0,0.5657577385029811,1,0
v18_1486,বিরাট কোহলি ‘বিরাট’ ফ্লপ!,corpus_expansion_5000,0.8316580229786484,1,1
v18_3883,সিলেটে চারদিনব্যাপী আন্তর্জাতিক চলচ্চিত্র উৎসব শুরু,corpus_expansion_5000,0.719553052075768,1,0
v18_0169,ছাত্রী লাঞ্ছিত,new_mid_w0_p0,0.1093085340118682,0,0
v18_1355,স্ত্রীসহ সাংবাদিক হত্যা: ভাগ্নে আটক,corpus_expansion_5000,0.13989554079563668,0,1
v18_2785,দুর্ঘটনায় নরসিংদী যুবলীগ নেতাসহ নিহত ৩,corpus_expansion_5000,0.2411447352040636,0,1
v18_3632,জিতলে ডুবোজাহাজ বহর নবায়ন করব,corpus_expansion_5000,0.13493555728515033,0,0
v18_4748,অ্যাসিডে খেতের ধান নষ্ট করার অভিযোগ,corpus_expansion_5000,0.11032877866604021,0,0
v18_4004,আয়-ব্যয়ের হিসাব চেয়ে ৪০ দলকে ইসির চিঠি,corpus_expansion_5000,0.11212293679075264,0,0
v18_2682,চুয়াডাঙ্গায় হত্যার দায়ে যাবজ্জীবন,corpus_expansion_5000,0.09186620316180659,0,1
v18_4704,বিশ্বকাপের জন্য প্রস্তুত অস্ট্রেলিয়া,corpus_expansion_5000,0.6294045879603134,1,0
v18_4025,চট্টগ্রাম-নাজিরহাট রুটে ডেমু ট্রেন উদ্বোধন,corpus_expansion_5000,0.1360273073302293,0,0
v18_1640,ধর্ষণে অন্তঃসত্ত্বা স্কুলছাত্রী!,corpus_expansion_5000,0.6125220337361617,1,1
v18_1290,বেগমগঞ্জে বন্দুকযুদ্ধে ‘শীর্ষ সন্ত্রাসী’ নিহত,corpus_expansion_5000,0.16920229631993716,0,1
v18_1380,পরীক্ষা ৬ নভেম্বর,corpus_expansion_5000,0.32263931900913917,0,1
v18_1933,ময়মনসিংহে ‘বন্দুকযুদ্ধে’ ৭ মামলার আসামি রুবেল নিহত,corpus_expansion_5000,0.2860730847351194,0,1
v18_0579,প্রাথমিক বিদ্যালয়ে বাল্যবিবাহের তথ্য চেয়ে চিঠি,new_high_w1_pany,0.35183690948447854,0,1
v18_4220,দামেস্কে বিমানঘাঁটি দখলের দাবি বিদ্রোহীদের,corpus_expansion_5000,0.1353199798207458,0,0
v18_3160,প্রিমিয়াম আয় বেড়েছে বিমা কোম্পানিগুলোর,corpus_expansion_5000,0.15848550696982344,0,0
v18_2030,চকরিয়ায় নারীর লাশ উদ্ধার,corpus_expansion_5000,0.2060688837501653,0,1
v18_0892,"গণধোলাইয়ে নিহত ৩, উত্তেজনা তুঙ্গে",corpus_expansion_5000,0.09083507161715394,0,1
v18_3951,প্রার্থীদের টাকার উৎস খতিয়ে দেখবে দুদক,corpus_expansion_5000,0.3045995168144518,0,0
v18_0780,বন্যাদুর্গতদের ঈদের আনন্দ নেই,v17_reused,0.44329353692729795,1,0
v18_0159,"‘আত্মজীবনী নয়, বিশ্বকাপ স্মৃতিকথা’",new_mid_w0_p0,0.8556242132714119,1,0
v18_0002,জাতীয় ঐক্যফ্রন্টের সঙ্গে সংলাপে বসবেন প্রধানমন্ত্রী,v17_reused,0.32015637523129953,0,0
v18_2263,বোলিং অ্যাকশন বদলেই সাকিবের ফেরা!,corpus_expansion_5000,0.903725131514506,1,1
v18_3216,বাসের জন্য টার্মিনালেই ঘণ্টার পর ঘণ্টা,corpus_expansion_5000,0.13971237781928053,0,0
v18_2109,কুকুরকে ঢিল মারায় পথচারীকে গুলি করে হত্যা!,corpus_expansion_5000,0.581916924460261,1,1
v18_0849,‘চোর সন্দেহে’ যুবককে পিটিয়ে হত্যা,corpus_expansion_5000,0.1370206048252281,0,1
v18_2737,পাল্টাপাল্টি ধাওয়ায় যুবকের মৃত্যু!,corpus_expansion_5000,0.565826203989932,1,1
v18_2466,বগুড়ায় এক রাতে দুজনকে হত্যা,corpus_expansion_5000,0.21782583317073023,0,1
v18_3650,কোরবানির পশু এখনো হাটে,corpus_expansion_5000,0.11372618185194458,0,0
v18_1596,নারী সাংবাদিক ধর্ষণে ২৫ কোটি টাকা জরিমানা,corpus_expansion_5000,0.08954926881988429,0,1
v18_1776,৫ জানুয়ারি ৫০০ লোক মারা যেত: আইনমন্ত্রী,corpus_expansion_5000,0.19406691221414885,0,1
v18_1913,মীর কাসেমের ফাঁসি কোথায়?,corpus_expansion_5000,0.565214912592122,1,1
v18_1043,‘প্রতারক’ দম্পতির বিরুদ্ধে দুদকের মামলা,corpus_expansion_5000,0.30093381222399707,0,1
v18_4713,বিভিন্ন স্থান থেকে আরো ৮ জেএমবি জঙ্গী গ্রেপ্তার,corpus_expansion_5000,0.11119081820255733,0,0
v18_1544,আ’লীগের দুপক্ষের সংঘর্ষে আহত ৪,corpus_expansion_5000,0.1513950854472003,0,1
v18_2736,কবরস্থান থেকে ১৩টি কঙ্কাল চুরি,corpus_expansion_5000,0.3832153261428061,0,1
v18_3706,আবারও আসছে চিকুনগুনিয়া,corpus_expansion_5000,0.13594465100785882,0,0
v18_4617,ইজতেমা ময়দানে মুসল্লিদের রক্তক্ষয়ী সংঘর্ষ (দেখুন ছবিতে),corpus_expansion_5000,0.4413369854724032,1,0
v18_0053,ভিজিএফ কর্মসূচিতে ৫ লাখ ৭০ হাজার পরিবারকে খাদ্য সরবরাহ করা হবে,new_mid_w1_p0,0.0945363922261271,0,0
v18_1796,ইস্তাম্বুলে বিস্ফোরণে নিহত ৩৮ : আহত ১৬৬,corpus_expansion_5000,0.1808386857797211,0,1
v18_1911,জঙ্গি দমনের পথ দুটি: মওদুদ,corpus_expansion_5000,0.274268209008867,0,1
v18_2306,জঙ্গিবাদ দমন ও নিবারণ,corpus_expansion_5000,0.8184756957756283,1,1
v18_2553,বিশ্ব ক্রিকেটে ‘একমাত্র’ সাকিব!,corpus_expansion_5000,0.9652603202614585,1,1
v18_2800,বড়দিনে আমির অভিনীত ‘পিকে’,corpus_expansion_5000,0.8282355492157261,1,1
v18_4086,উপাচার্যকে উদ্ধার না করলে জীবনহানির আশঙ্কা ছিল: কাদের,corpus_expansion_5000,0.14470786768322905,0,0
v18_4127,চাপকে আশীর্বাদ হিসেবে দেখছেন হাফিজ,corpus_expansion_5000,0.5371495813291624,1,0
v18_0824,যশোরে ‘হাঁস সোহেলকে’ গুলি করে হত্যা,corpus_expansion_5000,0.21093841116397974,0,1
v18_4733,মেঘের ওপাশে ঝরনা,corpus_expansion_5000,0.599058438409889,1,0
v18_3178,ঋণ ব্যবস্থাপনা আইএফআইসি ব্যাংকের প্রশিক্ষণ,corpus_expansion_5000,0.2411447352040636,0,0
v18_3401,'কোনো অবস্থাতেই গ্যাস রপ্তানি করতে দেওয়া হবে না',corpus_expansion_5000,0.0910673361138763,0,0
v18_1389,‘স্টুডেন্টস ওয়াচ’,corpus_expansion_5000,0.11699464936207442,0,1
v18_3564,ছাত্র-শিক্ষক কর্মসূচিতে অচল রোকেয়া বিশ্ববিদ্যালয়,corpus_expansion_5000,0.11330042152870937,0,0
v18_4876,প্রকাশকদের স্বপ্ন ধূলিসাৎ,corpus_expansion_5000,0.38529762792756156,0,0
v18_0884,ব্যাংককে বোমা হামলা ‘সবচেয়ে ভয়াবহ’,corpus_expansion_5000,0.26900985020626034,0,1
v18_3805,দেশের স্বাস্থ্যখাতের উন্নয়নে এডিবি’র সাথে সমঝোতা,corpus_expansion_5000,0.12128357029579274,0,0
v18_1607,মুক্তিযুদ্ধে নিহত ৩ থেকে ৫ লাখ!,corpus_expansion_5000,0.7243415138685636,1,1
v18_1594,মুশফিকের ব্যাটের নিলামে ‘ভুয়া কল’!,corpus_expansion_5000,0.9222694788751578,1,1
v18_0771,পানির কষ্টে জীবন পানি,new_mid_w0_p0,0.4810188991784051,1,0
v18_2611,অপহরণের ৮ ঘণ্টা পর আওয়ামী নেতা উদ্ধার,corpus_expansion_5000,0.11870233988843988,0,1
v18_4661,অস্থির রোহিঙ্গা ক্যাম্প,corpus_expansion_5000,0.13670277390246421,0,0
v18_2273,বাসে ব্রিফকেসে অজ্ঞাত নারীর লাশ,corpus_expansion_5000,0.16397145736911356,0,1
v18_1868,দামেস্কে গাড়িবোমা বিস্ফোরণে নিহত ১৫,corpus_expansion_5000,0.32393754926875235,0,1
v18_1085,সুবর্ণচরে গৃহবধূকে গণধর্ষণ: গ্রেফতার আরও একজন,corpus_expansion_5000,0.15240588400164884,0,1
v18_0010,নাইজেরিয়া দলও ঢাকায়,v17_reused,0.2001629885758341,0,0
v18_3611,বাহক নির্ণয় বাধ্যতামূলক করে আইন করা জরুরি,corpus_expansion_5000,0.3762640858868449,0,0
v18_1325,আফগানিস্তানে পৃথক বোমা হামলায় নিহত ২৫,corpus_expansion_5000,0.13258201302671047,0,1
v18_3390,আরো শত কোটি টাকা পরিশোধ করল সিটিসেল,corpus_expansion_5000,0.09290402515698817,0,0
v18_1463,কেরানীগঞ্জে ৪ খুন: আরেকজন গ্রেপ্তার,corpus_expansion_5000,0.11565277201298187,0,1
v18_0806,‘মতাদর্শের বিরোধ’ থেকে খিজির খান হত্যা,corpus_expansion_5000,0.1380068350611643,0,1
v18_4260,ভারতের লোকসভা নির্বাচনের তৃতীয় ও বৃহত্তম পর্বের ভোট হচ্ছে,corpus_expansion_5000,0.24658569031706137,0,0
v18_3985,নিউ ইয়র্কে যুবদলের ৪০তম প্রতিষ্ঠাবার্ষিকী পালন,corpus_expansion_5000,0.6563591504090336,1,0
v18_3771,ভূঞাপুরে ঘরে ঘরে ত্রাণ পৌঁছে দিচ্ছেন ইউএনও,corpus_expansion_5000,0.2209388185884849,0,0
v18_2108,‘নার্ভাস ফরটি নাইন’ সাকিবেরও প্রিয়!,corpus_expansion_5000,0.8535292994452353,1,1
v18_4235,টি-টোয়েন্টি সিরিজ এবার যুক্তরাষ্ট্রে,corpus_expansion_5000,0.19000580961738978,0,0
v18_4956,ইতালিতে করোনাভাইরাসে ১৩ চিকিৎসকের মৃত্যু,corpus_expansion_5000,0.19000580961738978,0,0
v18_2234,রাজশাহীতে জেএমবি ২ সদস্য গ্রেপ্তার,corpus_expansion_5000,0.6432632590708909,1,1
v18_3211,ব্র্যাক ব্যাংক কার্ডহোল্ডারদের জন্য শেয়ারট্রিপে ২০ শতাংশ ছাড়,corpus_expansion_5000,0.4413369854724032,1,0
v18_0963,আড়াইহাজারে গণপিটুনি: ‘ক্ষোভ থেকেই হত্যা’,corpus_expansion_5000,0.12923387659351546,0,1
v18_3415,শূকর ছানা আঁকা ছবি বিক্রি হলো সাড়ে ৩ লাখ টাকায়,corpus_expansion_5000,0.4413369854724032,1,0
v18_3753,৩৭ বছর যাবৎ কাউন্সিলর রয়েছেন পিতা-পুত্র,corpus_expansion_5000,0.689060873413982,1,0
v18_0398,মধ্য ও উত্তর বঙ্গোপসাগরে লঘুচাপটির অবস্থান দুর্বল,new_mid_w1_p1,0.4394098775908154,1,1
v18_2632,মুজিবুর অপহরণ মামলা সিআইডিতে,corpus_expansion_5000,0.1694592022316949,0,1
v18_4851,সাকিবকে ফিরতে চিঠি দিচ্ছে বিসিবি,corpus_expansion_5000,0.7428853870821743,1,0
v18_2996,বার্সেলোনা যাওয়ার সুযোগ দিল সিঙ্গার ও বেকো,corpus_expansion_5000,0.4237456057776692,1,0
v18_0704,শিক্ষাক্ষেত্রেও আগ্রহী ইনটেল : জিয়া মনজুর,new_mid_w0_p0,0.2860730847351194,0,0
v18_0431,র্যাবের সঙ্গে ‘বন্দুকযুদ্ধে মাদক ব্যবসায়ী’র মৃত্যু,new_mid_w0_p0,0.19000580961738978,0,0
v18_0292,তামিমের আরেকটি কীর্তি,new_low_w0_pany,0.4801891594557295,1,0
v18_4867,"প্রস্তুত নন, বিয়ে পেছাচ্ছে জাপানি রাজকন্যার",corpus_expansion_5000,0.7548229253355702,1,0
v18_0145,১৯০ ইউপিতে প্রচার শেষে ভোটের অপেক্ষা,new_mid_w1_p0,0.1476023763660605,0,0
v18_4393,স্বাধীনতা দিবসে ফুটবল খেলায় নুসরাত,corpus_expansion_5000,0.8686756666592437,1,0
v18_2033,চালককে হত্যা করে ভ্যান ছিনতাই,corpus_expansion_5000,0.488193908604315,1,1
v18_4283,নতুন নতুন এলাকা প্লাবিত বাড়ছে মানুষের দুর্ভোগ,corpus_expansion_5000,0.18806785168750853,0,0
v18_1165,হত্যাযজ্ঞ আজও থামেনি,corpus_expansion_5000,0.11036362208258738,0,1
v18_3500,বিদেশফেরত বেশির ভাগ কর্মীর আয়ের কোনও উৎস নেই,corpus_expansion_5000,0.1133379569328199,0,0
v18_2050,সাগর-রুনি হত্যা: তদন্ত কর্মকর্তাকে তলব,corpus_expansion_5000,0.09305496260396817,0,1
v18_2624,রাকিব হত্যা: জড়িতদের ফাঁসির দাবিতে সড়ক অবরোধ,corpus_expansion_5000,0.21285716074792205,0,1
v18_4378,নোবেল শান্তি পুরস্কার পেলেন প্রফেসর ইউনূস,corpus_expansion_5000,0.5488252202129049,1,0
v18_0339,নাইক্ষ্যংছড়ি উপনির্বাচন স্থগিত করে হাইকোর্টের দেওয়া আদেশ স্থগিত,v17_reused,0.0945363922261271,0,0
v18_3879,ওআইসির ঢাকা ঘোষণা নিয়ে পাকিস্তানের অভিযোগ নাকচ করেছে বাংলাদেশ,corpus_expansion_5000,0.09329679250687892,0,0
v18_4632,আচারি মিষ্টি কুমড়া,corpus_expansion_5000,0.4413369854724032,1,0
v18_2973,কারিগরি শিক্ষায় ছাত্রী ভর্তির হার কমেছে,corpus_expansion_5000,0.22093289970179,0,0
v18_0265,ক্রিকেটের জন্য কোনো দেশই নিরাপদ নয়: পিসিবি,new_mid_w0_p0,0.38647656565572,0,0
v18_2424,মীরসরাই জঙ্গি আস্তানা ঘিরে জনমনে আতঙ্ক,corpus_expansion_5000,0.4522413409599613,1,1
v18_1262,‘আওয়ামী লীগের দুই নেতা হত্যা ছিল পরিকল্পিত’,corpus_expansion_5000,0.2871103142469497,0,1
v18_1771,গ্রেফতারের পর ‘বন্দুকযুদ্ধে’ নিহত,corpus_expansion_5000,0.18544027373139169,0,1
v18_3511,সোশ্যাল লগ-ইন ফিচার আনছে গুগল প্লাস,corpus_expansion_5000,0.6542709475511214,1,0
v18_0271,ধরপাকড় বন্ধ হয়নি সৌদি রাজপরিবারে,v17_reused,0.4413369854724032,1,0
v18_0696,"মাহমুদ, মেনারিয়া জেতালেন খেলাঘরকে",v17_reused,0.8761841853808728,1,0
v18_0747,খতিয়ে দেখতে সংসদীয় উপকমিটি গঠন,new_low_w0_pany,0.0945363922261271,0,0
v18_0244,গ্রীষ্ম কথা,v17_reused,0.5846941680858114,1,0
v18_0317,উপস্থাপনায় প্রিয়াঙ্কা,v17_reused,0.8784590901281101,1,0
v18_0476,সাত মাস ‘নিখোঁজ’ যুবক মন্দিরে হামলায় গ্রেপ্তার,new_mid_w1_p0,0.18034626920257127,0,0
v18_2032,দুই সহোদরকে কুপিয়ে হত্যা,corpus_expansion_5000,0.4232883946426938,1,1
v18_0957,মেয়রই ‘গুলি করেছিলেন’: সাংসদের অভিযোগ,corpus_expansion_5000,0.24813995017626644,0,1
v18_3816,"পাক-ভারত ম্যাচ ফেরাও, সৌরভকে রশিদ লতিফ",corpus_expansion_5000,0.6974874866511146,1,0
v18_0813,গুগল ডটকম বিপজ্জনক!,corpus_expansion_5000,0.7929023714352891,1,1
v18_4532,জিম্বাবুয়ের বিপক্ষে অস্ট্রেলিয়ার জয়,corpus_expansion_5000,0.3752431354790696,0,0
v18_1914,‘অপহরণকারী চক্রের’ ৫ জন আটক,corpus_expansion_5000,0.20488714817642423,0,1
v18_4602,মিলানে বাংলাদেশি ও ইতালীয় শিল্পীর যৌথ চিত্র প্রদর্শনী,corpus_expansion_5000,0.32912155184893244,0,0
v18_3487,খুলনায় স্কুল ব্যাংকিং কার্যক্রম শুরু,corpus_expansion_5000,0.3451374483123983,0,0
v18_1297,আত্মসাৎ: মামলা হচ্ছে ঢাকা মেডিকেলের ৬ কর্মীর বিরুদ্ধে,corpus_expansion_5000,0.0945363922261271,0,1
v18_4030,কার্যালয়ে চীনের রাষ্ট্রদূতের সঙ্গে খালেদার বৈঠক,corpus_expansion_5000,0.2507245877034634,0,0
v18_1804,সুনামগঞ্জে সংঘর্ষে পুলিশসহ আহত ২৫,corpus_expansion_5000,0.1133379569328199,0,1
v18_0758,রামপালবিরোধী কর্মসূচিতে তৎপর হয়ে ওঠে পুলিশ ও সন্ত্রাসীরা,new_low_w0_pany,0.12161666746629052,0,0
v18_0250,প্রধান বিচারপতি সুরেন্দ্র কুমার সিনহার শারীরিক অবস্থা পর্যবেক্ষণে বিশেষজ্ঞ চিকিৎসক,new_high_w1_pany,0.09120807790699394,0,1
v18_2461,আখাউড়ায় যুবকের খণ্ডিত লাশ উদ্ধার,corpus_expansion_5000,0.488193908604315,1,1
v18_0545,কুষ্টিয়ায় বেতার কেন্দ্র চাই,v17_reused,0.3451374483123983,0,0
v18_3241,৪ দিন সেবাবঞ্চিত থাকছে ডাচ-বাংলা ব্যাংকের আড়াই কোটি গ্রাহক,corpus_expansion_5000,0.1105013366460632,0,0
v18_0738,নেত্রকোণায় আবাদি জমিতে তরুণীর গলাকাটা লাশ,new_mid_w0_p0,0.17491898592996105,0,0
v18_0310,কুকুরের কামড়ে শিশুসহ আহত ৪,v17_reused,0.3555702953995473,0,0
v18_3780,বিলুপ্তির পথে দুর্গাপুরের ঐতিহ্যবাহী মহাশোল মাছ,corpus_expansion_5000,0.8392478694603321,1,0
v18_2941,অবৈধ পাথর–বালু ব্যবসা ও যোগাযোগ পর্যটনের বাধা,corpus_expansion_5000,0.24943882436057568,0,0
v18_1131,৬০ মণ মিষ্টি ধ্বংস,corpus_expansion_5000,0.27273548435752637,0,1
v18_1449,দিনাজপুরে দু’পক্ষের সংঘর্ষ : নিহত ১,corpus_expansion_5000,0.4322973095567889,1,1
v18_4919,টানা অনুপস্থিত শিক্ষার্থীর তালিকা চেয়েছে সরকার,corpus_expansion_5000,0.09798252903309293,0,0
v18_0015,বারডেম হাসপাতাল কেবিনে টেলিভিশন বিস্ফোরণ,new_mid_w0_p0,0.5494664555230963,1,0
v18_3232,ভিডিও চ্যাটের জন্য যন্ত্র আনছে ফেসবুক,corpus_expansion_5000,0.4660988128928254,1,0
v18_2769,ঠাকুরগাঁওয়ে বিজিবির সঙ্গে ‘বন্দুকযুদ্ধে’ নিহত ১,corpus_expansion_5000,0.2031078492546176,0,1
v18_3468,ভাস্কর্য নিয়ে আন্দোলন কোরআনের কোনো জায়গায় লেখা নেই: ডা. জাফরুল্লাহ,corpus_expansion_5000,0.3742743165155272,0,0
v18_0920,সন্দেহভাজন ৫ জঙ্গি রিমান্ডে,corpus_expansion_5000,0.1558436963198693,0,1
v18_3029,ঢাকা বিশ্ববিদ্যালয়-আইএফআইসি ব্যাংকের সমঝোতা চুক্তি স্বাক্ষর,corpus_expansion_5000,0.2411447352040636,0,0
v18_1372,গুপ্তচর হত্যাচেষ্টা: ‘দ্রুত’ সুস্থ হচ্ছেন স্ক্রিপাল,corpus_expansion_5000,0.3297983837708939,0,1
v18_3587,প্রথম দিনে ২ লাখ টাকা জরিমানা আদায় ডিএনসিসির,corpus_expansion_5000,0.16079228470839807,0,0
v18_2544,যশোরে জঙ্গি মারজানের বোনসহ চারজনের নামে চার্জশিট,corpus_expansion_5000,0.13042706172662621,0,1
v18_3598,সুন্দর সম্পর্ক তছনছ করতে পারে যে আচরণ,corpus_expansion_5000,0.3872954668772206,0,0
v18_0038,জামিন পেলেন সাবেক পূর্ত প্রতিমন্ত্রী মান্নানের স্ত্রী,new_high_w1_pany,0.1133379569328199,0,1
v18_0363,‘প্রতারক’ সাহেদের বিরুদ্ধে ফের গ্রেফতারি পরোয়ানা,v17_reused,0.1353199798207458,0,0
v18_4101,বৃষ্টি থামায় চেন্নাইয়ে কমছে বন্যার পানি,corpus_expansion_5000,0.24705373609533757,0,0
v18_0182,মিলছে না জিডিপি প্রবৃদ্ধির হিসাব,v17_reused,0.26025014359382553,0,0
v18_3033,চাঁদপুরের মহাসড়কে ট্রাক্টর ও ইজিবাইক নিষিদ্ধ,corpus_expansion_5000,0.752218275028346,1,0
v18_2983,যাত্রীবাহী ট্রেন চলাচল বন্ধের সময় বাড়ছে,corpus_expansion_5000,0.1133379569328199,0,0
v18_1194,সিনাইয়ে জঙ্গি হামলা,corpus_expansion_5000,0.2344844413536289,0,1
v18_2852,মহেশখালীতে প্রতিপক্ষের হামলায় নিহত ১,corpus_expansion_5000,0.1321305551995193,0,1
v18_4542,বিডিনিউজের সাবেক কর্মকর্তা শৈবাল কানুনগো মারা গেছেন,corpus_expansion_5000,0.16079228470839807,0,0
v18_1121,মিরসরাইয়ে অগ্নিকাণ্ড,corpus_expansion_5000,0.5189366056681108,1,1
v18_2235,তেলাপোকা তাড়ানোর ৫ উপায়,corpus_expansion_5000,0.7479546523438566,1,1
v18_2667,‘গোপন জবানবন্দি’ দিলেন গণধর্ষণের শিকার নান,corpus_expansion_5000,0.15314581743321837,0,1
v18_3699,শেরপুরে প্রতিবন্ধী ব্যক্তিদের বিনা মূল্যে চিকিৎসা,corpus_expansion_5000,0.4076543965940803,0,0
v18_3223,রুগ্ন প্রতিষ্ঠানগুলোর ঋণ হিসাব নিষ্পত্তির নির্দেশ,corpus_expansion_5000,0.22311587068072297,0,0
v18_1182,নাসিরনগরে হামলা: জাহাঙ্গীরের ‘স্বীকারোক্তিমূলক’ জবানবন্দি,corpus_expansion_5000,0.11710464446720181,0,1
v18_4184,ত্রাণ যাতে না দিতে হয় সেজন্য সরকার সব খুলে দিচ্ছে: রিজভী,corpus_expansion_5000,0.13273430606046585,0,0
v18_4293,ঢাকার নবনির্বাচিত মেয়র-কাউন্সিলরের শপথ আজ,corpus_expansion_5000,0.4031072867748539,0,0
v18_0614,ইবি খুললেও ক্লাশে যাননি শিক্ষকরা,new_mid_w1_p1,0.08956527808134776,0,1
v18_4908,গণমানুষের অধিকার প্রতিষ্ঠায় খেলাফত রাষ্ট্রব্যবস্থার বিকল্প নেই খেলাফত মজলিস,corpus_expansion_5000,0.24781064986832865,0,0
v18_1466,চট্টগ্রামে আনসার সদস্যের ‘আত্মহত্যা’,corpus_expansion_5000,0.4805131009053714,1,1
v18_0401,বিশ্বনাথে অধ্যক্ষের প্ররোচনায় অফিস সহকারীর আত্মহত্যা,new_mid_w0_p0,0.1353199798207458,0,0
v18_3042,"কৃষক নন, ধান বিক্রি করছে ফড়িয়ারা",corpus_expansion_5000,0.157564130026696,0,0
v18_0934,যুবতীকে গণধর্ষণ: ছাত্রলীগ কর্মী গ্রেফতার,corpus_expansion_5000,0.1063138333332219,0,1
v18_2419,গাজীপুরে পুলিশের পোশাকে ডাকাতি,corpus_expansion_5000,0.1133379569328199,0,1
v18_4860,মাগুরায় বিধিমালা অমান্য করায় জেল-জরিমানা,corpus_expansion_5000,0.13213711899128838,0,0
v18_4910,ক্ষতিগ্রস্তদের পুনর্বাসনে বৈশ্বিক তহবিলের সহায়তা চাওয়া উচিত,corpus_expansion_5000,0.09338242919353935,0,0
v18_2641,চট্টগ্রামে বিপুল বিস্ফোরক উদ্ধারের ঘটনায় মামলা,corpus_expansion_5000,0.15286325658830527,0,1
v18_4017,সিলেট থেকে বিমানের হজ ফ্লাইট শুরু,corpus_expansion_5000,0.14392940408988392,0,0
v18_0726,ঝড়ো বাতাসে ডুবেছে লাইটারেজ জাহাজ,new_high_w1_pany,0.19000580961738978,0,1
v18_0826,পাওয়া গেছে আরেক জঙ্গির পরিচয়,corpus_expansion_5000,0.2798587323632524,0,1
v18_1521,‘ইসলামি খিলাফত’ ঘোষণা আইএসআইএল জঙ্গিদের,corpus_expansion_5000,0.17926598973881527,0,1
v18_4856,ভারত বাংলাদেশে শান্তিপূর্ণ নির্বাচন চায়: পঙ্কজ সরন,corpus_expansion_5000,0.22843062052528226,0,0
v18_2930,শিক্ষক-শিক্ষার্থী লাঞ্ছিত মহাসড়ক অবরোধ,corpus_expansion_5000,0.9435057366743854,1,0
v18_0136,"প্রাচীর নেই, ঝুঁকিতে শিক্ষার্থীরা",new_low_w0_pany,0.2782436120513043,0,0
v18_3590,দিনাজপুরে বন্যা মোকাবেলায় সেনা সহায়তা চেয়েছে জেলা প্রশাসন,corpus_expansion_5000,0.1988642435269017,0,0
v18_0628,শেষ ম্যাচও হারল বাংলাদেশের মেয়েরা,new_low_w0_pany,0.4413369854724032,1,0
v18_0334,মাইলিকে হত্যার হুমকি!,new_mid_w0_p0,0.9074335713890842,1,0
v18_0390,"পাবনায় গুলি করে, নওগাঁয় কুপিয়ে হত্যা",new_mid_w1_p0,0.15990922684742784,0,0
v18_4387,সিম্ফনির স্মার্টফোন কিনে বাইক জিতল খুলনার সন্ধ্যা রানী সাহা,corpus_expansion_5000,0.3921913672632442,0,0
v18_4904,যৌন হয়রানির দায়ে চট্টগ্রামে শিক্ষক চাকরিচ্যুৎ,corpus_expansion_5000,0.7271739580586591,1,0
v18_3832,ক্ষুদ্র নৃ-গোষ্ঠী একাডেমির নির্মাণকাজের উদ্বোধন,corpus_expansion_5000,0.21292446412770244,0,0
v18_1817,‘লারা ক্রফট’ এশা!,corpus_expansion_5000,0.9863502939426652,1,1
v18_0400,কুমিল্লা কারাগারে ইয়াবাসহ সহকারী প্রধান কারারক্ষী আটক,new_mid_w0_p0,0.33298750717799724,0,0
v18_0710,কারা বিধি অনুযায়ী খালেদা জিয়া সাধারণ বন্দী: আইজি প্রিজনস,new_high_w1_pany,0.09262375166819026,0,0
v18_1039,গোলাগুলিতে ‘মাদক ব্যবসায়ী’ নিহত,corpus_expansion_5000,0.15654837097718127,0,1
v18_3989,সেবা পেতে ভোগান্তির চিত্র তুলে ধরলেন সেবাপ্রার্থীরা,corpus_expansion_5000,0.11234384390109488,0,0
v18_3359,কুমিল্লায় জাপার দুই এমপির সম্পদ বেড়েছে,corpus_expansion_5000,0.2125184986220218,0,0
v18_0046,বাংলাদেশি বিতর্কে আসামে চ্যালেঞ্জের মুখে ভারতীয় সেনাপ্রধান,new_mid_w1_p1,0.39118188402147475,0,1
v18_1561,নাগার্জুনের বাড়িতে দম্পতির লাশ!,corpus_expansion_5000,0.9271898985651443,1,1
v18_4799,এশিয়ার জনসংখ্যা ঘনত্বের মানচিত্র তৈরি করেছে ফেসবুক,corpus_expansion_5000,0.23084221797929655,0,0
v18_3642,ঢাকায় শুরু হলো ৩ দিনব্যাপী ভারতীয় প্রকৌশল প্রদর্শনী,corpus_expansion_5000,0.1133379569328199,0,0
v18_3726,"মহাবীর আলেকজান্ডার পাঠ নেন মৃত্যুশয্যায়, আশরাফ নেন রাজনীতিতে",corpus_expansion_5000,0.9356080821453949,1,0
v18_4982,কোহলির ব্যাটে বড় সংগ্রহ ভারতের,corpus_expansion_5000,0.6229465733397762,1,0
v18_1112,নাজিম উদ্দিন হত্যা,corpus_expansion_5000,0.19341041766614195,0,1
v18_2513,১৩ অক্টোবর: আজকের ঢাকা,corpus_expansion_5000,0.5591899765303632,1,1
v18_3608,ক্রিকেটার হওয়ার স্বপ্ন ওদের চোখে–মুখে,corpus_expansion_5000,0.34369787728358525,0,0
v18_1223,‘বেলাশেষে’র ডাবল সেঞ্চুরি,corpus_expansion_5000,0.8975956246268766,1,1
v18_4060,"কুতিনহোর অভিষেক গোল, ফাইনালে বার্সা",corpus_expansion_5000,0.6229465733397762,1,0
v18_3023,"মিল্ক ভিটার দুধ পরিপূর্ণ, উপযুক্ত ও সুস্বাদু: প্রতিমন্ত্রী",corpus_expansion_5000,0.1475664263753733,0,0
v18_2421,বখাটের হামলায় শিক্ষিকা আহত,corpus_expansion_5000,0.19000580961738978,0,1
v18_1508,"ঝিনাইদহে আ'লীগ-বিএনপি সংঘর্ষ, আহত ৫",corpus_expansion_5000,0.32912433633448773,0,1
v18_1750,আমতলীতে দুপক্ষের সংঘর্ষে আহত ১৬,corpus_expansion_5000,0.1109507320206637,0,1
v18_4837,নিজেকে ফিট রাখতে,corpus_expansion_5000,0.6229465733397762,1,0
v18_4096,কুমিল্লা মডার্ন হাইস্কুল পরিচালনায় অ্যাডহক কমিটি,corpus_expansion_5000,0.0916761160086332,0,0
v18_1799,ভারতীয় ঋণে ১১শ’ বাস-ট্রাক : বিআরটিসি’র সব ডিপোতেই দুর্নীতি-ওবায়দুল কাদের,corpus_expansion_5000,0.0945363922261271,0,1
v18_0338,টেস্ট ক্রিকেটকে বিদায় জানালেন কলিংউড,v17_reused,0.2411447352040636,0,0
v18_0215,সোনাইমুড়িতে ১৪৪ ধারা জারি,v17_reused,0.1670376321608323,0,0
v18_3663,এক চতুর্থাংশ মুনাফা হারাচ্ছে স্যামসাং,corpus_expansion_5000,0.30093381222399707,0,0
v18_1341,‘ছিনতাইয়ের তথ্য জানানোয়’ নারীকে কুপিয়ে হত্যা,corpus_expansion_5000,0.4181652738511164,1,1
v18_0011,ব্যাংককে সন্ত্রাসী হামলার সতর্কতা যুক্তরাষ্ট্রের,v17_reused,0.17431760056595527,0,0
v18_1520,সরকার জঙ্গিবাদ লালন করছে: ফখরুল,corpus_expansion_5000,0.10855426310924385,0,1
v18_3640,সহকারী কোচ হলেন কালপাগে,corpus_expansion_5000,0.32912155184893244,0,0
v18_3937,ভারতে গাড়ি বিক্রিতে মন্দা,corpus_expansion_5000,0.22311587068072297,0,0
v18_4427,শ্রীলঙ্কা থেকে জায়ানের মরদেহ আসবে মঙ্গলবার: শিল্পমন্ত্রী,corpus_expansion_5000,0.29019271611269404,0,0
v18_3004,"১৭ বছরেও সেতু হয়নি, ধুঁকছে সাত গ্রামের মানুষ",corpus_expansion_5000,0.2400030018362426,0,0
v18_2864,চট্টগ্রামে মাদকের আখড়ায় র্যাবের সঙ্গে ‘বন্দুকযুদ্ধে’ নিহত ২,corpus_expansion_5000,0.37649311241224453,0,1
v18_3115,চট্টগ্রাম-সিঙ্গাপুর সরাসরি ফ্লাইট চালু ডিসেম্বর নাগাদ,corpus_expansion_5000,0.16079228470839807,0,0
v18_4840,ইউভেন্তুসের সহজ জয়,corpus_expansion_5000,0.5434738198858534,1,0
v18_2322,মাদারীপুরে ট্রাকচাপায় নিহত ১,corpus_expansion_5000,0.1476023763660605,0,1
v18_2571,এই গুলি গুলি না...,corpus_expansion_5000,0.632165294371068,1,1
v18_2913,দেশের বাজারে মটোরোলার নতুন স্মার্টফোন,corpus_expansion_5000,0.5743695239102369,1,0
v18_0101,শেখ হাসিনার উন্নয়নের পোস্টার লাগে না -ভূমিমন্ত্রী,new_mid_w1_p1,0.24679608652994997,0,1
v18_3549,চট্টগ্রাম বন্দর এলাকায় যানজট নিরসনে কনটেইনার ডিপো সরানোর দাবি,corpus_expansion_5000,0.3641073066875722,0,0
v18_1458,‘আলগা নোঙ্গর’ সিনেমার অসর্ম্পূণ ট্রেইলার ফাঁস!,corpus_expansion_5000,0.9851748684123818,1,1
v18_0171,এবার বাংলাদেশ ব্যাংক পুরস্কার পাচ্ছেন আজিজুর ও মাহবুব,new_high_w1_pany,0.3121153010270905,0,1
v18_0107,অধ্যাপক খালেদ স্মারক বক্তৃতায় কারিগরি শিক্ষায় জোর,new_high_w1_pany,0.19000580961738978,0,1
v18_4196,শান্তিরক্ষা মিশনের চ্যালেঞ্জ মোকাবেলায় সংলাপের আহ্বান,corpus_expansion_5000,0.29514328552989294,0,0
v18_3569,খসড়া শিল্পনীতিঃ জাহাজ নির্মাণ ও নবায়নযোগ্য বিদ্যুতে অগ্রাধিকার,corpus_expansion_5000,0.41849315049290436,1,0
v18_4991,লংকানদের রানের পাহাড়ের চাপে বিবর্ণ বাংলাদেশ,corpus_expansion_5000,0.6618531119973856,1,0
v18_4295,ভোট তৃণমূল পুনর্গঠন মুজিববর্ষ নিয়ে ব্যস্ত থাকবে আওয়ামী লীগ,corpus_expansion_5000,0.20050229529672584,0,0
v18_4063,বিমানের ১৫টি স্লট পাওয়া গেছে-প্রেস ব্রিফিংয়ে ধর্মমন্ত্রী,corpus_expansion_5000,0.12532311444865932,0,0
v18_3861,ফ্রান্সকে বিশ্ব মুসলিমের কাছে ক্ষমা চাইতে হবে,corpus_expansion_5000,0.31719572432578674,0,0
v18_4122,আরব দেশগুলো থেকে ফেরত পাঠানো হচ্ছে উইঘুর মুসলিমদের,corpus_expansion_5000,0.1552881601700861,0,0
v18_4629,হংকংকে হারিয়ে জিম্বাবুয়ের শুভসূচনা,corpus_expansion_5000,0.7237986610120617,1,0
v18_0060,বাবা ও দুই মেয়ের বিদ্যুতের তারে প্যাঁচানো লাশ উদ্ধার,new_mid_w1_p1,0.18128424119739683,0,1
v18_1240,হত্যার তালিকায় মোদির নাম!,corpus_expansion_5000,0.8866276429286175,1,1
v18_4637,চট্টগ্রাম চিড়িয়াখানায় অবমুক্ত ৬ জেব্রা,corpus_expansion_5000,0.1353199798207458,0,0
v18_1040,আদনান হত্যা: আরও তিনজন গ্রেপ্তার,corpus_expansion_5000,0.0923455035588974,0,1
v18_4187,মানবতাবিরোধী অপরাধ নোয়াখালীর ৪ আসামির বিরুদ্ধে প্রথম সাক্ষীর জেরা শেষ করেছে আসামিপক্ষ,corpus_expansion_5000,0.2916991908617233,0,0
v18_2760,নাটোরে সাংসদের ‘ছেলেদের’ তাণ্ডব,corpus_expansion_5000,0.1093688378200317,0,1
v18_2120,লালমনিরহাটে হত্যার দায়ে ৫ জনের যাবজ্জীবন,corpus_expansion_5000,0.13024131768998384,0,1
v18_1524,খিলক্ষেতে র্যাবের সঙ্গে ‘বন্দুকযুদ্ধে’ নিহত ১,corpus_expansion_5000,0.2601425988962303,0,1
v18_3521,"নতুন লোগো, প্রতিক্রিয়া আর ইনস্টাগ্রামের ব্যাখ্যা",corpus_expansion_5000,0.7212157781452585,1,0
v18_0153,নবীনগরে দুই শিক্ষকের বিরুদ্ধে যৌন নিপীড়নের মামলা,new_mid_w1_p1,0.08980572683579384,0,1
v18_2248,বান্দরবানে আগ্নেয়াস্ত্র গুলিসহ আটক ৪,corpus_expansion_5000,0.3765482288833574,0,1
v18_0481,বাকি চাহিয়া লজ্জা দিবেন না!,new_mid_w0_p0,0.930256146161955,1,1
v18_4233,প্রতিবছর ১ মার্চ পালিত হবে বীমা দিবস: অর্থমন্ত্রী,corpus_expansion_5000,0.28008474130873345,0,0
v18_4305,কাগাওয়ায় নাচ আর গানে বাংলাদেশকে উপস্থাপন,corpus_expansion_5000,0.36738625312459416,0,0
v18_3578,হজযাত্রী বহনে নিয়মিত ফ্লাইটে কাটছাঁট করবে বিমান,corpus_expansion_5000,0.28192213062142907,0,0
v18_4125,নান্দাইলে সড়কের পাশের নয়টি গাছ কেটে নিলেন ইউপি সদস্য,corpus_expansion_5000,0.21983982419587095,0,0
v18_3562,বিদেশি শ্রমিকদের কর বাড়াচ্ছে মালয়েশিয়া,corpus_expansion_5000,0.12040407341991612,0,0
v18_3315,কক্সবাজারের পর্যটকদের সেবায় অ্যাপস চালু,corpus_expansion_5000,0.1546828880154378,0,0
v18_1762,শেয়ার কেলেঙ্কারি: ৩ জনকে আত্মসমর্পণের নির্দেশ,corpus_expansion_5000,0.733026444011865,1,1
v18_3538,অর্ধেক আসন ফাঁকা রেখেই চলবে ট্রেন,corpus_expansion_5000,0.11252248802907369,0,0
v18_4803,চীনে প্রথম জয়ের খোঁজে মামুনুলরা,corpus_expansion_5000,0.3921913672632442,0,0
v18_0750,ছাত্রদল নেতা রনির স্বীকারোক্তিতে পাঁচটি কার্তুজ উদ্ধার,new_mid_w1_p0,0.20410828139651088,0,0
v18_3619,উচ্চশিক্ষার মানোন্নয়নে জাতীয় বিশ্ববিদ্যালয় ও ৭৪ কলেজের চুক্তি সই,corpus_expansion_5000,0.1117645318940722,0,0
v18_1785,‘চেজ মাস্টার’ কোহলি!,corpus_expansion_5000,0.936598492588218,1,1
v18_4270,সরকারে পুনরায় যোগদান নিয়ে ইরাকি সুন্নি আরবদের মতভেদ,corpus_expansion_5000,0.1401016651233248,0,0
v18_3383,পার্সেল এক্সপ্রেস ট্রেন তিনদিনেই বন্ধ,corpus_expansion_5000,0.26719664194453807,0,0
v18_4348,২ বছরের জন্য ইংল্যান্ডের কোচ অ্যালারডাইস,corpus_expansion_5000,0.6229465733397762,1,0
v18_0405,ব্যবস্থা নিতে চট্টগ্রাম সাংবাদিক ইউনিয়নের চিঠি,new_high_w1_pany,0.15227521091378396,0,1
v18_0757,১৬ জুন পর্যন্ত বাজেট সম্পর্কে মতামত পাঠানো যাবে,new_mid_w1_p1,0.0945363922261271,0,1
v18_2711,সুন্দরবন থেকে এক জেলেকে অপহরণ,corpus_expansion_5000,0.5743695239102369,1,1
v18_2670,"অটোরিকশায় ট্রাকের ধাক্কা, নিহত ৪",corpus_expansion_5000,0.4475484780168006,1,1
v18_3983,ব্যাংকের দাপটে শেষ দিনেও ঊর্ধ্বমুখী পুঁজিবাজার,corpus_expansion_5000,0.6668291217743905,1,0
v18_0097,বগুড়ায় শনিবার হরতাল ডেকেছে বিএনপি,new_mid_w1_p0,0.2965043000387916,0,0
v18_1333,তনু হত্যা: বর্ষবরণে মৌনতায় প্রতিবাদ,corpus_expansion_5000,0.11033767263254333,0,1
v18_4451,নিষেধাজ্ঞার কবলে রোনালদো-রদ্রিগেস,corpus_expansion_5000,0.4165568777450921,0,0
v18_2791,মলমূত্র রেখে গেলো ইসরায়েলিরা!,corpus_expansion_5000,0.7577048528648269,1,1
v18_2854,নরসিংদীতে হামলায় যুবদল নেতার মৃত্যু,corpus_expansion_5000,0.34179144143122736,0,1
v18_0186,স্টুডিও থেকে মিলল জাল পরিচয়পত্র,new_mid_w1_p0,0.19559043216514294,0,0
v18_4003,বাংলাদেশ হারলেও মুশফিক হারেনি,corpus_expansion_5000,0.627581993707543,1,0
v18_2723,বায়ার্ন বনাম ‘চমক’,corpus_expansion_5000,0.5434738198858534,1,1
v18_3583,চিকেন পক্স নিয়ন্ত্রণ করবে যেসব খাবার,corpus_expansion_5000,0.7570737030869277,1,0
v18_2058,"ইতালির ফেরির সব যাত্রী উদ্ধার, নিহত ৭",corpus_expansion_5000,0.32681236481183706,0,1
v18_1319,দেশ এখন ধর্ষণের রঙ্গমঞ্চ,corpus_expansion_5000,0.10205522841223881,0,1
v18_0148,মাকে শেষবার দেখতে মইনুল রোডে খালেদা,new_mid_w1_p0,0.28147015692111366,0,0
v18_0028,বিচ হ্যাচারির ইজিএম ও এজিএমের তারিখ পরিবর্তন,new_low_w0_pany,0.36835127139997426,0,0
v18_4140,এবার ইনজুরিতে আব্দুর রাজ্জাক,corpus_expansion_5000,0.0945363922261271,0,0
v18_4009,দক্ষিণ-পূর্ব এশিয়ার বেশির ভাগ দেশে ছড়িয়েছে ডেঙ্গু,corpus_expansion_5000,0.0945363922261271,0,0
v18_3363,নতুন গেইমিং ল্যাপটপের প্রি-বুকিং নিচ্ছে আসুস,corpus_expansion_5000,0.36835127139997426,0,0
v18_0692,৪৬৮ ডেটা এন্ট্রি অপারেটর নেবে নির্বাচন কমিশন,v17_reused,0.16079228470839807,0,0
v18_2866,ময়মনসিংহে বিস্ফোরক উদ্ধার মামলার রায় মঙ্গলবার,corpus_expansion_5000,0.1971193189536589,0,1
v18_3776,জুনিয়র হকিতে কঠিন গ্রুপে বাংলাদেশ,corpus_expansion_5000,0.4413369854724032,1,0
v18_1386,গৌতম হত্যার বিচার ৫ বছরেও শেষ হয়নি,corpus_expansion_5000,0.09366796684423076,0,1
v18_1845,ইয়েমেনে বাসে হামলা: ‘ভুল’ স্বীকার সৌদি জোটের,corpus_expansion_5000,0.10164195703380519,0,1
v18_4730,জ্বালানি ব্যবহারে সাশ্রয়ী হোন: রাষ্ট্রপতি,corpus_expansion_5000,0.13282400116864834,0,0
v18_0129,চোখের কালিমা দূর করতে ফল ও সবজি,new_mid_w0_p0,0.5743695239102369,1,0
v18_1599,"টক শোতে ’হত্যার’ উসকানি, ব্যবস্থা কই: মেনন",corpus_expansion_5000,0.24616177789430432,0,1
v18_3629,ঈদের আনন্দ যেটুকু সম্ভব ঘরে বসেই উপভোগ করুন: আইজিপি,corpus_expansion_5000,0.2509787809648273,0,0
v18_4503,"বেড়ায় দুই চেয়ারম্যান প্রার্থীর সমর্থকদের গোলাগুলি, নিহত ১",corpus_expansion_5000,0.24075326040039874,0,0
v18_0701,চীনা দূতকে তলব,v17_reused,0.23884791100972985,0,0
v18_3982,চাকরি আশা করছেন প্রধানমন্ত্রীকে রিকশায় ঘোরানো টিপু,corpus_expansion_5000,0.093337684818556,0,0
v18_3028,সীমান্তে বসানো হবে সিসি টিভি ক্যামেরা,corpus_expansion_5000,0.45925645998979464,1,0
v18_2969,"বগুড়ায় অনুমোদনহীন ওষুধ উদ্ধার, জেল-জরিমানা",corpus_expansion_5000,0.15271635690558322,0,0
v18_4356,প্রিয়াঙ্কা গোপের কণ্ঠে একুশের গান,corpus_expansion_5000,0.3921913672632442,0,0
v18_1708,"কলেজছাত্রীকে ‘অপহরণ করে ধর্ষণ’, ২ যুবক গ্রেপ্তার",corpus_expansion_5000,0.4724460063671518,1,1
v18_2953,"দৌলতদিয়ায় ফেরিঘাটে তীব্র ভাঙন, ফেরি চলাচল ব্যাহত",corpus_expansion_5000,0.33585262826989726,0,0
v18_0454,নারী নীতির 'অস্পষ্টতার' সুরাহা প্রয়োজন: এরশাদ,v17_reused,0.15087337690794872,0,0
v18_2868,বলিউডের নতুন ‘রাজা’ দীপিকা,corpus_expansion_5000,0.8784590901281101,1,1
v18_2040,‘নেইমার বিশ্বাসঘাতক’,corpus_expansion_5000,0.4883578698647088,1,1
v18_1772,"তুরস্কে ‘ব্যর্থ’ সেনা অভ্যুত্থান, নিহত ২৬৫",corpus_expansion_5000,0.2268268626569928,0,1
v18_2315,ভয়ংকর সুন্দরের খোঁজে!,corpus_expansion_5000,0.785953231252389,1,1
v18_0609,শিল্প ও গৃহায়ণে সচিবপদে রদবদল,new_mid_w0_p0,0.24478986370433012,0,0
v18_0167,রেসিপি: গালেত দে রোঁয়া,new_mid_w1_p0,0.5441271193800749,1,0
v18_0730,ডেমরায় স্কুলছাত্রীর ঝুলন্ত লাশ,v17_reused,0.30093381222399707,0,0
v18_4248,সেই লাশটি কলাবাগান থানার স্বেচ্ছাসেবক লীগের সভাপতির,corpus_expansion_5000,0.16079228470839807,0,0
v18_3358,দেশে তৈরি ওষুধের রপ্তানি বেড়ে চলছে,corpus_expansion_5000,0.19000580961738978,0,0
v18_2074,চোখের জলে বিদায় ‘চাঁদনি’কে,corpus_expansion_5000,0.43418981775363774,1,1
v18_4039,মেগা প্রকল্পে রিজার্ভ ব্যবহার গতি আসবে উন্নয়নে,corpus_expansion_5000,0.14722100265841592,0,0
v18_3700,চট্টগ্রামের বাজারে চড়ছে মসলার দাম,corpus_expansion_5000,0.1353199798207458,0,0
v18_1622,"ক্যাম্পাসেই ‘জঙ্গি আখড়া’, সন্দেহ পুলিশ কমিশনারের",corpus_expansion_5000,0.30271480567356296,0,1
v18_0587,মেঘালয়ে খনিতে আটকা পড়াদের সন্ধানে মিলল মৃতদেহ,new_high_w1_pany,0.2291717450339885,0,1
v18_1401,"কাবুল বিশ্ববিদ্যালয়ের কাছে বিস্ফোরণ, নিহত ৬",corpus_expansion_5000,0.0945363922261271,0,1
v18_3045,ডিএসইতে বাজার মূলধন কমেছে ছয় হাজার কোটি টাকা,corpus_expansion_5000,0.4413369854724032,1,0
v18_3224,শিক্ষক-সংকটে শিক্ষা কার্যক্রম ব্যাহত,corpus_expansion_5000,0.26102725770834445,0,0
v18_1700,পাকিস্তানে ড্রোন হামলায় নিহত ৬,corpus_expansion_5000,0.6306635255554889,1,1
v18_3088,রাজধানীর জেনেভা ক্যাম্পে মাদকবিরোধী অভিযানে আটক শতাধিক,corpus_expansion_5000,0.3451374483123983,0,0
v18_4390,শিক্ষা সচিবের বিরুদ্ধে আদালত অবমাননার রুল,corpus_expansion_5000,0.09152153822740296,0,0
v18_2981,মংলা-ঘষিয়াখালী চ্যানেলে খনন কাজ শুরু,corpus_expansion_5000,0.30093381222399707,0,0
v18_0040,বরিশালে ভিজিএফের চাল আত্মসাতের অভিযোগে ইউপি চেয়ারম্যানের বিরুদ্ধে মামলা,v17_reused,0.09246963988584311,0,0
v18_1379,‘বিব্রত’ আতাউর রহমান,corpus_expansion_5000,0.4804660962249117,1,1
v18_2089,৬ জানুয়ারি: ইতিহাসে আজকের এই দিনে,corpus_expansion_5000,0.8282355492157261,1,1
v18_2175,গাজায় ইসরায়েলি হামলায় ১২ ফিলিস্তিনি নিহত,corpus_expansion_5000,0.17491898592996105,0,1
v18_3217,"'মালিকরা জানিয়েছে, ঈদের আগেই পোশাক শ্রমিকদের বেতন-বোনাস হবে'",corpus_expansion_5000,0.0945363922261271,0,0
v18_2885,ধাঁধার চক্করে...,corpus_expansion_5000,0.8469334877109648,1,1
v18_0074,আপনারা ভয় পাবেন না,v17_reused,0.22311587068072297,0,0
v18_3909,ফুটওয়্যার রপ্তানিতে এগিয়ে যাচ্ছে বাংলাদেশ,corpus_expansion_5000,0.1133379569328199,0,0
v18_4964,তিন প্রকল্পে ১৫০ কোটি ডলার ঋণ দিচ্ছে বিশ্বব্যাংক,corpus_expansion_5000,0.1353199798207458,0,0
v18_2657,ইউনাইটেডে এসব হচ্ছেটা কী!,corpus_expansion_5000,0.9862229379082085,1,1
v18_3180,ওয়েটারকে বিরক্ত করলে জরিমানা হয় যে রেস্তোরাঁয়,corpus_expansion_5000,0.4237456057776692,1,0
v18_2076,ঈদে তারকাবহুল ‘ইত্যাদি’,corpus_expansion_5000,0.9333135546013915,1,1
v18_0441,অনলাইন টিকিটিংয়ে ভূতের আছর,v17_reused,0.3451374483123983,0,0
v18_4051,কলেজ ভর্তির আবেদন বৃহস্পতিবার থেকে,corpus_expansion_5000,0.10554783578209072,0,0
v18_2051,এবার ‘ঘুম’ পাড়াবে’ অ্যাপল,corpus_expansion_5000,0.23769968028866886,0,1
v18_2541,‘তারকাযুদ্ধ’ প্রকল্প নিচ্ছে রাশিয়া,corpus_expansion_5000,0.24918073046152106,0,1
v18_3306,"সীমান্তের কাছে চীনা সামরিক কপ্টার, যুদ্ধবিমান মোতায়েন ভারতের",corpus_expansion_5000,0.16079228470839807,0,0
v18_1301,মসজিদে হামলার চেষ্টা,corpus_expansion_5000,0.2876619544036851,0,1
v18_1781,কিশোর গ্যাংয়ের হামলায় আহত ৫,corpus_expansion_5000,0.24658569031706137,0,1
v18_4814,হালদায় ডিম সংগ্রহে রেকর্ড,corpus_expansion_5000,0.11143509747915374,0,0
v18_3430,নৌবিহার সেবা বিপণনে টাইগার ট্যুরস-এয়ারস্প্যান চুক্তি,corpus_expansion_5000,0.2060688837501653,0,0
v18_1304,প্রতারকের অনলাইন শপ,corpus_expansion_5000,0.3148301618602623,0,1
v18_0236,পটিয়ায় বাস উল্টে নিহত ২,new_mid_w0_p0,0.17491898592996105,0,0
v18_2599,সৌদি আরবে ফুটবল মাঠে ‘বোমা হামলার ছক’ উদঘাটন,corpus_expansion_5000,0.3312074583700762,0,1
v18_0520,‘আফ্রিকার সমস্যার মূলে যৌনতা’,new_low_w0_pany,0.2060688837501653,0,0
v18_2573,মাটি ভরাটে অনিয়ম-দুর্নীতি,corpus_expansion_5000,0.2564404626367503,0,1
v18_3280,তুরস্কে বন্ধ হচ্ছে অনেক পত্রিকা-টিভি স্টেশন,corpus_expansion_5000,0.25240946459900226,0,0
v18_3186,বাচ্চাদের শিক্ষার উপকরণ সহজবোধ্য ও উপভোগ্য হতে হবে- শিক্ষামন্ত্রী,corpus_expansion_5000,0.26116944252095853,0,0
v18_2768,জঙ্গি দমনে রুশ জঙ্গি বিমান ইরাকে,corpus_expansion_5000,0.28008474130873345,0,1
v18_0735,দুর্নীতি রুখতে নার্সারি থেকেই ‘আদর্শের শিক্ষা’ চান আইনমন্ত্রী,v17_reused,0.1903757560088177,0,0
v18_4703,গুগল ম্যাপে এলো মোটর সাইকেলবান্ধব ফিচার,corpus_expansion_5000,0.30093381222399707,0,0
v18_4929,‘লক্কর-ঝক্কর অটোরিকশা’ বাতিল চায় চালকরা,corpus_expansion_5000,0.30093381222399707,0,0
v18_2106,৯ ডিসেম্বর: হাসতে নেই মানা,corpus_expansion_5000,0.5441271193800749,1,1
v18_2679,ফতুল্লায় মাশরাফির ‘আগুন’,corpus_expansion_5000,0.7755826087477349,1,1
v18_3229,বৃষ্টিতে ভালুকায় দুই হাজার একর জমির ধান তলিয়ে গেছে,corpus_expansion_5000,0.22311587068072297,0,0
v18_2761,২১ অগাস্ট: বিস্ফোরক মামলাতেও তারেক 'পলাতক',corpus_expansion_5000,0.21831196300346276,0,1
v18_0592,ইউসিবি-বাংলালিংক চুক্তিতে সুবিধা পাবেন গ্রাহকরা,v17_reused,0.2411447352040636,0,0
v18_1303,"ঝিনাইদহে ২ নারীকে ‘ধর্ষণ’, ছাত্রলীগ নেতাসহ গ্রেপ্তার ৩",corpus_expansion_5000,0.08847215645385523,0,1
v18_1387,সাংবাদিক খাশোগি হত্যাকাণ্ডের রায়ে ‘বিচারের নামে প্রহসন’ হয়েছে ’: জাতিসংঘের বিশেষ প্রতিনিধি,corpus_expansion_5000,0.0945363922261271,0,1
v18_4695,খালেদাকে গ্রেপ্তারের পরিকল্পনা নেই: সেতুমন্ত্রী,corpus_expansion_5000,0.09041125892154032,0,0
v18_4526,ভাড়াটিয়ার তথ্য সংগ্রহের বিরুদ্ধে উকিল নোটিস,corpus_expansion_5000,0.24823138462729824,0,0
v18_3947,‘শিক্ষকেরা কোচিং সেন্টারে যতটুকু শ্রম দেন স্কুলে তার সিকিভাগও দেন না’,corpus_expansion_5000,0.2796045351792173,0,0
v18_1890,কোস্টগার্ড-বনদস্যু ‘গুলিবিনিময়’,corpus_expansion_5000,0.30093381222399707,0,1
v18_2987,"অনলাইনে মিলবে ইআইআইএন, অ্যাপে শিক্ষা ডিরেক্টরি",corpus_expansion_5000,0.1112042525746624,0,0
v18_4924,'গণতন্ত্র ব্যাহত হয় এমন কিছু করবেন না',corpus_expansion_5000,0.1208849807461734,0,0
v18_3297,ভিন্ন পদ্ধতিতে আজ এমবিবিএস ভর্তি পরীক্ষা,corpus_expansion_5000,0.11918076479068819,0,0
v18_0904,জঙ্গি আশফাক রিমান্ডে,corpus_expansion_5000,0.12880291667506635,0,1
v18_4609,এবি ব্যাংকের ৪ কর্মকর্তাসহ ৫ জনের বিরুদ্ধে মামলা,corpus_expansion_5000,0.2601425988962303,0,0
v18_1279,‘কুখ্যাত’ বডিলাইন,corpus_expansion_5000,0.4775822262978241,1,1
v18_0933,সমালোচনার মুখে ‘বিল্ড-এ-বেবি’,corpus_expansion_5000,0.4199379594326006,1,1
v18_4899,পাহাড়ি ছাত্র পরিষদ চট্টগ্রাম পলিটেকনিক শাখার সম্মেলন,corpus_expansion_5000,0.12673802340834764,0,0
v18_2308,সুন্দরগঞ্জে ট্রেনের চাকায় গ্রেনেড সদৃশ্য বস্তুর আতঙ্ক!,corpus_expansion_5000,0.6759874883291183,1,1
v18_1555,টাঙ্গাইলে দুর্ঘটনায় শিশুসহ নিহত ৫,corpus_expansion_5000,0.09336708609791207,0,1
v18_4533,শ্রীলংকায় সিরিজ বোমা হামলার পর আত্মঘাতী হামলায় নিহত ৩,corpus_expansion_5000,0.0934156803262923,0,0
v18_3190,"না খেয়ে স্কুলে যেত ওরা, কলেজে যেতে পারবে?",corpus_expansion_5000,0.8629966370101639,1,0
v18_4441,হজ পালনে মক্কায় সাকিব,corpus_expansion_5000,0.3612620651944157,0,0
v18_0706,শেখ হাসিনা জোর করে ক্ষমতায় যেতে চায় -আসম আবদুর রব,v17_reused,0.3345557487416237,0,0
v18_4690,প্রধান শিক্ষক বদলিনীতি সংশোধনের দাবি,corpus_expansion_5000,0.1353199798207458,0,0
v18_3070,"প্রস্তুত লর্ডস, প্রস্তুত ইংল্যান্ড-নিউজিল্যান্ড",corpus_expansion_5000,0.7384126165357974,1,0
v18_0745,ভোট জালিয়াতির অভিযোগ ঠেলে কারজাইকে সমর্থন জারদারির,v17_reused,0.0945363922261271,0,0
v18_3594,ঢাকায় দুই দিনব্যাপী ভারতীয় শিক্ষা মেলা,corpus_expansion_5000,0.1133379569328199,0,0
v18_1939,বিদ্রোহ: ২৫৬ জনের বিরুদ্ধে ২২ নভেম্বর অভিযোগ গঠন,corpus_expansion_5000,0.23097901142858202,0,1
v18_4400,বার্সেলোনাকে রুখে দিল অলিম্পিয়াকোস,corpus_expansion_5000,0.6907412119007033,1,0
v18_2862,"রাখাইনে সহিংসতা অব্যাহত, নিহতের সংখ্যা বেড়ে ১০৪",corpus_expansion_5000,0.25943940086428063,0,1
v18_3996,জোয়ারের পানিতেই হলো গায়ে হলুদ,corpus_expansion_5000,0.7944239158457118,1,0
v18_0513,শাহজালাল ইসলামী ব্যাংকের নির্বাহী কমিটির সভা অনুষ্ঠিত,new_high_w1_pany,0.23111527620721362,0,1
v18_0081,নাইজেরিয়ায় অপহৃত চিবোক নারীদের একজন উদ্ধার,v17_reused,0.1353199798207458,0,0
v18_4976,একদিন পরই চট্টগ্রাম-সিলেট-রাজশাহীর প্রতিশোধ,corpus_expansion_5000,0.47777088605592066,1,0
v18_1308,গুলিবিদ্ধ লাশের গলায় চিরকুট: ‘ধর্ষণের এই পরিণতি’,corpus_expansion_5000,0.10659757711309217,0,1
v18_4614,প্রতিকূল অবস্থা মোকাবেলার আহ্বান বিনিয়োগকারীদের,corpus_expansion_5000,0.0945363922261271,0,0
v18_0914,পুলিশের গুলিতে ‘গাড়ি ছিনতাইকারী’ নিহত,corpus_expansion_5000,0.16079228470839807,0,1
v18_3452,"দক্ষিণাঞ্চলে ৩ উপজেলা, এক পৌরসভায় কম ভোটারের নির্বাচনে ভোট বাক্স খালি ছিল না",corpus_expansion_5000,0.12714601832439487,0,0
v18_3695,শিশুদের টিফিনে আলু স্যান্ডউইচ,corpus_expansion_5000,0.4413369854724032,1,0
v18_4804,"তুরস্কে নিষিদ্ধ হয়নি একে পার্টি, দিতে হচ্ছে জরিমানা",corpus_expansion_5000,0.22164354125354868,0,0
v18_3156,ভেড়া বাজারজাতকরণে সমবায় গঠনে জোর প্রধানমন্ত্রীর,corpus_expansion_5000,0.16079228470839807,0,0
v18_2198,‘আম’ চেয়ে ইসিতে নিলু,corpus_expansion_5000,0.30093381222399707,0,1
v18_4232,সরকারি চাকরিতে ডোপ টেস্ট,corpus_expansion_5000,0.1133379569328199,0,0
v18_0774,রেজিমেন্ট ক্যাম্পিং শেষ,new_mid_w0_p0,0.32393754926875235,0,0
v18_0329,গাজীপুরে ট্রাকচাপায় পুলিশ নিহত,new_mid_w1_p0,0.2916307820044533,0,0
v18_2054,সাইবার হামলায় অচল হতে পারে ট্রাইডেন্ট?,corpus_expansion_5000,0.682900806358024,1,1
v18_2001,সাভারে তিন জায়গায় অগ্নিকাণ্ড,corpus_expansion_5000,0.1353199798207458,0,1
v18_0943,সাম্প্রদায়িক সন্ত্রাসের ‘তদন্ত’ করবে বিএনপি,corpus_expansion_5000,0.08834556522553806,0,1
v18_0822,ঢাকা মেডিকেলে প্রসূতির আত্মহত্যা!,corpus_expansion_5000,0.8459011778834558,1,1
v18_4527,আসনপ্রতি ৩৩ জন পরীক্ষার্থী,corpus_expansion_5000,0.2060688837501653,0,0
v18_0909,নির্বাচনী সহিংসতা: চার জেলায় নিহত ৮,corpus_expansion_5000,0.2239375284529074,0,1
v18_2516,"ফতুল্লায় দুইটি ‘চিতাবাঘ’ উদ্ধার, আটক ২",corpus_expansion_5000,0.17513867273575015,0,1
v18_0181,ভারতে স্থিতিশীল সরকার চায় বাংলাদেশ,new_low_w0_pany,0.1890257392882424,0,0
v18_0164,পূর্বাঞ্চলকে হারিয়েছে দক্ষিণাঞ্চল,new_mid_w0_p0,0.7058681933148517,1,0
v18_1523,পুঁজিবাজারে দরপতনের কারণ ‘আতঙ্ক’,corpus_expansion_5000,0.28094049076461447,0,1
v18_0451,যুবলীগ নেতার ওপর শিবিরের হামলা,v17_reused,0.19000580961738978,0,0
v18_2538,পুলিশের ওপর হামলা: নির্বাচিত চেয়ারম্যান গ্রেপ্তার,corpus_expansion_5000,0.1697511850846718,0,1
v18_4137,ঢাবি ছাত্রী অপহরণ চেষ্টা মামলার চার আসামি কারাগারে,corpus_expansion_5000,0.2060688837501653,0,0
v18_4775,বিশ্ববাজারে তেলের দাম নিয়ে উদ্বেগ,corpus_expansion_5000,0.11441651040978107,0,0
v18_1311,‘প্রতারকের বিচার চেয়ে ভুক্তভোগীদের’ সংবাদ সম্মেলন,corpus_expansion_5000,0.10905000015211078,0,1
v18_3149,এশিয়ান জুনিয়র ব্যাডমিন্টনে বাংলাদেশের সাফল্য,corpus_expansion_5000,0.3921913672632442,0,0
v18_1111,আইএস এবং বৈশ্বিক জঙ্গিবাদ,corpus_expansion_5000,0.3471257808784495,0,1
v18_4547,১ রানে ৩ উইকেট হারিয়ে চাপে বাংলাদেশ,corpus_expansion_5000,0.6177234991132422,1,0
v18_4085,তিন দিনের ভারত সফরে আসছেন গিলার্ড,corpus_expansion_5000,0.31931278045824174,0,0
v18_3489,"লিবিয়ার উপকূলে জাহাজডুবি, ৪০০ যাত্রীর মৃত্যুর আশঙ্কা",corpus_expansion_5000,0.0945363922261271,0,0
v18_1287,"মিশরে ব্যাপক সংঘর্ষ, নিহত ২৪",corpus_expansion_5000,0.21122919284467728,0,1
v18_4177,শোলাকিয়ায় ঈদের জামাত নিয়ে জরুরিসভা,corpus_expansion_5000,0.13179319322220806,0,0
v18_4645,বিবিসি’র নতুন মহাপরিচালক টনি হল,corpus_expansion_5000,0.8553885739362491,1,0
v18_3680,ওয়ালশের হাত ধরে টেস্টে উন্নতির আশায় রুবেল,corpus_expansion_5000,0.7705484054494306,1,0
v18_4511,কাল চট্টগ্রামে ওয়াসার সবচেয়ে বড় প্রকল্প উদ্বোধন করবেন প্রধানমন্ত্রী,corpus_expansion_5000,0.19572556096251867,0,0
v18_4168,প্রধান বিচারপতির অভিভাষণ আজ,corpus_expansion_5000,0.1476023763660605,0,0
v18_3300,জাতীয় নির্বাচনের আগে ফল ঘরে তোলাই লক্ষ্য,corpus_expansion_5000,0.17905498194232122,0,0
v18_3310,আর্থিক প্রতিষ্ঠান বিভাগের নিয়োগ পরীক্ষার সময়সূচি,corpus_expansion_5000,0.2860730847351194,0,0
v18_4556,গোয়েন্দাদখলে স্মার্টফোনের তথ্য,corpus_expansion_5000,0.5554384523057331,1,0
v18_3125,"সন্তান জন্মের পরে, ভালোবাসা গুণে বাড়ে",corpus_expansion_5000,0.22311587068072297,0,0
v18_0327,অভিবাসীদের আশ্রয়দাতা নগর কর্তৃপক্ষকে হুমকি,new_high_w1_pany,0.1133379569328199,0,1
v18_1790,কম্বোডিয়ায় পদপিষ্ট হয়ে নিহত ৩৪৫,corpus_expansion_5000,0.17491898592996105,0,1
v18_2490,উত্তাল ভারত: দিল্লির জামা মসজিদসহ দেশজুড়ে বিক্ষোভ,corpus_expansion_5000,0.3627051767063001,0,1
v18_2006,পাকিস্তানে পুলিশের গাড়িতে বোমা হামলায় হতাহত ১২,corpus_expansion_5000,0.16079228470839807,0,1
v18_2007,চট্টগ্রামে থানায় আত্মসমর্পণের পর ‘বন্দুকযুদ্ধে’ যুবক নিহত,corpus_expansion_5000,0.16079228470839807,0,1
v18_1858,‘এমএসএন’ নয় ‘আরইএম’-ই সেরা!,corpus_expansion_5000,0.8134912023747664,1,1
v18_4685,মন্দিরের জমি দখল করলেন চেয়ারম্যান,corpus_expansion_5000,0.08850748512349486,0,0
v18_0312,"২ স্ত্রীর খরচ জোগাতে দিশেহারা স্বামী, ছাপালেন লাখ লাখ টাকার জাল নোট",new_low_w0_pany,0.4810712029553437,1,0
v18_0832,তনু হত্যার তদন্ত,corpus_expansion_5000,0.12481609892644996,0,1
v18_3079,স্বাস্থ্য মন্ত্রণালয় ঘেরাও করবেন মেডিকেলে ভর্তি-ইচ্ছুক শিক্ষার্থীরা,corpus_expansion_5000,0.1133379569328199,0,0
v18_4717,মাদ্রিদে আরবি স্কুলের বার্ষিক প্রতিযোগিতা,corpus_expansion_5000,0.45711210982743866,1,0
v18_3462,বিমান বাহিনীর স্কোয়াড্রন ও ইউনিটকে বিমান বাহিনী পতাকা প্রদান,corpus_expansion_5000,0.277611693562131,0,0
v18_1201,বাগমারায় বিমাকর্মী ধর্ষণের শিকার,corpus_expansion_5000,0.0895178735317595,0,1
v18_4391,বাংলাদেশ-মিয়ানমার সীমান্তে যৌথ জরিপ চলছে,corpus_expansion_5000,0.19000580961738978,0,0
v18_3547,রোহিঙ্গাদের উসকানি: কক্সবাজারে দুই এনজিওর কাজে নিষেধাজ্ঞা,corpus_expansion_5000,0.2015551116576312,0,0
v18_4922,"শিক্ষামন্ত্রীর নামে ফেসবুকে ভুয়া পেজ, থানায় জিডি",corpus_expansion_5000,0.48261426208226704,1,0
v18_2134,মৃত্যু ২৪ শনাক্ত ১১৯৩ সুস্থ ১৪৯৫,corpus_expansion_5000,0.1133379569328199,0,1
v18_3451,নারী-পুরুষের বৈষম্যহীন সমাজ নির্মাণের আহ্বান,corpus_expansion_5000,0.43921226575863465,1,0
v18_2209,‘উন্নতির প্রধান অন্তরায় দুর্নীতি’,corpus_expansion_5000,0.26167230043470563,0,1
v18_1901,"নারায়ণগঞ্জে ১৬ ঘণ্টায় তিন লাশ, আটক ৫",corpus_expansion_5000,0.29598519824657893,0,1
v18_1481,পাবনায় র্যাবের সঙ্গে ‘বন্দুকযুদ্ধে’ নিহত ২,corpus_expansion_5000,0.1353199798207458,0,1
v18_0777,পানিনিষ্কাশন,new_low_w0_pany,0.6997533404606797,1,0
v18_0799,অপবাদ দিয়ে জঙ্গি বানানো হচ্ছে: খালেদা,corpus_expansion_5000,0.08926277083535426,0,1
v18_3714,ট্রেড লাইসেন্স ফি কমানোর দাবি খুলনার ব্যবসায়ীদের,corpus_expansion_5000,0.21412966139182768,0,0
v18_3942,নিরপেক্ষ নির্বাচন কমিশন চায় ইইউ,corpus_expansion_5000,0.0945363922261271,0,0
v18_0054,টানা অবরোধেও সূচক বাড়ছে,new_mid_w0_p0,0.4991656179322434,1,0
v18_2972,ক্ষুদ্রঋণের নামে দারিদ্র্য লালন–পালন করা হয়েছে,corpus_expansion_5000,0.24658569031706137,0,0
v18_3335,"ট্রেনের টয়লেটে জন্ম, রেললাইনে পড়েও বাঁচল শিশু",corpus_expansion_5000,0.33940905207553396,0,0
v18_1920,অস্ত্রসহ আটকের পর ‘বন্দুকযুদ্ধে’ নিহত ১,corpus_expansion_5000,0.41319042031880393,0,1
v18_3715,উন্নয়ন চাইলে ভোগান্তি মানতে হবে: নাছির,corpus_expansion_5000,0.2860730847351194,0,0
v18_4646,এক দশকে কম প্রাকৃতিক বিপর্যয়ের বছর ২০০৯,corpus_expansion_5000,0.17921858498670093,0,0
v18_0946,পুলিশের কাছে মন চুরির অভিযোগ!,corpus_expansion_5000,0.48148413082813596,1,1
v18_1701,ঢাকায় ৪ ‘জেএমবি সদস্য’ গ্রেপ্তার,corpus_expansion_5000,0.0917308399231837,0,1
v18_3293,ফেনসিডিলসহ কালীগঞ্জ উপজেলা ছাত্রলীগ নেতা আটক,corpus_expansion_5000,0.3761919561957967,0,0
v18_2161,যশোরে স্কুলছাত্রকে শ্বাসরোধে হত্যা,corpus_expansion_5000,0.17491898592996105,0,1
v18_1136,‘১৯৪৫ সালে বিমান দুর্ঘটনায় নিহত হন নেতাজি’,corpus_expansion_5000,0.17892957765650133,0,1
v18_0987,পুলিশের ‘বিএনপি এজেন্টরা’ গুলি করেছে: নাসিম,corpus_expansion_5000,0.1347464079180327,0,1
v18_2549,রায়কে ‘আঁতাতের রায়’ বললেন ইমরান,corpus_expansion_5000,0.22550749808684456,0,1
v18_0193,চলন্ত বাসে নারীকে ধর্ষণ চেষ্টা,new_mid_w1_p0,0.1293780511428651,0,0
v18_3057,"রামুতে চলছে পাহাড় কাটা, মাটি যাচ্ছে ইটভাটায়",corpus_expansion_5000,0.21724884320473006,0,0
v18_3246,বেতন কাঠামো পুনর্নির্ধারণের দাবি কলেজ শিক্ষকদেরও,corpus_expansion_5000,0.16151257862235233,0,0
v18_1394,আদনান হত্যা: ‘ডিসকো সেতু’ রিমান্ডে,corpus_expansion_5000,0.15624448586703477,0,1
v18_2637,৫৭ ধারায় মামলা: ডুমুরিয়া থানার ওসি প্রত্যাহার,corpus_expansion_5000,0.1093541268837828,0,1
v18_0768,জয়পুরহাটে স্কুলছাত্রকে গলাকেটে হত্যা,v17_reused,0.23364553720936315,0,0
v18_4702,রংপুরে ফাঁকা সড়কে বেপরোয়া গতির ট্রাকচাপায় নিহত ৩,corpus_expansion_5000,0.38454630358817904,0,0
v18_3090,মাদ্রাসার বারান্দাটিই যেন তাঁর ঠিকানা,corpus_expansion_5000,0.5090673835294992,1,0
v18_3495,হাসপাতালে সেবাধর্মী কাজে শিক্ষার্থীরা,corpus_expansion_5000,0.2500867249789114,0,0
v18_3215,চাকরি স্থায়ী করতে বিমান শ্রমিকদের আলটিমেটাম,corpus_expansion_5000,0.20247255240588372,0,0
v18_0285,পদ্মা সেতুর 'লিড ডোনার' ঠিক হতে পারে রোববার,new_mid_w1_p0,0.1612134030469169,0,0
v18_4938,গুগুলের নতুন মোবাইল ফোন 'নেক্সাস ওয়ান',corpus_expansion_5000,0.1353199798207458,0,0
v18_0428,সন্তানের গলায় ছুরি ধরে মাকে বিষপান করিয়ে হত্যা!,new_mid_w1_p1,0.8241733376871658,1,1
v18_4448,ঘুমন্ত স্বামীকে গরম পানি ঢেলে ঝলসে দিলেন স্ত্রী,corpus_expansion_5000,0.5243130518360242,1,0
v18_2332,সাহিত্যবিষয়ক সম্মেলন ১৩-১৪ মার্চ,corpus_expansion_5000,0.11997677692282648,0,1
v18_2717,"মানুষ পুড়িয়ে হত্যা, কী ধরনের রাজনীতি?",corpus_expansion_5000,0.5800931325516304,1,1
v18_2079,থাই মেলা শুরু ১৬ সেপ্টেম্বর,corpus_expansion_5000,0.1353199798207458,0,1
v18_3389,অচিরেই ঢাকা-নিউইয়র্ক ফ্লাইট চালু হবে: প্রধানমন্ত্রী,corpus_expansion_5000,0.2024571524685184,0,0
v18_0722,ভারতে গড়ে ১৫ মিনিটে একটি শিশু যৌন নিগ্রহের শিকার,v17_reused,0.1133379569328199,0,0
v18_0951,কুনিও হত্যার দায় আবার স্বীকার আইএসের!,corpus_expansion_5000,0.6900484091975899,1,1
v18_4383,বাংলাদেশ ও ত্রিপুরা উভয়েই পণ্য বিনিময়ে লাভবান হবে,corpus_expansion_5000,0.3830000408732567,0,0
v18_4366,চট্টগ্রামে পর্দা উঠল দৃষ্টিনন্দন জাম্বুরি পার্কের,corpus_expansion_5000,0.5756716152771768,1,0
v18_2262,মিসরে বিক্ষোভ দমাতে ব্যাপক ধরপাকড়,corpus_expansion_5000,0.34241800347773793,0,1
v18_0989,নবাবগঞ্জে জঙ্গিবাদ বিরোধী সমাবেশ,corpus_expansion_5000,0.3685732010778923,0,1
v18_3212,চীনের সঙ্গে এবার ইইউর বাণিজ্য চুক্তি,corpus_expansion_5000,0.30093381222399707,0,0
v18_1759,৩৩ কেজি বিস্ফোরকসহ আটক ২,corpus_expansion_5000,0.3638079419597918,0,1
v18_4579,টেকনাফে ৩২ রোহিঙ্গা আটক,corpus_expansion_5000,0.5743695239102369,1,0
v18_0326,গফরগাঁওয়ে ভাইয়ের হাতে ভাই খুন,v17_reused,0.18663411908337435,0,0
v18_2608,‘বাংলাদেশে নেতা পেয়েছে আইএস’,corpus_expansion_5000,0.1800810715847143,0,1
v18_1383,গারিসা বিশ্ববিদ্যালয়ে হামলা: জড়িত সন্দেহে আটক ৫,corpus_expansion_5000,0.6086097812299858,1,1
v18_1724,"নারায়ণগঞ্জে কিশোরীকে দলবেঁধে ‘ধর্ষণ’, গ্রেপ্তার ১",corpus_expansion_5000,0.5389936643880885,1,1
v18_1086,সিরিয়ার বোমা হামলায় নিহত ৭০,corpus_expansion_5000,0.09114112297988376,0,1
v18_2523,"সাতক্ষীরায় প্রশ্ন ফাঁসের নামে প্রতারণা, আটক ১",corpus_expansion_5000,0.4181652738511164,1,1
v18_0341,রিয়ালে শুরুতেই জিজু-জাদু,new_high_w1_pany,0.7237986610120617,1,1
v18_3701,এইচএসসির ফলাফল পুনর্মূল্যায়নের দাবিতে মানববন্ধন,corpus_expansion_5000,0.359843617042447,0,0
v18_0147,সংসদে প্রশ্নোত্তর পর্বে প্রধানমন্ত্রী,new_mid_w0_p0,0.2916307820044533,0,0
v18_0688,দৃষ্টি সমস্যায় ৭০ ভাগ চালক,new_low_w0_pany,0.1133379569328199,0,0
v18_3432,ব্যবসায়ী হলেও মানবাধিকার প্রতিষ্ঠা ফারজানার নেশা,corpus_expansion_5000,0.19977479291380842,0,0
v18_1107,ইউরো বাছাইয়ে ‘ড্রোন হামলা’,corpus_expansion_5000,0.26469431370590013,0,1
v18_0848,ইরাকজুড়ে ১০টি আত্মঘাতী বোমা হামলা,corpus_expansion_5000,0.3796840884854685,0,1
v18_0966,বাড্ডায় ‘বন্দুকযুদ্ধে’ নিহত ২,corpus_expansion_5000,0.10712508702858238,0,1
v18_4727,"দড়ির যোগ, না নাড়ির যোগ?",corpus_expansion_5000,0.7670129227084282,1,0
v18_1492,৬ নভেম্বর: বাণী চিরন্তনী,corpus_expansion_5000,0.7714697028869502,1,1
v18_3953,প্রাথমিক সমাপনী ও জেএসসির ফল হস্তান্তর,corpus_expansion_5000,0.2938100082305897,0,0
v18_2203,ঝিনাইদহের রাস্তায় মিলল নবজাতকের লাশ,corpus_expansion_5000,0.18566509680387197,0,1
v18_2713,মনোনয়ন পেয়েই বিধি লঙ্ঘন!,corpus_expansion_5000,0.41683289233841836,1,1
v18_0661,এবার বাসচাপায় প্রাণ গেল জাবির সাবেক শিক্ষার্থীর,new_mid_w1_p0,0.1353199798207458,0,0
v18_1002,প্রতারণা: ৭ নাইজেরীয় রিমান্ডে,corpus_expansion_5000,0.21766944478228883,0,1
v18_0062,দেশে আরো ১০টি ল্যাব স্থাপনের কাজ চলছে -স্বাস্থ্যমন্ত্রী,new_low_w0_pany,0.43524247383630577,1,0
v18_0284,‘মূল্যায়ন না করে নবগঠিত ইসি নিয়ে মন্তব্য করা উচিত হবে না’,v17_reused,0.1133379569328199,0,0
v18_2224,‘ব্যাডবয়’ সাব্বিরের এ কেমন উত্তর?,corpus_expansion_5000,0.968048401237124,1,1
v18_4706,ঢাকায় লেগুনার ধাক্কায় রিকশাচালক নিহত,corpus_expansion_5000,0.3702056496403357,0,0
v18_1879,সড়ক দুর্ঘটনায় নিহত ৬ এসপিসহ আহত ১৬,corpus_expansion_5000,0.09148010603445929,0,1
v18_3572,এলাকার উন্নয়নে সংসদ সদস্যদের জন্য অর্থ বরাদ্দ,corpus_expansion_5000,0.3702056496403357,0,0
v18_4857,স্বর্ণের দাম আরও বাড়ল,corpus_expansion_5000,0.22311587068072297,0,0
v18_1203,মিরপুরে ‘বন্দুকযুদ্ধে’ নিহত ১,corpus_expansion_5000,0.20737450690593714,0,1
v18_1990,লিটনসহ আ’লীগের ১২ এমপি হত্যার শিকার হলেন,corpus_expansion_5000,0.2867161565183974,0,1
v18_0024,"‘রোজার মাসে বলছি, কাউকে ছাড়ব না’",new_low_w0_pany,0.2601425988962303,0,0
v18_4852,‘সবচেয়ে কঠিন ছিল চকলেট খাওয়া বাদ দেওয়া’,corpus_expansion_5000,0.737622921925416,1,0
v18_4102,তথ্যমন্ত্রীর সঙ্গে ডিইউজে নেতাদের সাক্ষাৎ,corpus_expansion_5000,0.36835127139997426,0,0
v18_4167,নারীদের জন্য শিঙ্গানাপুর মন্দিরের দরজা খুলল,corpus_expansion_5000,0.15890377780405568,0,0
v18_0762,আবারও দুহাত ভরিয়ে দিতে প্রস্তুত চট্টগ্রাম,new_mid_w1_p0,0.7607437982008942,1,0
v18_0875,রংপুরে পুলিশের সঙ্গে ‘বন্দুকযুদ্ধে’ নিহত ১,corpus_expansion_5000,0.16079228470839807,0,1
v18_4742,ক্রিকেট নিয়ে এলআরবির গান,corpus_expansion_5000,0.653167008581208,1,0
v18_0938,"সন্দেহভাজন ডাকাতদের ‘গোলাগুলি’, নিহত ২",corpus_expansion_5000,0.28138769058947033,0,1
v18_2687,যশোরের সড়ক দুর্ঘটনায় ব্যবসায়ী নিহত,corpus_expansion_5000,0.19000580961738978,0,1
v18_3600,বন্দিদের গরম থেকে বাঁচাতে হাতপাখা বরাদ্দ,corpus_expansion_5000,0.2411447352040636,0,0
v18_2394,ফেরিওয়ালার ১৬ ডিগ্রি,corpus_expansion_5000,0.5247490657397237,1,1
v18_4567,জ্ঞান ও সৃজনশীল প্রকাশক সমিতির নির্বাচন আজ,corpus_expansion_5000,0.2601425988962303,0,0
v18_4980,জামিনের জন্য হাই কোর্টে আবেদন করেছেন বাছির,corpus_expansion_5000,0.12388004338606429,0,0
v18_4124,বাবরি মসজিদ মামলার রায়ে বিচারের নামে তামাশা করা হয়েছে জমিয়তে উলামায়ে ইসলাম বাংলাদেশ,corpus_expansion_5000,0.10386052941832433,0,0
v18_4564,গিটার জাদুকরের প্রয়াণের এক বছর,corpus_expansion_5000,0.7634781902389564,1,0
v18_0385,বাড়ির পানে মমতাজউদদীন আহমদের শেষ যাত্রা,v17_reused,0.24810073745926625,0,0
v18_3877,আর দুটি স্প্যান বসলেই স্বপ্নের পদ্মা সেতু পুরোপুরি দৃশ্যমান,corpus_expansion_5000,0.4094167958353085,0,0
v18_4370,ডা. জাফরুল্লাহ চৌধুরী করোনামুক্ত,corpus_expansion_5000,0.36835127139997426,0,0
v18_4569,ময়মনসিংহ ও ব্রাহ্মণবাড়িয়ায় বজ্রপাতে ৩ জনের মৃত্যু,corpus_expansion_5000,0.19000580961738978,0,0
v18_0536,‘সরকারের ভাবমূর্তি ক্ষুণ্ন করবেন না’,new_low_w0_pany,0.359319249800036,0,0
v18_2291,"কালিয়াকৈরে শিশু ধর্ষণের চেষ্টা, আটক ১",corpus_expansion_5000,0.1971193189536589,0,1
v18_4665,পিতৃত্বের পরীক্ষা দিলেন বলিভিয়ার প্রেসিডেন্ট,corpus_expansion_5000,0.17921858498670093,0,0
v18_3874,বিচ্ছেদের সংসারে শিশুর মানসিক বিকাশ ঘটে না,corpus_expansion_5000,0.0916578812273552,0,0
v18_0936,পাকিস্তানে আত্মঘাতী বোমায় নিহত ২,corpus_expansion_5000,0.4165568777450921,0,1
v18_3737,ফ্যাস ফিন্যান্সের ক্যাটাগরি পরিবর্তন,corpus_expansion_5000,0.4165568777450921,0,0
v18_4728,হিযবুত তাহ্রীরের সঙ্গে সম্পৃক্ততার অভিযোগে পাঁচ ছাত্র বহিষ্কার,corpus_expansion_5000,0.09277872966921756,0,0
v18_2360,নয়াপাড়া শিবিরে আরও ১০৫ রোহিঙ্গা,corpus_expansion_5000,0.19000580961738978,0,1
v18_3507,"জবাবদিহি শুধু সরকারের নয়, বিরোধীদেরও থাকতে হবে",corpus_expansion_5000,0.37671213469792403,0,0
v18_0201,‘বন্দুকযুদ্ধে’ চুনোপুটি মারলে মাদক নির্মূল হবে না: সিপিবি,v17_reused,0.3227226515292555,0,0
v18_3208,"ঠাকুরগাঁওয়ে ট্রেন লাইনচ্যুত, যোগাযোগ বন্ধ",corpus_expansion_5000,0.2227914407315346,0,0
v18_1332,ধর্ষণ মামলার প্রধান আসামি ‘বন্দুকযুদ্ধে’ নিহত,corpus_expansion_5000,0.12951421101318517,0,1
v18_3016,নওগাঁর সাত নদীই এখন মরা খাল,corpus_expansion_5000,0.1428944341129332,0,0
v18_3502,"দুই লঞ্চের মাঝে নৌকা, বুড়িগঙ্গায় মা-ছেলের মৃত্যু",corpus_expansion_5000,0.19000580961738978,0,0
v18_2708,বাংলাদেশ ব্যাংকের নেটওয়ার্ক হয়ে ‘সুইফটে’ হানা?,corpus_expansion_5000,0.5457199625036879,1,1
v18_4021,রাজনৈতিক সিদ্ধান্ত প্রয়োজন,corpus_expansion_5000,0.12241651491083731,0,0
v18_1854,সবচেয়ে বড় হুমকি ‘ইসলামি সন্ত্রাস’,corpus_expansion_5000,0.29289735375169945,0,1
v18_4469,ইপিএলে সেপ্টেম্বরের সেরা কেইন,corpus_expansion_5000,0.7755826087477349,1,0
v18_2872,শেয়ার কিনবেন আরও ৫ পরিচালক,corpus_expansion_5000,0.13245216078121258,0,1
v18_3030,শেয়ার বিক্রি: ডিএসইর ভূমিকা নিয়ে প্রশ্ন অর্থমন্ত্রীর,corpus_expansion_5000,0.3451374483123983,0,0
v18_1205,সিপিবির সমাবেশে বোমা: বিস্ফোরক মামলার বিচার শুরু,corpus_expansion_5000,0.09126442939532009,0,1
v18_1645,‘সিরিয়ায় আকাশ হামলায় নিহত ২০’,corpus_expansion_5000,0.16111666554054133,0,1
v18_3417,ভাষানটেক পুনর্বাসন প্রকল্পের মেয়াদ বাড়ছে,corpus_expansion_5000,0.13817617770056792,0,0
v18_3476,ডিপিএসসহ ব্যাংকে আমানতকারীদের জন্য বিশেষ সুবিধা,corpus_expansion_5000,0.2820282969970202,0,0
v18_2861,ফুলবাড়ী রক্ষা আন্দোলনের নেতা নিহত,corpus_expansion_5000,0.11018209729822778,0,1
v18_1792,"ওড়িশায় ফণীর তাণ্ডব, নিহত ৫",corpus_expansion_5000,0.29657845539599986,0,1
v18_3797,যুক্তরাষ্ট্রের দিকে হাজারো শিশুর ঢল,corpus_expansion_5000,0.20365830302972585,0,0
v18_3368,ট্যাবলেট ডিভাইসের জন্য এলো উবন্টু অপারেটিং সিস্টেম,corpus_expansion_5000,0.7193873804676804,1,0
v18_3367,স্ট্যান্ডার্ড গ্রুপ সহজ শর্তে ৪০০ কোটি টাকা ঋণ পাবে,corpus_expansion_5000,0.21868669227686321,0,0
v18_3533,এমআইটিতে বাংলাদেশিদের পড়ার সুযোগ বাড়ছে,corpus_expansion_5000,0.2601425988962303,0,0
v18_3449,পরীক্ষাকেন্দ্রে মুঠোফোন রাখায় শিক্ষকের জরিমানা,corpus_expansion_5000,0.30093381222399707,0,0
v18_0603,নিরাপত্তা চেয়ে বগুড়া পৌর মেয়রের জিডি,new_high_w1_pany,0.18341727616695466,0,0
v18_3056,দেশের সব বিমানবন্দরে অ্যাম্বুলেন্স ও ডাক্তার রাখার নির্দেশ,corpus_expansion_5000,0.2185022348628059,0,0
v18_4531,মো. ইউসুফ শিকদার,corpus_expansion_5000,0.38477547706397086,0,0
v18_0126,শীতে ত্বকের সমস্যা,v17_reused,0.42679007522570445,1,0
v18_3876,অনুমতি পেলে স্বল্প খরচে করোনা পরীক্ষার কিট বানাবে গণস্বাস্থ্য,corpus_expansion_5000,0.35489332266036094,0,0
v18_2935,গণশিক্ষামন্ত্রীর আয় কৃষি খাতেই ছয় গুণ বেড়েছে,corpus_expansion_5000,0.3418133919427532,0,0
v18_3531,"সিলেটে এসএসসিতে বেড়েছে স্কুল, পরীক্ষার্থী ও কেন্দ্র",corpus_expansion_5000,0.3921913672632442,0,0
v18_2730,সংলাপে ‘সংকট উত্তরণের’ আশা ফখরুলের,corpus_expansion_5000,0.5251920201500875,1,1
v18_0827,"ফরিদপুরে ট্রাক-প্রাইভেটকার সংঘর্ষ, নিহত ৫",corpus_expansion_5000,0.16079228470839807,0,1
v18_1639,"টেকনাফে র্যাবের সঙ্গে ‘বন্দুকযুদ্ধ’, নিহত ১",corpus_expansion_5000,0.4842398003427133,1,1
v18_0984,"জাতিসংঘ ঘাঁটিতে হামলা, নিহত ৯",corpus_expansion_5000,0.2060688837501653,0,1
v18_3281,বকেয়া বেতনের দাবিতে আজ অবস্থান ধর্মঘট,corpus_expansion_5000,0.18101814080263204,0,0
v18_4971,এখনো শুরু হয়নি পাঁচ মামলার বিচারকাজ,corpus_expansion_5000,0.12133320614051273,0,0
v18_2188,"নওগাঁয় অস্ত্র-গুলি উদ্ধার, গ্রেপ্তার ২",corpus_expansion_5000,0.12934232937764809,0,1
v18_4612,দুদকের আইনজীবী মোশাররফ হোসেন কাজল ওসি মোয়াজ্জেমের পক্ষে লড়বেন,corpus_expansion_5000,0.2601425988962303,0,0
v18_2443,চট্টগ্রামের সড়কে লাশ হল বাবা-ছেলে,corpus_expansion_5000,0.16151257862235233,0,1
v18_0362,তোয়ালের ভাঁজে এ কী ভোজবাজি!,new_mid_w1_p0,0.8241733376871658,1,0
v18_2349,"গাইবান্ধায় বাস উল্টে খাদে, নিহত ৫",corpus_expansion_5000,0.4165568777450921,0,1
v18_0345,নাগরিক টিভিতে ব্যতিক্রমী টক শো ‘হ্যাশট্যাগ নন্দিনী’,new_low_w0_pany,0.7384126165357974,1,0
v18_0814,পাকিস্তানের লাহোর বিমানবন্দরে গোলাগুলি: নিহত ২,corpus_expansion_5000,0.16079228470839807,0,1
v18_3205,"গার্মেন্টস শ্রমিকরা রাজপথ ছেড়েছে, তবে আন্দোলন চালিয়ে যাবে",corpus_expansion_5000,0.2112741424527735,0,0
v18_4160,‘নব-নির্বাচিত চেয়ারম্যানকে ফুল দিতে গিয়ে শিক্ষক লাঞ্ছিত’,corpus_expansion_5000,0.2344844413536289,0,0
v18_4795,ছায়ানটে ঠাকুরবাড়ির গান,corpus_expansion_5000,0.45289280694802303,1,0
v18_3325,নারী দিবসে বিনা মূল্যে মেডিকেল ক্যাম্প,corpus_expansion_5000,0.3451374483123983,0,0
v18_4106,শুভ জন্মদিন নোবেল জয়ী প্রফেসর আবদুস সালাম,corpus_expansion_5000,0.5547078925105016,1,0
v18_2116,মুখের সৌন্দর্যে ‘ফেইস মাস্ক’,corpus_expansion_5000,0.5256265245991961,1,1
v18_1834,সাঁওতালদের মামলার বাদী ‘নিখোঁজ’,corpus_expansion_5000,0.08903159554271542,0,1
v18_0793,শ্রীলংকায় যুদ্ধাঞ্চলে রেডক্রসকর্মী নিহত,v17_reused,0.10356039088419995,0,0
v18_4946,"৪ মাস ধরে বিদ্যালয়ে শিক্ষিকা, রাতে বখাটের হানা",corpus_expansion_5000,0.09247470985672719,0,0
v18_2674,দেশব্যাপী বিএনপির বিক্ষোভ সমাবেশ পুলিশি বাধায় কয়েক স্থানে পণ্ড : আটক ১০,corpus_expansion_5000,0.22634546527115054,0,1
v18_0094,‘জলাবদ্ধতা নিরসনে মহাপরিকল্পনা প্রণয়ন জরুরি’,new_low_w0_pany,0.9066729410463942,1,0
v18_3756,তেজগাঁও কলেজের শিক্ষক হান্নান নিখোঁজ,corpus_expansion_5000,0.30093381222399707,0,0
v18_2891,ট্রাকচাপায় ছাত্রলীগ নেতা নিহত,corpus_expansion_5000,0.18162011333610947,0,1
v18_2371,ব্যাংক ডাকাতির টাকা ‘বড়দিনের উপহার’ হিসেবে বিলিয়ে দিলেন বৃদ্ধ,corpus_expansion_5000,0.23096560092601445,0,1
v18_4149,শাহ্জালাল ব্যাংকের পরিচালনা পর্ষদের সভা,corpus_expansion_5000,0.4413369854724032,1,0
v18_4432,"বিচারবহির্ভূত হত্যা, গুম ঠেকাতে বাংলাদেশ ব্যর্থ",corpus_expansion_5000,0.27088648176906205,0,0
v18_3228,ডিজিটাল মাধ্যম শিক্ষা কার্যক্রম বাড়াতে হবে,corpus_expansion_5000,0.0945363922261271,0,0
v18_2853,গোবিন্দগঞ্জ থানায় কিশোরীকে ধর্ষণের অভিযোগ,corpus_expansion_5000,0.09618369025814084,0,1
v18_2912,ডেঙ্গু আক্রান্ত মা কী শিশুকে বুকের দুধ খাওয়াতে পারবেন?,corpus_expansion_5000,0.6375537798701819,1,0
v18_1865,২০১৫ সালে ১৮৬০ শিশুর মৃত্যু,corpus_expansion_5000,0.1587475424680632,0,1
v18_1857,"যশোরে পুলিশের সঙ্গে ‘বন্দুকযুদ্ধ’, নিহত ১",corpus_expansion_5000,0.1759036542241389,0,1
v18_2645,এবার শাহরুখকে নিয়ে মন্দিরার ‘সেলফি’!,corpus_expansion_5000,0.9756939411651652,1,1
v18_2243,জাল টাকাসহ গ্রেপ্তার ২,corpus_expansion_5000,0.16079228470839807,0,1
v18_2336,দেশে ৪ থেকে ১৭ অক্টোবর ভিটামিন ‘এ’ প্লাস ক্যাম্পেইন,corpus_expansion_5000,0.21906925514310427,0,1
v18_0950,‘বন্দুকযুদ্ধে’ মানব পাচার মামলার পলাতক ৩ আসামি নিহত,corpus_expansion_5000,0.17921858498670093,0,1
v18_3068,মুঠোফোনের অ্যাপভিত্তিক সেবা দিতে পারবে পাঁচ ধরনের যান,corpus_expansion_5000,0.1052515497658996,0,0
v18_1120,কেনেডি হত্যা: ২৮০০ মার্কিন নথি ‘উন্মুক্ত’,corpus_expansion_5000,0.0945363922261271,0,1
v18_2597,মনিরামপুরে গুলিবিদ্ধ দুই লাশ উদ্ধার,corpus_expansion_5000,0.26501655125611634,0,1
v18_2204,"কুয়েটে ছাত্র সংঘর্ষে আহত ২৫, বিশ্ববিদ্যালয় বন্ধ",corpus_expansion_5000,0.10948849678307467,0,1
v18_0419,বেগমগঞ্জ উপজেলা বিএনপির কমিটি গঠন,new_high_w1_pany,0.19440974903866715,0,1
v18_0922,সুরাবায়া বোমা হামলা: এক পরিবারের ৫ জন জড়িত,corpus_expansion_5000,0.21755206222487392,0,1
v18_1254,ফেনীতে র্যাবের সঙ্গে ‘বন্দুকযুদ্ধে’ নিহত ২,corpus_expansion_5000,0.3095546046636726,0,1
v18_0477,দেলোয়ারকে ছাড়াতে মন্ত্রণালয়ে চিঠি দিয়েছিল বিজিএমইএ!,v17_reused,0.5762199906094913,1,0
v18_2035,"বাবাকে মারল বখাটেরা, মেয়ের আত্মহত্যা!",corpus_expansion_5000,0.8766969927312132,1,1
v18_1202,লোকমান হত্যা: ৩ জন রিমান্ডে,corpus_expansion_5000,0.12694125895243044,0,1
v18_2626,নরসিংদীতে বাস চাপায় নিহত ২,corpus_expansion_5000,0.0945363922261271,0,1
v18_4818,করোনা পরিস্থিতি স্বাভাবিক না হওয়া পর্যন্ত শিক্ষাপ্রতিষ্ঠান খোলা যাবে না,corpus_expansion_5000,0.1628915391132911,0,0
v18_1970,দিনাজপুরে তিনজনসহ বিভিন্ন স্থানে নিহত ৮,corpus_expansion_5000,0.1971193189536589,0,1
v18_3110,সেতুর একাংশ ভেঙে দুই বছর ধরে নদীতে,corpus_expansion_5000,0.1337032306449063,0,0
v18_4018,"ভেনেজুয়েলায় স্কুল বন্ধ, কমানো হলো কর্মঘণ্টা",corpus_expansion_5000,0.3933184816239567,0,0
v18_2151,কিশোর জনি হত্যাকারীদের ফাঁসির দাবি,corpus_expansion_5000,0.4031072867748539,0,1
v18_3687,বাণিজ্য মেলায় প্রতিদিন ১ ঘণ্টার গোল্ডেন আওয়ার ঘোষণা,corpus_expansion_5000,0.32912155184893244,0,0
v18_1997,প্রিন্সেস বাসমাহকে অপহরণ করেছেন সৌদি যুবরাজ!,corpus_expansion_5000,0.8033249166339964,1,1
v18_4033,"আরও চারজনকে জেরা সম্পন্ন, একজনের সাক্ষ্য",corpus_expansion_5000,0.1097556211896902,0,0
v18_3054,২০২১ সালে আমরা স্বাধীনতার সুবর্ণ জয়ন্তী পালন করব,corpus_expansion_5000,0.5085166371557772,1,0
v18_1248,‘ভারতের ঝাড়খন্ডে ১২ মাওবাদী বিদ্রোহী নিহত’,corpus_expansion_5000,0.2257070711518263,0,1
v18_2192,লং মার্চ ‘স্টান্টবাজি’: নাসিম,corpus_expansion_5000,0.266442567952954,0,1
v18_2712,টাঙ্গাইল ও গাইবান্ধায় দুর্ঘটনায় নিহত ২,corpus_expansion_5000,0.2127776948376419,0,1
v18_0992,মিরসরাইয়ে গৃহবধূ গণধর্ষণের শিকার,corpus_expansion_5000,0.15384739765803893,0,1
v18_2190,‘কলম’-এর মোড়ক উন্মোচন,corpus_expansion_5000,0.12832778490171357,0,1
v18_3762,বেনাপোলে শ্রমিকদের ধর্মঘটের হুমকি,corpus_expansion_5000,0.08848433731515847,0,0
v18_3597,বয়সভিত্তিক ফুটবলেও অন্ধকার দেখছে আর্জেন্টিনা,corpus_expansion_5000,0.5180571605843102,1,0
v18_1318,আতঙ্কের নাম ‘পদদলন’,corpus_expansion_5000,0.21703723004064168,0,1
v18_1863,"ব্রাহ্মণবাড়িয়া-১: আ’লীগের মিছিলে বিএনপির হামলা, আহত ৩",corpus_expansion_5000,0.1791537982491679,0,1
v18_2343,হত্যা মামলায় পাঁচ ভাইয়ের যাবজ্জীবন,corpus_expansion_5000,0.1133379569328199,0,1
v18_2449,"কুষ্টিয়া ও মাগুরায় সংঘর্ষে আহত ২০, ভাঙচুর",corpus_expansion_5000,0.0900182977375145,0,1
v18_2136,চট্টগ্রামে অগ্নিকাণ্ডে পুড়ল ৭ বসতঘর,corpus_expansion_5000,0.531056306716739,1,1
v18_1065,সন্ত্রাসী পরিকল্পনা গোপনে ‘গোয়িং ডার্ক’,corpus_expansion_5000,0.20463735885541537,0,1
v18_4960,যানজট নিরসনের উপায়,corpus_expansion_5000,0.7134393218065029,1,0
v18_2621,বেসিক ব্যাংকে এসব কী হচ্ছে!,corpus_expansion_5000,0.5197215888585238,1,1
v18_0077,শহীদনগরে অগ্নিকাণ্ডের কারণ অজানা,new_mid_w1_p0,0.3769507471532455,0,0
v18_2898,মোট চাহিদার দুই-তৃতীয়াংশ দুধ সরবরাহ করছে দেশি উদ্যোক্তারা,corpus_expansion_5000,0.14438423413430984,0,0
v18_1314,সোমালিয়ার বোমা হামলায় নিহত ৩শ’ ছাড়িয়েছে,corpus_expansion_5000,0.12770731753909595,0,1
v18_4372,যুদ্ধাপরাধের তিনটি মামলা রায়ের অপেক্ষায়,corpus_expansion_5000,0.16865508815473546,0,0
v18_0872,শ্রীমঙ্গলে প্রতারণার ভয়ঙ্কর ফাঁদ!,corpus_expansion_5000,0.9878775886498049,1,1
v18_3850,ডায়াবেটিস আভাস পাবেন যেভাবে,corpus_expansion_5000,0.7007428471970057,1,0
v18_4787,একাই ৬০ ফুট কূপ খুঁড়লেন নারী,corpus_expansion_5000,0.38823461554525096,0,0
v18_2965,ডিএসইর নতুন লেনদেন ব্যবস্থা সম্পর্কে জানতে চেয়েছে বিএসইসি,corpus_expansion_5000,0.19000580961738978,0,0
v18_3391,ডেপুটি অ্যাটর্নি জেনারেল হলেন ১০ ট্রাক অস্ত্র মামলার পিপি,corpus_expansion_5000,0.10356039088419995,0,0
v18_2560,পচা ডিমের বস্তায় লাশ!,corpus_expansion_5000,0.8679916783173819,1,1
v18_4896,ঢাকা-কাঠমান্ডু পথে উড়তে চলেছে ইউএস-বাংলা,corpus_expansion_5000,0.424652897553496,1,0
v18_2635,সিরাজগঞ্জে দুই বাসের সংঘর্ষে নিহত ১৭,corpus_expansion_5000,0.1570798749492314,0,1
v18_3530,অ্যাপভিত্তিক যাত্রীসেবায় ঢাকায় সোয়া লাখ গাড়ি,corpus_expansion_5000,0.10239643515844697,0,0
v18_0375,সবুজ ছোঁয়ার আমন্ত্রণ,new_mid_w0_p0,0.5937142332754775,1,0
v18_1908,ঈশ্বরদীতে গণপিটুনিতে ‘গরু চোর’ নিহত,corpus_expansion_5000,0.16079228470839807,0,1
v18_4332,যুক্তরাষ্ট্রে আগ্নেয়াস্ত্র নিষিদ্ধ করা এত কঠিন কেন?,corpus_expansion_5000,0.5273124870770656,1,0
v18_4379,অবাধ ও সুষ্ঠু নির্বাচন দেখতে চায় যুক্তরাজ্য,corpus_expansion_5000,0.30093381222399707,0,0
v18_4027,লাল-সবুজের পাটের ব্যাগ,corpus_expansion_5000,0.4076543965940803,0,0
v18_1604,আমির ‘হাফ অ্যাকটর!’,corpus_expansion_5000,0.9724697972159916,1,1
v18_1118,৫ আগস্ট : বাণী চিরন্তনী,corpus_expansion_5000,0.7669507138578997,1,1
v18_3677,"তিস্তার পানি বিপদ সীমার ওপরে, বিভিন্ন গ্রাম প্লাবিত",corpus_expansion_5000,0.42797140638860465,1,0
v18_3490,তেলের দাম বাড়বে কমবে শস্যের দর,corpus_expansion_5000,0.17908102814715546,0,0
v18_4864,মেরিল–প্রথম আলো পুরস্কার ২০১৪,corpus_expansion_5000,0.8740940508494877,1,0
v18_2958,ভোটকেন্দ্রের ডিজিটাল তথ্যভাণ্ডার করছে ইসি,corpus_expansion_5000,0.17676558514356863,0,0
v18_1994,লাশটি নওহাটা পৌর মেয়র গফুরেরই,corpus_expansion_5000,0.10977657017287824,0,1
v18_4955,রুমানাদের প্রস্তুতি ক্যাম্প বৃহস্পতিবার থেকে,corpus_expansion_5000,0.37973752883620476,0,0
v18_4355,একদিনের খেলা বাদ দিতে ইমরানের পরামর্শ,corpus_expansion_5000,0.32912155184893244,0,0
v18_2376,প্রতিপক্ষকে ফাঁসাতে নিজের মেয়েকে হত্যা করান বাবা!,corpus_expansion_5000,0.581927124000648,1,1
v18_1342,এতিমখানা দুর্নীতি: ৫ জানুয়ারি খালেদাকে হাজিরের নির্দেশ,corpus_expansion_5000,0.13135399189685676,0,1
v18_0320,নূরজাহানের ওপর হামলার শাস্তি দাবি আসকের,v17_reused,0.16119207681211056,0,0
v18_1619,কল্যাণপুরের ‘জঙ্গিদের’ মুখে ছিল আইএস বুলি: প্রত্যক্ষদর্শী,corpus_expansion_5000,0.10367622339129512,0,1
v18_3713,জ্বালানি-দক্ষতায় অর্থায়ন হচ্ছে,corpus_expansion_5000,0.2342604615175726,0,0
v18_2060,কুষ্টিয়ায় অজ্ঞাত ব্যক্তির লাশ,corpus_expansion_5000,0.2344844413536289,0,1
v18_2219,নিহত নয় ‘জঙ্গির’ নাম-ঠিকানা জানতে চায় পুলিশ,corpus_expansion_5000,0.15064827559604077,0,1
v18_1673,দীপিকা-প্রিয়াঙ্কার ‘পিংগা’ বিপত্তি!,corpus_expansion_5000,0.7755735187970393,1,1
v18_0260,মরদেহের মর্যাদাপূর্ণ ব্যবস্থাপনা জরুরি,v17_reused,0.10675518051354932,0,0
v18_4417,ব্রেস্ট ক্যান্সার ও কোলন ক্যান্সার নিয়ন্ত্রণে বাঁধকপি,corpus_expansion_5000,0.4365128219944864,1,0
v18_2039,এরশাদের নতুন স্লোগান ‘থ্রি-জে’,corpus_expansion_5000,0.2850912595832408,0,1
v18_0901,মনরোর সাজে বিপাশা!,corpus_expansion_5000,0.9799027652517531,1,1
v18_3744,যুক্তরাষ্ট্রে গানের আয় ভাগ করে দেবে ইউটিউব,corpus_expansion_5000,0.1133379569328199,0,0
v18_2026,২৬ এপ্রিল প্রতিবেদন দাখিলের আদেশ,corpus_expansion_5000,0.10356039088419995,0,1
v18_1917,ফেরিঘাটে সংঘর্ষে আহত ৬,corpus_expansion_5000,0.19000580961738978,0,1
v18_1828,ফরিদপুরে গণপিটুনিতে ৪ ‘ডাকাত’ নিহত,corpus_expansion_5000,0.1476023763660605,0,1
v18_1573,‘ট্রাম্প দেশকে ধ্বংস করে ফেলছেন’,corpus_expansion_5000,0.6757209327399362,1,1
v18_4394,দোয়া চেয়েছেন মহিউদ্দিন চৌধুরী,corpus_expansion_5000,0.2344844413536289,0,0
v18_4208,প্রধানমন্ত্রীর নির্দেশের পর হাসপাতালে সাবেক সাংসদ ইউসুফ,corpus_expansion_5000,0.24659629484526255,0,0
v18_0224,"কমপক্ষে ৪৫০ কোটি টাকা আদায় সম্ভব, যদি...",v17_reused,0.5443281946329659,1,0
v18_0723,"ভুয়া, উসকানিমূলক পোস্ট মুছে দেবে ফেসবুক",new_mid_w1_p0,0.2525249068191308,0,0
v18_4485,বিতর্ক শেখার সহজ পাঠ,corpus_expansion_5000,0.32031302657145,0,0
v18_1141,মাজারে হামলার পর ১০০ ‘সন্ত্রাসী’ হত্যার দাবি পাকিস্তানের,corpus_expansion_5000,0.22364435793465315,0,1
v18_2762,ইরফান-তিশার ‘ডুডল অব লাভ’,corpus_expansion_5000,0.9517525006819039,1,1
v18_0846,ধর্ষণের ঘটনায় মামলা,corpus_expansion_5000,0.1063626329015985,0,1
v18_2551,আসামে ফের ‘বঙাল খেদা’ আন্দোলন,corpus_expansion_5000,0.26005721124057557,0,1
v18_2928,সিএনজি ফিলিং স্টেশন ২৪ ঘণ্টা খোলা রাখার নির্দেশ,corpus_expansion_5000,0.19000580961738978,0,0
v18_0117,আ.লীগ-বিএনপিকে কেউ ভালো বলে না,new_mid_w1_p1,0.28613890007391757,0,1
v18_0645,সুনামগঞ্জে কভার্ড ভ্যান-অটো সংঘর্ষে নিহত ৪,new_mid_w1_p0,0.19102585756392693,0,0
v18_0003,সরকারি টেন্ডারে সুবিধা পাবে আবাসন খাত,new_mid_w1_p0,0.2601425988962303,0,0
v18_4170,উমেশের স্পেল সাকিবের খেলা অন্যতম সেরা,corpus_expansion_5000,0.5116270812992142,1,0
v18_0467,‘সুপারফাস্ট’ চার্জার দেখালো শিয়াওমি,new_mid_w0_p0,0.3451374483123983,0,0
v18_0005,রদ্রিগেসের গোলে কলম্বিয়ার জয়,new_high_w1_pany,0.4413369854724032,1,1
v18_0919,"মাইকেলের ‘অভাবনীয় ধ্বংসযজ্ঞ’, নিহত ৬",corpus_expansion_5000,0.3847857905385054,0,1
v18_2595,নালিতাবাড়ীতে বাসের চাপায় নিহত ৩,corpus_expansion_5000,0.1869025161402622,0,1
v18_1063,স্বাস্থ্য খাতের ১১ দুর্নীতি,corpus_expansion_5000,0.13495579557238033,0,1
v18_2590,আলোকচিত্রে ‘চিরায়ত চট্টগ্রাম’,corpus_expansion_5000,0.30093381222399707,0,1
v18_0242,মাহিরার সঙ্গে ধূমপান প্রসঙ্গে মুখ খুললেন রণবীর,new_high_w1_pany,0.9091427558970514,1,1
v18_1160,গাড়িচাপায় শিশু নিহত,corpus_expansion_5000,0.4182266205664554,1,1
v18_2870,বাসচাপায় নজরুল বিশ্ববিদ্যালয়ের ২ ছাত্র নিহত,corpus_expansion_5000,0.2574823647141369,0,1
v18_3735,দ্বিতীয়বার অংশগ্রহণকারীদের নম্বর কাটা যাবে,corpus_expansion_5000,0.0945363922261271,0,0
v18_2397,সাতক্ষীরায় স্ত্রীকে হত্যার অভিযোগ,corpus_expansion_5000,0.6910567893025944,1,1
v18_3517,"মেট্রোরেলের পথ, স্টেশন, ডিপোর অবকাঠামো নির্মাণে চুক্তি সই",corpus_expansion_5000,0.30183732926174744,0,0
v18_3421,নগরবাড়ীতে মেরিন একাডেমির ভিত্তিপ্রস্তর স্থাপন,corpus_expansion_5000,0.18810630741612974,0,0
v18_2563,৪ গোল খেয়েও উন্নতি মোহামেডানের!,corpus_expansion_5000,0.9616943489059822,1,1
v18_1605,"নরসিংদীতে ‘আধিপত্যের বিরোধে’ সংঘাত, গুলিতে নিহত ২",corpus_expansion_5000,0.14524458504236173,0,1
v18_4828,সিপার এয়ার সার্ভিস নিউইয়র্কে,corpus_expansion_5000,0.5432062254048708,1,0
v18_2324,মানিকগঞ্জে হত্যার দায়ে ৪ জনের যাবজ্জীবন,corpus_expansion_5000,0.13142983561661423,0,1
v18_2709,প্রকাশ্য গণধর্ষণের দায়ে পলাশে ৬ ধর্ষকের অর্থদন্ডসহ মৃত্যুদন্ডাদেশ,corpus_expansion_5000,0.4067964465621035,0,1
v18_4398,"রংপুরে এক বাসকে ধাক্কা দিয়ে আরেক বাস খাদে, নিহত ২",corpus_expansion_5000,0.16551695481783088,0,0
v18_1312,মীরসরাইয়ে র্যাবের সঙ্গে ‘বন্দুকযুদ্ধে’ নিহত ২,corpus_expansion_5000,0.3244515536104672,0,1
v18_3448,বাধা-বিপত্তি পেরিয়ে স্থল সীমান্ত চুক্তি রাজ্যসভায়,corpus_expansion_5000,0.31804178856079884,0,0
v18_3812,মাতারবাড়িতে আগ্রহ জাপানি দুই কোম্পানির,corpus_expansion_5000,0.19481525717999515,0,0
v18_4655,যুবককে হত্যার পর লাশ ফেলল টঙ্গীর তুরাগে,corpus_expansion_5000,0.15729767647164433,0,0
v18_2362,'এটি ইউনূসের এক বিশাল প্রতারণা',corpus_expansion_5000,0.16857217928819485,0,1
v18_1975,সাভারে জাল টাকাসহ গ্রেপ্তার ১,corpus_expansion_5000,0.265862027677618,0,1
v18_3514,"সাইমুনকে অ্যাপোলোতে ভর্তি, এগিয়ে এসেছে এলাকাবাসী",corpus_expansion_5000,0.23694737860111495,0,0
v18_1761,গ্যাসলাইনে অগ্নিকাণ্ডে ইরানে নিহত ৫,corpus_expansion_5000,0.36835127139997426,0,1
v18_2739,চট্টগ্রামে সড়ক দুর্ঘটনায় দুইজন নিহত,corpus_expansion_5000,0.18113124217270185,0,1
v18_4844,বর্তমান সরকারের অধীনে সুষ্ঠু নির্বাচন সম্ভব নয়,corpus_expansion_5000,0.5045359770394344,1,0
v18_2472,"বাগেরহাটে ২ সহোদর শিশু হত্যা, আসামি গ্রেপ্তার",corpus_expansion_5000,0.13278138588951516,0,1
v18_4007,ক্যাপসিকাম চাষে সম্ভাবনা ভোলায়,corpus_expansion_5000,0.40981011313599575,0,0
v18_1493,"মুন্সীগঞ্জে বিক্ষিপ্ত সংঘর্ষ, আহত ২",corpus_expansion_5000,0.15863088604599893,0,1
v18_4206,জাহিদের পাশে দাঁড়ালো বেসিস,corpus_expansion_5000,0.13976458891162466,0,0
v18_2158,৪ জুন: হাসতে নেই মানা,corpus_expansion_5000,0.4951504474095486,1,1
v18_1169,প্রবাসী হত্যা মামলার আসামি ‘বন্দুকযুদ্ধে’ নিহত,corpus_expansion_5000,0.1353199798207458,0,1
v18_4516,বরিশালে মাদ্রাসাছাত্রের রহস্যজনক মৃত্যু,corpus_expansion_5000,0.8140812969689823,1,0
v18_0232,আফ্রিকান ফুটবলের পতন রাশিয়ায়,v17_reused,0.45288427504234835,1,0
v18_0066,অপারেশনে কেন সবুজ পোশাক পরেন চিকিৎসকরা?,v17_reused,0.8746935397175811,1,0
v18_1603,ঢাকায় র্যাবের সঙ্গে ‘গোলাগুলিতে’ নিহত ১,corpus_expansion_5000,0.15547943898107555,0,1
v18_3283,মির্জাপুর ও কসবায় সাত টন চাল জব্দ,corpus_expansion_5000,0.09267707849552585,0,0
v18_3596,মস্তিষ্ক সতেজ ও ধারালো করবে ধোঁয়া ওঠা এক কাপ চা : গবেষণা,corpus_expansion_5000,0.3569867617277466,0,0
v18_0125,পাপুয়া নিউগিনিতে ‘সেনা বিদ্রোহ’,v17_reused,0.0945363922261271,0,0
v18_1296,চুয়াডাঙ্গায় ‘ডাকাতের বোমা হামলায়’ নিহত ১,corpus_expansion_5000,0.18554295868265247,0,1
v18_1976,যশোরে ‘ডাকাতের’ গুলিবিদ্ধ মরদেহ উদ্ধার,corpus_expansion_5000,0.08987118006151028,0,1
v18_4517,এসবিএসি ব্যাংকের হাসনাবাদ শাখায় এটিএম বুথ,corpus_expansion_5000,0.3383591662453082,0,0
v18_4481,বাউয়েট বন্ধুসভা গঠন,corpus_expansion_5000,0.18095993185060338,0,0
v18_2075,"নেত্রকোনায় সড়ক দুর্ঘটনায় নিহত ১, আহত ৯",corpus_expansion_5000,0.19000580961738978,0,1
v18_3086,পর্যটকদের বিনামূল্যে হোটেল সুবিধার সঙ্গে থাকছে খাবার,corpus_expansion_5000,0.2601425988962303,0,0
v18_4345,প্রধান বিচারপতি ক্যান্সারে আক্রান্ত তাই ছুটিতে -আইনমন্ত্রী,corpus_expansion_5000,0.3013611976396581,0,0
v18_3345,কানাডা-যুক্তরাষ্ট্রের সীমান্ত বন্ধ থাকবে আরও এক মাস,corpus_expansion_5000,0.3451374483123983,0,0
v18_4464,মুন্সীগঞ্জে মাশরাফি,corpus_expansion_5000,0.850763826250153,1,0
v18_2797,মোহামেডানের ‘কোচ-দুঃখ’,corpus_expansion_5000,0.505850628845936,1,1
v18_0918,জঙ্গি নিয়ে বিভ্রান্তি ও বিপদ,corpus_expansion_5000,0.17552743976780097,0,1
v18_1646,শিংবিদ্ধ ‘ষাঁড়বিদ’!,corpus_expansion_5000,0.9139096003090984,1,1
v18_0364,রামগঞ্জে বিদ্যুৎ–সংযোগ দেওয়ার নামে বাণিজ্য,v17_reused,0.1286677500322177,0,0
v18_3287,'ছেলেরা না খাওয়ালেও আল্লাহ তাদের বড় করুক',corpus_expansion_5000,0.46115338333696615,1,0
v18_2125,নোয়াখালীতে আওয়ামী লীগের দু’পক্ষের সংঘর্ষ-গুলি,corpus_expansion_5000,0.12800797232996827,0,1
v18_4123,নানা আয়োজনে রবীন্দ্রজয়ন্তী,corpus_expansion_5000,0.3256427758440407,0,0
v18_0525,জঙ্গিবাদ ইস্যু অতিরঞ্জিত করছে সরকার: মওদুদ,new_high_w1_pany,0.22606697171334558,0,1
v18_0055,পদদলনে হতাহতের ঘটনার তদন্তের দিকে চেয়ে মহিউদ্দিনপুত্র,new_mid_w0_p0,0.25229163113013553,0,0
v18_0638,মেলায় গণিত প্রেমীদের বই: গণিতের স্বপ্নযাত্রা,new_high_w1_pany,0.8789667385294597,1,1
v18_0302,জলোচ্ছ্বাসের আতংকে পটুয়াখালীতে বৃদ্ধের মৃত্যু,new_high_w1_pany,0.19000580961738978,0,1
v18_2766,দুর্ঘটনায় শিক্ষকসহ সাতজন নিহত,corpus_expansion_5000,0.17104017284213818,0,1
v18_1276,‘বাইক সন্ত্রাস’: হত্যা মামলা নেওয়ার দাবি,corpus_expansion_5000,0.10578475644111897,0,1
v18_2055,"গুলশান হামলায় আটক ২, মামলা প্রক্রিয়াধীন: আইজিপি",corpus_expansion_5000,0.1427262491890046,0,1
v18_3644,পানির কর ৩০ শতাংশ বাড়িয়ে বাজেট প্রস্তাব করেছে বাগেরহাট পৌরসভা,corpus_expansion_5000,0.2539751468636773,0,0
v18_4143,প্রধান তথ্য কমিশনারকে প্রতিমন্ত্রীর মর্যাদা,corpus_expansion_5000,0.10356039088419995,0,0
v18_2878,আবরার হত্যার দিনকে ‘শহীদ দিবস’ পালনের আহ্বান মওদুদের,corpus_expansion_5000,0.16920108714485274,0,1
v18_4202,"বিসিবি পর্ষদ নিয়ে রুল, সভা করতে ‘বাধা নেই’",corpus_expansion_5000,0.0945363922261271,0,0
v18_2286,মন ভোলাচ্ছে ‘শাহী জিলাপি’,corpus_expansion_5000,0.3451374483123983,0,1
v18_2261,নারায়ণগঞ্জে শ্রমিক পুলিশ সংঘর্ষ,corpus_expansion_5000,0.15127643057484386,0,1
v18_2296,দৃষ্টিপ্রতিবন্ধীদের ‘যুক্তির আলোয় দেখি’ বিতর্ক শুরু ২১ এপ্রিল,corpus_expansion_5000,0.18406512628346464,0,1
v18_1753,অলিউল্লাহ হত্যায় ৬ জনের ফাঁসি,corpus_expansion_5000,0.0945363922261271,0,1
v18_1968,নরসিংদীতে গোলাগুলির পর ৪ ডাকাত আটক,corpus_expansion_5000,0.16079228470839807,0,1
v18_4351,দিল্লিতে শেষ পর্যন্ত আম আদমি পার্টির সরকার?,corpus_expansion_5000,0.6539609200234233,1,0
v18_3117,অন্যায় পদক্ষেপে জনতা বিক্ষুব্ধ হবে গ্যাসের মূল্য বৃদ্ধি করে সাধারণ মানুষের প্রতি জুলুম করা হবে -মাও. শাহ্ আতাউল্লাহ,corpus_expansion_5000,0.30313717716968863,0,0
v18_2393,দশ দিনেও গ্রেপ্তার হয়নি ধর্ষণ মামলার আসামি,corpus_expansion_5000,0.4088625857784154,0,1
v18_0523,ক্রীড়া সাংবাদিকদের মানব বন্ধন,v17_reused,0.598900906658088,1,0
v18_3900,বঙ্গবন্ধু স্যাটেলাইটের মোবাইল অ্যাপ উদ্বোধন,corpus_expansion_5000,0.3451374483123983,0,0
v18_3122,যুব ও ক্রীড়াক্ষেত্রে উন্নয়নে ২১৭ কোটি টাকা বরাদ্দের প্রস্তাব,corpus_expansion_5000,0.41849315049290436,1,0
v18_4156,দুর্ঘটনায় নৌমন্ত্রীর গাড়ি,corpus_expansion_5000,0.2422096763690288,0,0
v18_1969,দুর্নীতিবাজদের সঙ্গে আপস নয়: গৃহায়ণমন্ত্রী,corpus_expansion_5000,0.17055140899935106,0,1
v18_0671,কিশোরগঞ্জের কটিয়াদীতে ১৪৪ ধারা জারি,new_low_w0_pany,0.10926222285365997,0,0
v18_4188,তথ্য উপদেষ্টার তীব্র সমালোচনা সাংসদ নিজাম হাজারীর,corpus_expansion_5000,0.32912155184893244,0,0
v18_0666,তরুণ বয়সে রূপচর্চা,new_low_w0_pany,0.4853007515625426,1,0
v18_4338,দুই মন্ত্রীকে সুপ্রিম কোর্টে তলব,corpus_expansion_5000,0.1867008433555472,0,0
v18_1887,গাজীপুরে পিটুনি: মামলায় আসামি ৫শ’,corpus_expansion_5000,0.2707711256407552,0,1
v18_3266,মংলা বন্দরের আধুনিকায়নে সরকার প্রয়োজনীয় সবকিছু করবে: নৌ-পরিবহন মন্ত্রী,corpus_expansion_5000,0.09295176638939283,0,0
v18_0280,রুয়েটে ভর্তি পরীক্ষা শুক্রবার,new_low_w0_pany,0.17491898592996105,0,0
v18_1719,কুষ্টিয়ায় কলেজছাত্রীর ‘আত্মহত্যা’,corpus_expansion_5000,0.23591660347463944,0,1
v18_2947,দরপত্রে কঠোর শর্ত চায় বার্থ অপারেটররা,corpus_expansion_5000,0.17491898592996105,0,0
v18_0899,"পাকিস্তানে মাজারে বিস্ফোরণ, নিহত ৪৩",corpus_expansion_5000,0.12628595711002935,0,1
v18_4850,ট্রেনে চারঘন্টা ধরে ৯৩ স্কুল ছাত্রীকে নির্যাতন,corpus_expansion_5000,0.3243323904950505,0,0
v18_0760,বাংলাদেশ পুলিশ সার্ভিস এসোসিয়েশনের কমিটি গঠন,v17_reused,0.10356039088419995,0,0
v18_1906,লালমনিরহাটে ৩ ‘জঙ্গি’ গ্রেপ্তার,corpus_expansion_5000,0.4833493068208447,1,1
v18_4042,"চট্টগ্রামে বৃক্ষ, বই ও মৎস্য মেলা শুরু",corpus_expansion_5000,0.4237456057776692,1,0
v18_3823,ধামরাইয়ে মন্দিরের জমি,corpus_expansion_5000,0.18655446895673783,0,0
v18_4138,কলোনির জমিতে দোকান দুর্ভোগে বাসিন্দারা,corpus_expansion_5000,0.18519059037495011,0,0
v18_3818,দেশব্যাপী চালু হলো পিকমির রেন্টাল কার সার্ভিস,corpus_expansion_5000,0.38724680726870386,0,0
v18_4300,অফশোর ট্রাস্ট রক্ষার চেষ্টা করেন ক্যামেরন,corpus_expansion_5000,0.6281878423598118,1,0
v18_2593,কমলনগরে ‘মিষ্টি খেয়ে’ ৩৫ জন অসুস্থ,corpus_expansion_5000,0.3451374483123983,0,1
v18_4164,"রোনালদোই জিতলেন ব্যালন ডি’অর, ছুঁলেন মেসিকে",corpus_expansion_5000,0.5437475277817572,1,0
v18_3031,বরাদ্দ থাকলেও টাকা ব্যয় হয়নি ১২০ উন্নয়ন প্রকল্পে,corpus_expansion_5000,0.13690284951695691,0,0
v18_3579,রংপুর বিভাগের এলজিইডি কর্মকর্তার প্রাণ গেল সড়কে,corpus_expansion_5000,0.0932150560968643,0,0
v18_2832,আইএস হামলায় ২ নারী পর্যটক নিহত,corpus_expansion_5000,0.2535483077965607,0,1
v18_3472,চাঁদপুরে ভাসমান বেডে শীতের আগাম সবজি চাষ,corpus_expansion_5000,0.12432792435469359,0,0
v18_0137,সংস্কারকাজের জন্য মহাসড়কে যানজট,new_mid_w1_p1,0.8467333858292417,1,1
v18_2180,সোনাসহ গ্রেপ্তার,corpus_expansion_5000,0.2411447352040636,0,1
v18_2128,খুন ধর্ষণের প্রতিবাদে ঐক্যফ্রন্টের বিক্ষোভ শনিবার,corpus_expansion_5000,0.2795731646426222,0,1
v18_3177,শিশুরাই একদিন বঙ্গবন্ধুর স্বপ্ন পূরণ করবে,corpus_expansion_5000,0.3251189557738612,0,0
v18_4367,বৃষ্টির অভাবে যশোরে রেণু পোনা উৎপাদন ব্যাহত,corpus_expansion_5000,0.3541565654651468,0,0
v18_4261,হুমায়ুন ও সোবহানের মনোনয়ন বাতিল,corpus_expansion_5000,0.17966743988891634,0,0
v18_4344,ফ্রান্সের কারাগারে ইসলামি উগ্রবাদ মোকাবেলার এখনই উপযুক্ত সময়,corpus_expansion_5000,0.3455826568556634,0,0
v18_1331,গণধর্ষণ মামলায় ২ আসামি গ্রেফতার,corpus_expansion_5000,0.5147671644054496,1,1
v18_2017,ফজলুল হক হত্যা: এক যুবক গেপ্তার,corpus_expansion_5000,0.09073596002496317,0,1
v18_2482,"কুমিল্লায় দুই পক্ষের সংঘর্ষ, নিহত ১, গুলিবিদ্ধ ৯",corpus_expansion_5000,0.2860730847351194,0,1
v18_1358,প্রভাবশালী ৫ মুঠোফোন,corpus_expansion_5000,0.3921913672632442,0,1
v18_1329,টেকনাফে সংঘর্ষে নিহত ১,corpus_expansion_5000,0.598900906658088,1,1
v18_2150,পাহাড়ে মৃত্যু নামে নীরবে একদিনে নিহত ১২,corpus_expansion_5000,0.2878865048941689,0,1
v18_2122,কোল্ডপ্লের নতুন গানে বারাক ওবামা!,corpus_expansion_5000,0.8889757568587885,1,1
v18_3981,"মেয়েরা শিক্ষিত হচ্ছে, তারা যেন ঝরে না যায়: স্পিকার",corpus_expansion_5000,0.2891454263790626,0,0
v18_1252,সামনেই ‘অশনি সঙ্কেত’,corpus_expansion_5000,0.6205729116893888,1,1
v18_3278,কুতুবদিয়া থেকে তেল শোধনাগার পর্যন্ত পাইপলাইন হচ্ছে,corpus_expansion_5000,0.41849315049290436,1,0
v18_3374,পূর্ণাঙ্গ কমিটি হয়নি নয় মাস পরও,corpus_expansion_5000,0.27130339961871275,0,0
v18_2814,ধর্ষণের শিকার হতে মানসিকভাবে প্রস্তুত ছিলেন কিম,corpus_expansion_5000,0.6624934053190553,1,1
v18_1848,"আশুলিয়ায় নারীকে ‘ধর্ষণের’ পর হত্যা, আটক ১",corpus_expansion_5000,0.1670376321608323,0,1
v18_3037,"ফেল্প্স মনে করেন, তাঁর রেকর্ডও একদিন ভাঙবে",corpus_expansion_5000,0.5439469168385574,1,0
v18_0388,৩০ সেকেন্ডেই মুঠোফোন চার্জ,v17_reused,0.28008474130873345,0,0
v18_0235,৯ উপজেলা পরিষদের মহিলা আসনে নির্বাচন ২৯ জানুয়ারি,v17_reused,0.4165568777450921,0,0
v18_1077,সিরাজগঞ্জে ‘কিশোরীকে ধর্ষণের পর বিষ দিয়ে হত্যা’: গ্রেপ্তার ৩,corpus_expansion_5000,0.13957424974302188,0,1
v18_1984,ইভিএমে ‘বিব্রত’ ইসি,corpus_expansion_5000,0.11570823209590268,0,1
v18_4363,মৌলভীবাজারে ১০ সোনার দোকানকে জরিমানা,corpus_expansion_5000,0.14303868621675692,0,0
v18_3962,সম্পদ ফেরত না দিলে বন্ধুত্ব হবে না,corpus_expansion_5000,0.20071755761097507,0,0
v18_0770,মাছচাষিকে কুপিয়ে হত্যা,v17_reused,0.20589049791985248,0,0
v18_2165,মাত্র ১০ টাকার জন্য খুন!,corpus_expansion_5000,0.6239231707274093,1,1
v18_0673,‘ড্রাগন’ ছবিতে অমিতাভ বচ্চন,v17_reused,0.8515043943809388,1,0
v18_0249,শর্টফিল্ম ‘বিভাজন’,v17_reused,0.92163541870689,1,0
v18_1574,‘ড্রোন’ বানাচ্ছে আনসারুল্লাহ!,corpus_expansion_5000,0.6114331604749602,1,1
v18_3419,"খুলনায় বীজতলায় পানি, বিপাকে আমন চাষিরা",corpus_expansion_5000,0.4212740038576252,1,0
v18_2081,কবিতার বইয়ে মেলায় ‘উপস্থিত’ শাকিল,corpus_expansion_5000,0.47002816352281424,1,1
v18_1823,"বনদস্যুদের আনতে গিয়ে ‘বন্দুকযুদ্ধ’, নিহত ১",corpus_expansion_5000,0.41911292113040743,1,1
v18_0716,কাটই পোকার আক্রমণ ফসল সাবাড়,v17_reused,0.4020224244984399,0,0
v18_4668,মোংলা বন্দরে আগ্রহ কমছে ব্যবসায়ীদের,corpus_expansion_5000,0.27519695152905604,0,0
v18_2048,নরসিংদীতে ‘সংঘর্ষে নিখোঁজ’ ২ জনের লাশ উদ্ধার,corpus_expansion_5000,0.0919897604841056,0,1
v18_4178,বগুড়ার শ্রমিক নেতা লতিফ মন্ডলের বিরুদ্ধে দুদকের মামলা,corpus_expansion_5000,0.3451374483123983,0,0
v18_2724,অন্তর্জালে ‘বেয়াইনসাব’ এর দাপট!,corpus_expansion_5000,0.993191593944937,1,1
v18_4521,"‘অসময়ে নীরব, সুসময়ে সরব, তিনি হলেন আ স ম রব’",corpus_expansion_5000,0.4251748968840005,1,0
v18_1460,ভারতে বিক্ষোভ চলছেই,corpus_expansion_5000,0.23458532550480202,0,1
v18_1668,গুজরাটের দাঙ্গার ধর্ষকদের ফাঁসিতে হাইকোর্টের ‘না’,corpus_expansion_5000,0.19657532979011508,0,1
v18_2756,দগ্ধ আরেক শ্রমিকের মৃত্যু নিহতের সংখ্যা বেড়ে ৫,corpus_expansion_5000,0.30093381222399707,0,1
v18_2000,নিহত দুজনের স্বজনদের খোঁজ মিলেছে,corpus_expansion_5000,0.30093381222399707,0,1
v18_0404,গুলি-বোমায় আহত যুবলীগ নেতার মৃত্যু,v17_reused,0.2963946222330052,0,0
v18_0384,বারান্দা থেকে দুই খানের ঈদ শুভেচ্ছা,new_mid_w1_p1,0.8282355492157261,1,1
v18_4535,ত্রাণের দাবিতে পিরোজপুর ও বরগুনায় মিছিল,corpus_expansion_5000,0.12470285311468285,0,0
v18_2152,ব্রাহ্মণবাড়িয়ায় ওএমএস কেলেঙ্কারি,corpus_expansion_5000,0.9543938266881418,1,1
v18_1633,কক্সবাজারে ফের পাহাড়ধস : নিহত ৫,corpus_expansion_5000,0.11114007894406935,0,1
v18_4586,"অসুস্থ গরু জবাই, অর্থদণ্ড",corpus_expansion_5000,0.15470856294037602,0,0
v18_3925,কয়েক সারিতে বাস রাখায় মোহাম্মদপুরে যানজট,corpus_expansion_5000,0.17921858498670093,0,0
v18_4158,সারা বিশ্বের চারজন পরিশ্রমী রাষ্ট্রনায়কের একজন শেখ হাসিনা: ওবায়দুল কাদের,corpus_expansion_5000,0.6416785346523431,1,0
v18_0223,গুঁড়া হলুদ তুলে নিতে বাধ্য হলো প্রাণ,new_mid_w1_p0,0.23388979008579727,0,0
v18_2193,জুলাই মাসে ধর্ষণসহ নারী নির্যাতন ৪৫০,corpus_expansion_5000,0.37530274618903703,0,1
v18_3136,ইলিশ রপ্তানিরক্ষেত্রে নতুন দাম নির্ধারণ,corpus_expansion_5000,0.10356039088419995,0,0
v18_1824,"অবিশ্বাস্য গেইল, ‘খুনে’ গেইল!",corpus_expansion_5000,0.9979419439392607,1,1
v18_4600,চোরাই গমসহ ট্রাক আটক,corpus_expansion_5000,0.17491898592996105,0,0
v18_0797,সাতকানিয়ায় অস্ত্রসহ গ্রেপ্তার ৫,corpus_expansion_5000,0.2354422358156868,0,1
v18_2871,শেরপুরের হাতির আক্রমণে কৃষক নিহত,corpus_expansion_5000,0.5690938689597135,1,1
v18_0009,‘নো মাস্ক নো সার্ভিস’,new_low_w0_pany,0.21435424703814043,0,0
v18_1944,হত্যাকারীর লক্ষ্য কেবল নারী!,corpus_expansion_5000,0.8457834538162465,1,1
v18_1838,"বঙ্গোপসাগরে ট্রলার ডাকাতি, ‘২২’ জেলে অপহরণ",corpus_expansion_5000,0.4635411994299425,1,1
v18_0255,একসঙ্গে ৮৪ কোটি টাকা দেখবেন বলে...,new_mid_w0_p0,0.13907730533134127,0,0
v18_4508,এরশাদ অনশন করবেন যেভাবে,corpus_expansion_5000,0.4578677524505173,1,0
v18_1581,‘হেঁচকি’ দিয়ে ফিরছেন রানী!,corpus_expansion_5000,0.8241733376871658,1,1
v18_2956,শতভাগ পেনশন নেওয়া কর্মচারীরাও পাবেন মাসিক পেনশন,corpus_expansion_5000,0.0945363922261271,0,0
v18_0924,"লুটপাট, অগ্নিসংযোগ",corpus_expansion_5000,0.17491898592996105,0,1
v18_4429,জয়ে প্রস্তুতি সারলেন টাইগাররা,corpus_expansion_5000,0.55615498640238,1,0
v18_2508,নিহত বাংলাদেশিদের সংখ্যা নিশ্চিত নয়,corpus_expansion_5000,0.12136645633281533,0,1
v18_3775,কেরানীগঞ্জে চালু হচ্ছে ই-ভ্রাম্যমাণ আদালত,corpus_expansion_5000,0.27552661350143764,0,0
v18_4136,আর্জেন্টিনা দলে নেই ডি মারিয়া-ইকার্দি,corpus_expansion_5000,0.4413369854724032,1,0
v18_2779,টেকনাফে ইয়াবা ব্যবসায়ীরা উধাও!,corpus_expansion_5000,0.8800017949055464,1,1
v18_0539,"বাস চলে অন্য সড়কে, ভোগান্তিতে জেলাবাসী",new_mid_w1_p0,0.25576858480503956,0,0
v18_2745,নৈশ প্রহরীকে হত্যা,corpus_expansion_5000,0.12900803052495238,0,1
v18_4498,লিন্ডসে লোহান মাদকাসক্তি পুনর্বাসনকেন্দ্র!,corpus_expansion_5000,0.9163283808621899,1,0
v18_4571,সাবেক ইসরায়েলি প্রধানমন্ত্রী ওলমার্টের কারাদণ্ড,corpus_expansion_5000,0.2860730847351194,0,0
v18_1145,ইয়েমেন যুদ্ধ: দুই বছরে ৫ হাজার শিশু হত্যা,corpus_expansion_5000,0.22311587068072297,0,1
v18_0667,‘শিক্ষিত শয়তান’ রুখতে ইনুর আহ্বান,v17_reused,0.17921858498670093,0,0
v18_3019,আমিষের চাহিদা পূরণে পোল্ট্রি শিল্পই অগ্রণী ভূমিকা রাখতে পারে: কৃষিমন্ত্রী,corpus_expansion_5000,0.38889057162970714,0,0
v18_0357,জ্বর সর্দি-কাশি প্রতিরোধে পাতে রাখুন কাঁচামরিচ,v17_reused,0.4413369854724032,1,0
v18_2831,১২ বছরের নিচের শিশু ধর্ষণের সাজা মৃত্যুদণ্ড,corpus_expansion_5000,0.3071463865325633,0,1
v18_2783,শ্রীনগরে আ’লীগ নেতা গ্রেপ্তার,corpus_expansion_5000,0.12939591517510746,0,1
v18_1353,সাতক্ষীরায় পুলিশের গুলিতে ‘গাড়ি ছিনতাইকারী’ নিহত,corpus_expansion_5000,0.09134964217764967,0,1
v18_0470,বায়ুদূষণের নগরী ঢাকা,v17_reused,0.2601425988962303,0,0
v18_2703,৩ জেলায় জামায়াত নেতাসহ আটক ৫৮,corpus_expansion_5000,0.11205579653673889,0,1
v18_3330,সব জেলায় চার লেনের সড়ক হবে : পরিকল্পনামন্ত্রী,corpus_expansion_5000,0.2505744452629085,0,0
v18_3637,নীতির প্রশ্নে কোনও আপোস নয়,corpus_expansion_5000,0.24768932312253283,0,0
v18_1396,র্যাবের সঙ্গে ‘বন্দুকযুদ্ধে’ নিহত ১,corpus_expansion_5000,0.15721661118347627,0,1
v18_3584,"পাইকারিতে পেঁয়াজের দাম কমেছে, প্রভাব নেই খুচরায়",corpus_expansion_5000,0.34765555835958495,0,0
v18_4486,বায়ার্নে যাচ্ছেন লেভানদোভস্কি,corpus_expansion_5000,0.5434738198858534,1,0
v18_3376,বাগমারায় আরও এক জেএমজেবি সদস্য আটক,corpus_expansion_5000,0.0945363922261271,0,0
v18_1256,সম্মিলিত হূৎস্পন্দন!,corpus_expansion_5000,0.7630809068880592,1,1
v18_3512,খুলনায় বিজিবি-বিএসএফ সীমান্ত সম্মেলন শুরু,corpus_expansion_5000,0.16079228470839807,0,0
v18_1250,‘৩০ লাখ জাল রুপিসহ’ গ্রেপ্তার ৪,corpus_expansion_5000,0.2060688837501653,0,1
v18_4807,শেষপর্যন্ত বিশেষ সাধারন সভায় সম্মত বাফুফে,corpus_expansion_5000,0.0945363922261271,0,0
v18_4298,সড়ক দুর্ঘটনায় আহত কটিয়াদী যুগান্তর স্বজন সমাবেশের প্রধান উপদেষ্টার মৃত্যু,corpus_expansion_5000,0.2552327763879003,0,0
v18_3284,বিশেষ বিসিএস’র নিয়োগ অক্টোবর-নভেম্বরে স্বাস্থ্যমন্ত্রী,corpus_expansion_5000,0.2411447352040636,0,0
v18_2933,"পর্যটন দরকার, কিন্তু ঐতিহ্য সুরক্ষাও চাই",corpus_expansion_5000,0.13073545520489466,0,0
v18_4175,১১০ বছরের রেকর্ড ছুঁল ভারত-দক্ষিণ আফ্রিকা,corpus_expansion_5000,0.444321931399171,1,0
v18_1852,কাশ্মিরে ৩ ‘বিচ্ছিন্নতাবাদী’ নিহত,corpus_expansion_5000,0.21119957109573523,0,1
v18_4869,অজুহাত নেই মরিনহো-পেলেগ্রিনির,corpus_expansion_5000,0.4389613065396602,1,0
v18_2105,রাজধানীতে তিন জঙ্গির ২০ বছর কারাদণ্ড,corpus_expansion_5000,0.128746507937541,0,1
v18_0133,আর্জেন্টিনা-ব্রাজিল পদ্মায় ভাসছে,new_low_w0_pany,0.5991271243847406,1,1
v18_0928,‘মিথ্যা’ মামলায় ফাঁসানোর অভিযোগ,corpus_expansion_5000,0.30093381222399707,0,1
v18_0823,নির্বাচনী সহিংসতায় নিহত ২১,corpus_expansion_5000,0.09475575801068012,0,1
v18_4543,তুরাগে স্বেচ্ছাসেবক দলের খাদ্য সামগ্রী বিতরণ,corpus_expansion_5000,0.608217388440863,1,0
v18_1531,রাজধানীতে ৫ কেজি বিস্ফোরকসহ গ্রেপ্তার ২,corpus_expansion_5000,0.3830085512200467,0,1
v18_1214,১৬ নভেম্বর: বাণী চিরন্তনী,corpus_expansion_5000,0.6664068135346157,1,1
v18_0504,কামারুজ্জামানের আপিলের রায় যেকোনো দিন,new_high_w1_pany,0.2754286428614041,0,1
v18_4285,হাঙ্গেরির সঙ্গে স্থবির সম্পর্কে নতুন গতি: প্রধানমন্ত্রী,corpus_expansion_5000,0.2860730847351194,0,0
v18_1996,"রাজশাহীতে শিবির-পুলিশ সংঘর্ষ, আহত ১০",corpus_expansion_5000,0.22827240588175038,0,1
v18_3072,কারখানা ও বাফার গুদামে ইউরিয়ার টন ১৪ হাজার টাকা,corpus_expansion_5000,0.09149014865324304,0,0
v18_1958,"স্বামীকে আটকে ধর্ষণ, গ্রেপ্তার ১",corpus_expansion_5000,0.10713455490503111,0,1
v18_1384,২১ অগাস্ট মামলা: অধিকতর তদন্তে ‘মূল রহস্য বেরিয়েছে’,corpus_expansion_5000,0.845852892374661,1,1
v18_0894,"খুলনায় পুলিশের সঙ্গে ‘বন্দুকযুদ্ধ’, নিহত ১",corpus_expansion_5000,0.11083383598549508,0,1
v18_0455,কৃষকের পণ্য পরিবহনে চালু হচ্ছে বিশেষ ট্রেন,v17_reused,0.19000580961738978,0,0
v18_4879,কুষ্টিয়ায় অস্ত্রসহ যুবলীগ নেতা সম্রাট আটক,corpus_expansion_5000,0.22311587068072297,0,0
v18_3709,প্রিন্টার কেনায় বিশেষ সুবিধা,corpus_expansion_5000,0.6008119471731185,1,0
v18_4618,রিয়ালে রাজনীতি দেখেছেন মরিনহো,corpus_expansion_5000,0.4312347039942427,1,0
v18_4268,"নারী আসন: আ. লীগের সালেহা, জাপা'র মেরিনার মনোনয়ন বাতিল",corpus_expansion_5000,0.08901016107032557,0,0
v18_3522,স্বাস্থ্যকর্মীদের দক্ষতা বাড়াতে লভ্যাংশ ব্যয় করবে জিএসকে,corpus_expansion_5000,0.1115922214734926,0,0
v18_4134,স্বাধীন তদন্ত চান ব্রিটিশ প্রধানমন্ত্রী,corpus_expansion_5000,0.24559238244758658,0,0
v18_3602,অনলাইন টিভি রেডিও নিয়ন্ত্রণে এবার আসছে সম্প্রচার আইন,corpus_expansion_5000,0.0945363922261271,0,0
v18_0713,লিভারপুলের শেয়ার বেচে দেওয়ার কথা ভাবছে জিলেট,new_mid_w1_p1,0.2860730847351194,0,1
v18_4186,মিগ দুর্নীতি মামলায় জেনারেল মুস্তাফিজ স্থায়ী জামিন পেয়েছেন,corpus_expansion_5000,0.0945363922261271,0,0
v18_2214,‘জাতিগত নিধন’ চলছে,corpus_expansion_5000,0.11140438878128325,0,1
v18_2923,পটকা মাছ না খেতে জাপানে সতর্কতা জারি,corpus_expansion_5000,0.45611883597230013,1,0
v18_1810,ফেব্রুয়ারিতে ধর্ষণ ১১৪ শিশু রয়েছে ৭৪ জন,corpus_expansion_5000,0.5894903337992514,1,1
v18_3486,'এর চেয়ে ভালো প্রস্তুতি হতে পারে না',corpus_expansion_5000,0.5062327306789735,1,0
v18_3141,"রেস্তোরাঁ উচ্ছেদ শিগগির, স্কুল-কলেজ ও হাসপাতালকে ৩ মাস",corpus_expansion_5000,0.12065693418358323,0,0
v18_1827,সোনাক্ষীর ‘ধন্যবাদ’!,corpus_expansion_5000,0.9662288392003014,1,1
v18_1155,সুবর্ণচরে ধর্ষণ: চার আসামির রিমান্ড মঞ্জুর,corpus_expansion_5000,0.08995398434580544,0,1
v18_1324,‘শক্তির অপপ্রয়োগের প্রমাণ সুবর্ণচরের গণধর্ষণ’,corpus_expansion_5000,0.1704028366233394,0,1
v18_4312,মুক্তিযুদ্ধে ভারতীয় শহীদদের স্মৃতিস্তম্ভের জন্য ১৬ কোটি টাকা,corpus_expansion_5000,0.4075862913502344,0,0
v18_0510,বাসসের চেয়ারম্যান হলেন অধ্যাপক গোলাম রহমান,v17_reused,0.10031143516700697,0,0
v18_1680,চট্টগ্রামে করোনা আতঙ্কে আত্মহত্যা!,corpus_expansion_5000,0.8091334950326275,1,1
v18_0499,মাটিরাঙায় পাঁচ নিহতের ঘটনায় তদন্ত প্রতিবেদন জমা,new_high_w1_pany,0.22311587068072297,0,1
v18_4536,ঘরের গাছের যত্ন চাই–ই চাই,corpus_expansion_5000,0.16079228470839807,0,0
v18_1856,বড়হাটে ৩ জঙ্গির মৃত্যু বিস্ফোরণে,corpus_expansion_5000,0.1492290818803405,0,1
v18_1388,রাজধানীতে কথিত বন্দুকযুদ্ধে নিহত ২,corpus_expansion_5000,0.1353199798207458,0,1
v18_3719,নুভিস্তা ফার্মা এখন বেক্সিমকোর,corpus_expansion_5000,0.30093381222399707,0,0
v18_2386,হাতির চাঁদাবাজি!,corpus_expansion_5000,0.5802334211578978,1,1
v18_3236,দেশে মোটরসাইকেল কারখানা করছে জাপানের হোন্ডা,corpus_expansion_5000,0.20746248670048897,0,0
v18_1540,অটোচালককে পুড়িয়ে হত্যা: আটক ২,corpus_expansion_5000,0.2860730847351194,0,1
v18_1217,সিডনিতে গুলি: একজনের মৃত্যু,corpus_expansion_5000,0.29581315181432916,0,1
v18_2681,বিএসএফের গুলিতে দুই বাংলাদেশি নিহত,corpus_expansion_5000,0.34948662534562974,0,1
v18_2993,'শ্রমিক রপ্তানিতে লিবিয়া প্রত্যাগতরা প্রাধান্য পাবে',corpus_expansion_5000,0.13594465100785882,0,0
v18_1191,কিরকুকে আইএসের হামলা,corpus_expansion_5000,0.25651534708501167,0,1
v18_1542,গাজীপুরে অস্ত্র-বোমাসহ ৫ ‘জঙ্গি’ গ্রেপ্তার,corpus_expansion_5000,0.3476068552539881,0,1
v18_3301,পেঁয়াজের দাম কমছে টিসিবি বিক্রি করছে ৪৭ টাকায়,corpus_expansion_5000,0.33910866358101294,0,0
v18_3324,কর্মসংস্থান তৈরি ও অবকাঠামো উন্নয়ন পরিকল্পনা ওবামার,corpus_expansion_5000,0.23313588276201727,0,0
v18_2539,চুয়াডাঙ্গায় ট্রাকের ধাক্কায় স্কুলছাত্রসহ নিহত ২,corpus_expansion_5000,0.24252861507568735,0,1
v18_0953,"চীনে ছুরি হামলা, নিহত ৮",corpus_expansion_5000,0.189730853119935,0,1
v18_4330,বার্ধক্য পেনশন ফান্ড গঠনের প্রস্তাব,corpus_expansion_5000,0.23466613258758542,0,0
v18_0732,গাজীপুরে টেলিফোন এক্সচেঞ্জে ডাকাতি,new_mid_w1_p1,0.1353199798207458,0,1
v18_1156,২৫ মার্চ ‘গণহত্যা দিবস’: ইতিহাসের দায়মুক্তি,corpus_expansion_5000,0.29547051374197786,0,1
v18_3294,ক্লাসে বীজগণিত শেখাবে ড্রোন আর রোবট,corpus_expansion_5000,0.2411447352040636,0,0
v18_2982,শিক্ষানীতি বাস্তবায়নে সহযোগিতা চাইলেন মন্ত্রী,corpus_expansion_5000,0.1285247359409221,0,0
v18_2156,রোনালদোর এ কেমন অভিব্যক্তি!,corpus_expansion_5000,0.9872806860202884,1,1
v18_1062,হত্যার পর সড়ক দুর্ঘটনা বলে প্রচার!,corpus_expansion_5000,0.7932965163462846,1,1
v18_2616,আসামে ফেরি ডুবে নিহত ১০৩,corpus_expansion_5000,0.11227089204087393,0,1
v18_1167,ইরাকে ৩০০ ইয়াজিদিকে হত্যার অভিযোগ,corpus_expansion_5000,0.1561847617986113,0,1
v18_3222,পিপিপি প্রকল্পে অর্থায়নে চুক্তিবদ্ধ ১৪ ব্যাংক-আর্থিক প্রতিষ্ঠান,corpus_expansion_5000,0.32416639568987365,0,0
v18_3636,পুঁজিবাজারে বিনিয়োগ বাড়ানোর দাবি,corpus_expansion_5000,0.10925617299352326,0,0
v18_2938,বাংলাদেশে নতুন সবজি ব্রাসেলস স্প্রাউট,corpus_expansion_5000,0.1353199798207458,0,0
v18_4491,ভালো থাকার পূর্বশর্ত,corpus_expansion_5000,0.5434738198858534,1,0
v18_3140,রাজশাহী বিভাগের চার জেলায় এক হচ্ছে রবি-এয়ারটেল নেটওয়ার্ক,corpus_expansion_5000,0.19000580961738978,0,0
v18_0143,আগাম মৌসুমী ফলে রমরমা বাণিজ্য,v17_reused,0.3451374483123983,0,0
v18_3577,"চাঁদার টাকা কম, তাই পা ভেঙেছে ব্যবসায়ীর",corpus_expansion_5000,0.16079228470839807,0,0
v18_2782,৩১ মার্চ: আজকের ধাঁধা,corpus_expansion_5000,0.4413369854724032,1,1
v18_0717,নৌকার টিকিট চান ২০ জন মেয়র পদ,v17_reused,0.4060806818779597,0,0
v18_1819,একজনের ফাঁসি যাবজ্জীবন ৬,corpus_expansion_5000,0.2060688837501653,0,1
v18_2502,"রাঙ্গুনিয়ায় শিশুকে ধর্ষণ, গ্রেপ্তার ১",corpus_expansion_5000,0.15108391399212562,0,1
v18_4360,ঢাবি সিনেট নির্বাচনের শেষ দফা ভোটগ্রহণ সম্পন্ন,corpus_expansion_5000,0.08893609490662632,0,0
v18_4171,হেফাজত আমিরের সঙ্গে স্বরাষ্ট্রমন্ত্রীর সাক্ষাৎ,corpus_expansion_5000,0.1509512688861295,0,0
v18_0395,সেনানিবাসে নির্মাণাধীন ভবনে দুর্ঘটনায় নিহত ২,new_high_w1_pany,0.13280312693188168,0,0
v18_4836,আইনি সহায়তা পাচ্ছেন না দুস্থরা,corpus_expansion_5000,0.09353022216765373,0,0
v18_4492,হরতালের সমর্থনে নিউ ইয়র্কে কর্মসূচি,corpus_expansion_5000,0.16447610531611398,0,0
v18_1365,"সাংবাদিক ফনিন্দ্রকে হত্যার ‘হুমকি’, থানায় জিডি",corpus_expansion_5000,0.35183690948447854,0,1
v18_4558,এক্সিওমই পাচ্ছে দক্ষিণ আফ্রিকা সিরিজের স্পনসরশিপ স্বত্ত্ব,corpus_expansion_5000,0.14003297042559598,0,0
v18_0595,সিউলে গোপালগঞ্জবাসীর মতবিনিময়,new_mid_w1_p1,0.5683699611073878,1,1
v18_3952,রাঙামাটিতে মিয়ানমারের ভিক্ষু আটক,corpus_expansion_5000,0.2060688837501653,0,0
v18_2914,বিএসএমএমইউতে হাজার শয্যাবিশিষ্ট বিশেষায়িত হাসপাতাল,corpus_expansion_5000,0.18728152985971636,0,0
v18_2326,এক সপ্তাহে স্টেইনের বাড়িতে ৩ বার হামলা,corpus_expansion_5000,0.5818000204066716,1,1
v18_3766,জল মেখে জীর্ণতা দূর,corpus_expansion_5000,0.35803151016775364,0,0
v18_3440,রামপালে বিদ্যুৎ কেন্দ্র বন্ধ ও সুন্দরবন রক্ষার দাবিতে যশোরে মানববন্ধন,corpus_expansion_5000,0.3451374483123983,0,0
v18_3851,খাশোগির ঘটনায় সন্দেহভাজন ১৫ সউদী নাগরিকের পরিচয় প্রকাশ,corpus_expansion_5000,0.12065693418358323,0,0
v18_4132,নবধারার নাগরিক আন্দোলন: প্রসঙ্গ বাংলাদেশ,corpus_expansion_5000,0.2682901421737026,0,0
v18_4591,মেয়র রুকুনুজ্জামান ঢামেকে ভর্তি,corpus_expansion_5000,0.15205697758076775,0,0
v18_2143,সিলেটে এক সড়ক ঘিরে কৌতূহল!,corpus_expansion_5000,0.8383589829490602,1,1
v18_1571,নাইজারে ‘বোকো হারাম’ জঙ্গিদের হামলায় নিহত ৬,corpus_expansion_5000,0.1353199798207458,0,1
v18_4079,আমিরাতের যুবরাজও কম খেল দেখাচ্ছেন না,corpus_expansion_5000,0.37108835457881384,0,0
v18_1122,গুগল ম্যাপে ভূত!,corpus_expansion_5000,0.8135438949441869,1,1
v18_2786,বিশ্রামের অজুহাতে বাদ মাহমুদউল্লাহ!,corpus_expansion_5000,0.9805317027452001,1,1
v18_2967,মিত্র দেশগুলোর ইস্পাত-অ্যালুমিনিয়ামে শুল্কারোপ করছেন ট্রাম্প,corpus_expansion_5000,0.27588771345843893,0,0
v18_2504,"হজরত শাহজালাল বিমানবন্দর থেকে ৫৭টি সোনার বার জব্দ, গ্রেপ্তার ৩",corpus_expansion_5000,0.3342869128615904,0,1
v18_3465,নবায়নযোগ্য জ্বালানি নিয়ে গবেষণা প্রয়োজন,corpus_expansion_5000,0.2763833900081626,0,0
v18_0675,দুই পুলিশ কর্মকর্তা থাকতেন লিয়াকতকে জিজ্ঞাসাবাদের সময়!,new_mid_w1_p1,0.5571149443071343,1,1
v18_2808,‘ঢালাও’ অভিযোগে ‘কষ্ট’ ব্যাংককর্তাদের,corpus_expansion_5000,0.2333081779218416,0,1
v18_3348,লজিটেকের পরিবেশক হলো স্মার্ট টেকনোলজিস,corpus_expansion_5000,0.2344844413536289,0,0
v18_0728,কোটা নিয়ে সিদ্ধান্ত শিগগিরই -মন্ত্রিপরিষদ সচিব,v17_reused,0.13307678007713047,0,0
v18_0412,ক্রাইস্টচার্চ টেস্টের ১ম দিন,new_mid_w1_p0,0.6815731325085116,1,0
v18_3146,পথচারীবান্ধব পরিবেশের জন্য বিভিন্ন বিভাগের সমন্বয় চাই,corpus_expansion_5000,0.20420293564760542,0,0
v18_1516,বাগদাদে গাড়িবোমা বিস্ফোরণে অন্তত ৬৪ জন নিহত : আহত ৮৭,corpus_expansion_5000,0.0925222529762947,0,1
v18_0825,৭ নভেম্বরের ‘ইতিহাস বিকৃত’ করছে সরকার: ফখরুল,corpus_expansion_5000,0.20137530736707207,0,1
v18_3267,নাগরিকদের সতর্ক এবং নিরাপদ স্থানে থাকার পরামর্শ যুক্তরাষ্ট্র-যুক্তরাজ্যের,corpus_expansion_5000,0.0945363922261271,0,0
v18_3974,জাপানে ১০ মিটার এয়ার রাইফেলে অর্নবের রুপা,corpus_expansion_5000,0.4322973095567889,1,0
v18_0616,দ্বিতীয় ইনিংসে হয়টা কী বাংলাদেশের!,v17_reused,0.9836369870870438,1,0
v18_0114,প্রত্নতত্ত্ববিদ মুহাম্মদ যাকারিয়া গুরুতর অসুস্থ,new_high_w1_pany,0.19000580961738978,0,1
v18_0417,সাংবাদিকরা অতন্দ্রপ্রহরী,new_mid_w0_p0,0.0945363922261271,0,0
v18_3069,"বাসস্থান, কর্মস্থান বা স্থায়ী ঠিকানা যে কোন একটিতে ভোটার হওয়া যাবে",corpus_expansion_5000,0.1133379569328199,0,0
v18_1625,শ্রীলঙ্কায় সিরিজ হামলা: গ্রেফতার ২৪,corpus_expansion_5000,0.0945363922261271,0,1
v18_4950,এসএসসির ফল বৃহস্পতিবারই,corpus_expansion_5000,0.12911968315232844,0,0
v18_4185,যুক্তফ্রন্টের অনেক দাবির সঙ্গেই সরকার একমত: ওবায়দুল কাদের,corpus_expansion_5000,0.1417013939759747,0,0
v18_2896,"রূপগঞ্জে বাস-ট্রাক সংঘর্ষ, নিহত ১",corpus_expansion_5000,0.0945363922261271,0,1
v18_4671,পন্টিংয়ের পর অস্ট্রেলিয়ার নায়ক হাসি,corpus_expansion_5000,0.6860374748954428,1,0
v18_2082,গাজীপুরে পিটুনিতে মহিলা নিহত,corpus_expansion_5000,0.13150399152045075,0,1
v18_0753,জেলা আইনশৃঙ্খলা সভায় হট্টগোল,new_mid_w1_p0,0.23456604673792666,0,0
v18_2546,টাঙ্গাইলে র্যাবের সঙ্গে ‘বন্দুকযুদ্ধে’ যুবক নিহত,corpus_expansion_5000,0.19000580961738978,0,1
v18_3969,সংকট মোকাবিলায় সরকারের কার্যক্রম চলবে,corpus_expansion_5000,0.21176372180922537,0,0
v18_3373,আর্ন্তজাতিক অপরাধ ট্রাইব্যুনালের রেজিস্ট্রার নিয়োগ,corpus_expansion_5000,0.1861799794312113,0,0
v18_4107,সাগরে নৌকা থেকে ৩০ হাজার ইয়াবা উদ্ধার,corpus_expansion_5000,0.4165568777450921,0,0
v18_2444,পাংশায় দুই পক্ষের সংঘর্ষে আহত ২০,corpus_expansion_5000,0.10989663390804083,0,1
v18_4380,শেষ মুহূর্তের গোলে লিভারপুলের হার,corpus_expansion_5000,0.6957862043094999,1,0
v18_1066,ছবিতে লন্ডন হামলা,corpus_expansion_5000,0.36959187193586107,0,1
v18_3913,দুই ঘণ্টায় ৩০৩ কোটি টাকার লেনদেন,corpus_expansion_5000,0.3921913672632442,0,0
v18_3498,ফিলিস্তিনে ইহুদি বসতি স্থাপনে ১০ কোটি ডলার দিয়েছেন চেলসি মালিক,corpus_expansion_5000,0.19000580961738978,0,0
v18_2738,রংপুরে পুলিশের সঙ্গে ‘গোলাগুলিতে ডাকাত’ নিহত,corpus_expansion_5000,0.2574823647141369,0,1
v18_4000,৭০ বছর ধরে ধোঁকা দিচ্ছে যুক্তরাষ্ট্র,corpus_expansion_5000,0.4369446099284688,1,0
v18_1568,মিশেল ওবামার ‘বলিউড’ নাচ!,corpus_expansion_5000,0.9506676975060018,1,1
v18_2427,স্টেডিয়ামের গেটে ‘বিব্রত’ গাভাস্কার,corpus_expansion_5000,0.5743695239102369,1,1
v18_3746,নিত্যপণ্যের বাজার নিয়ন্ত্রণ সরকারের হাতে নেই,corpus_expansion_5000,0.2688887782069799,0,0
v18_4639,মহানগর ল’ কলেজে ‘আওয়ামী আইন ছাত্র পরিষদ’র কার্যনির্বাহী কমিটি ঘোষণা,corpus_expansion_5000,0.8052192628505305,1,0
v18_1687,‘বন্দুকযুদ্ধে’ নিহত ৪,corpus_expansion_5000,0.3545618217258172,0,1
v18_0851,‘নিহত পুলিশের পরিবারকে ১ কোটি রূপি’,corpus_expansion_5000,0.2438842244547503,0,1
v18_3546,"বাড়ল করমুক্ত আয়ের সীমা, বাড়ল মুক্তিযোদ্ধাদের ভাতা",corpus_expansion_5000,0.3186047696983521,0,0
v18_0895,কসবায় ‘বন্দুকযুদ্ধে’ নিহত ১,corpus_expansion_5000,0.2704369957010931,0,1
v18_4592,ট্রাইব্যুনালে ওদের লোক আছে,corpus_expansion_5000,0.4484096434508935,1,0
v18_0335,চট্টগ্রামে ৩ উত্ত্যক্তকারী গ্রেপ্তার,new_mid_w1_p1,0.1908272123370029,0,1
v18_2839,১১ তরুণ নিখোঁজ সাড়ে তিন মাস ধরে,corpus_expansion_5000,0.23601445434830542,0,1
v18_3087,পহেলা বৈশাখে কী ধরনের পোশাক পরবেন,corpus_expansion_5000,0.3921913672632442,0,0
v18_1348,মিতু হত্যার ২ সন্দেহভাজন ‘বন্দুকযুদ্ধে’ নিহত,corpus_expansion_5000,0.22630335346977035,0,1
v18_1015,সেই রিভিউ ‘জটিলতা’,corpus_expansion_5000,0.21026997772735753,0,1
v18_2816,২১ আগস্টে নিহতদের শ্রদ্ধাভরে স্মরণ নেটিজেনদের,corpus_expansion_5000,0.33154838843874873,0,1
v18_1631,সাভারে বাস থেকে অস্ত্রসহ ৩ ‘জঙ্গি’ গ্রেপ্তার,corpus_expansion_5000,0.4076543965940803,0,1
v18_2489,সদরঘাটে লঞ্চের কেবিনে তরুণীর লাশ,corpus_expansion_5000,0.1239110617250224,0,1
v18_3730,সাত বছর পর লভ্যাংশ দিচ্ছে ডেল্টা লাইফ,corpus_expansion_5000,0.4165568777450921,0,0
v18_3251,হকিতে এবার মোহামেডান সবচেয়ে শক্তিশালী,corpus_expansion_5000,0.44862453062568336,1,0
v18_4634,৪৪ জনের বিরুদ্ধে আবারও গ্রেপ্তারি পরোয়ানা জারি,corpus_expansion_5000,0.0917125953561098,0,0
v18_2070,চন্দ্রিমা উদ্যানে শিশুর লাশ,corpus_expansion_5000,0.5824142246867856,1,1
v18_4452,ব্যাটসম্যানদের রেকর্ডে পাকিস্তানের রানের পাহাড়,corpus_expansion_5000,0.4413369854724032,1,0
v18_4882,১০ জেলার যে ২৭ রেডজোনে সাধারণ ছুটি,corpus_expansion_5000,0.0945363922261271,0,0
v18_1635,দুই ‘বন্দুকযুদ্ধে’ নিহত দুই,corpus_expansion_5000,0.12101401554032351,0,1
v18_2479,এই সরকার ‘নাই নাই’ সরকার: এরশাদ,corpus_expansion_5000,0.15221770489863334,0,1
v18_2265,"ফরিদপুরে স্কুলছাত্রী ‘ধর্ষণ’, প্রতিবাদে মানববন্ধন",corpus_expansion_5000,0.32960741888918876,0,1
v18_2959,পদ্মা সেতুর আরও দুটি স্প্যান বসবে ফেব্রুয়ারিতে,corpus_expansion_5000,0.3451374483123983,0,0
v18_4731,আবার ক্ষমতায় এলে সব বিভাগে মেডিকেল বিশ্ববিদ্যালয়,corpus_expansion_5000,0.09269422511489046,0,0
v18_3059,কোটা ও শুল্কমুক্ত সুবিধা বাড়াবে উন্নত দেশ,corpus_expansion_5000,0.0945363922261271,0,0
v18_2141,ভারতে বাস দুর্ঘটনায় নিহত ৯,corpus_expansion_5000,0.0945363922261271,0,1
v18_3118,বিমান অফিসার্স অ্যাসোসিয়েশনে নতুন নেতৃত্ব,corpus_expansion_5000,0.18049031711680785,0,0
v18_4725,উপসাগরীয় যুদ্ধের সেনাদের অসুস্থতার প্রমাণ মিলেছে,corpus_expansion_5000,0.0945363922261271,0,0
v18_4045,ইথিওপিয়ায় পরীক্ষার সময় সামাজিক যোগাযোগ মাধ্যম বন্ধ,corpus_expansion_5000,0.1353199798207458,0,0
v18_3356,ঢাবির 'ক' ইউনিটে ভর্তি পরীক্ষার আসন বিন্যাস,corpus_expansion_5000,0.17491898592996105,0,0
v18_2744,‘গানবাজ’–এ কৃষ্ণকলি,corpus_expansion_5000,0.8245061486989508,1,1
v18_3506,"ডেঙ্গুতে আক্রান্ত সৌম্যর বাবা, বিমানযোগে ঢাকায় আনা হচ্ছে",corpus_expansion_5000,0.16079228470839807,0,0
v18_1679,"‘বন্দুকযুদ্ধে’ নিহত ২, পুলিশের দাবি ডাকাত",corpus_expansion_5000,0.09357504931550527,0,1
v18_4249,২৭ তম বিসিএস এর মৌখিক পরীক্ষা ২৩ সেপ্টেম্বর থেকে শুরু,corpus_expansion_5000,0.17491898592996105,0,0
v18_3147,হাওর পরিস্থিতি দেখতে রোববার সুনামগঞ্জ যাচ্ছেন প্রধানমন্ত্রী,corpus_expansion_5000,0.21958995395437764,0,0
v18_2294,তারাব পৌরসভায় ১৬টি মনোনয়নপত্র বাতিল,corpus_expansion_5000,0.20172103187369864,0,1
v18_0580,চিনিকলের জমি দখলমুক্ত করার দাবি শ্রমিকদের,new_mid_w0_p0,0.28313612089098866,0,0
v18_1470,ধর্মঘটে গ্রেপ্তার ১৬২,corpus_expansion_5000,0.33482577085471904,0,1
v18_4070,ঢাকা বিশ্ববিদ্যালয়ে ভর্তির জন্য প্রতি আসনে প্রার্থী ৩৯,corpus_expansion_5000,0.16079228470839807,0,0
v18_3343,ফসলি জমির মাটি কেটে ইটভাটায় বিক্রি,corpus_expansion_5000,0.11160282646950666,0,0
v18_4583,রোহিঙ্গা প্রত্যাবাসনে চাপ অব্যাহত রাখুন,corpus_expansion_5000,0.2411447352040636,0,0
v18_3672,স্বাস্থ্য অধিদফতরের মহাপরিচালককে ডা. জাফরুল্লাহর চিঠি,corpus_expansion_5000,0.9256264024974182,1,0
v18_0559,মিন্নির আদালত বদলের আবেদন শুনানি ২৪ ফেব্রুয়ারি,new_low_w0_pany,0.13273791284750366,0,0
v18_2849,বনশ্রী থেকে অস্ত্রসহ ‘সন্ত্রাসী’ গ্রেপ্তার,corpus_expansion_5000,0.14303868621675692,0,1
v18_0512,"এনার্জি ড্রিঙ্ক কারখানা বন্ধ, মালিকের কারাদণ্ড",v17_reused,0.1476023763660605,0,0
v18_1081,জঙ্গিবিরোধী অভিযানে,corpus_expansion_5000,0.4110141230542197,0,1
v18_1664,প্যারিসে গণহত্যা দিবসে ‘আলোর মিছিল’,corpus_expansion_5000,0.2601425988962303,0,1
v18_1012,পাকিস্তানে বোমা হামলায় নিহত ১৭,corpus_expansion_5000,0.16045655235703704,0,1
v18_1931,গাজীপুরে পাওয়া ‘টাইম বোমায়’ বিস্ফোরকই ছিল না,corpus_expansion_5000,0.20450466894734504,0,1
v18_1150,পাকিস্তানে কিশোরী ‘অনার কিলিং’–এর শিকার!,corpus_expansion_5000,0.5118268677511927,1,1
v18_2838,আমি ষড়যন্ত্রের শিকার: ন্যান্সি,corpus_expansion_5000,0.43033949792498144,1,1
v18_0116,ছুটির দিনে শিল্পের খোঁজে,v17_reused,0.55615498640238,1,0
v18_0740,‘গাঙচিল’ চলচ্চিত্রের মহরত,v17_reused,0.8282355492157261,1,0
v18_4806,ফরিদপুর ও যশোরে দুজনের লাশ উদ্ধার,corpus_expansion_5000,0.30105135850424763,0,0
v18_3675,ছাত্রীদের নিরাপত্তা নিশ্চিতে সামাজিক আন্দোলন ও সচেতনতা সৃষ্টির উদ্যোগ,corpus_expansion_5000,0.11580863231996873,0,0
v18_0830,চাটমোহরে শিশু ধর্ষণের শিকার,corpus_expansion_5000,0.2544177915941402,0,1
v18_0119,স্থায়ী ঠিকানা পেল রশিদের পাঠশালা,v17_reused,0.2601425988962303,0,0
v18_4853,শিল্পীর হাতে জুতার নকশা,corpus_expansion_5000,0.7755826087477349,1,0
v18_4738,রোহিঙ্গা ক্যাম্পে চাই এতিমখানা,corpus_expansion_5000,0.17708493175430245,0,0
v18_0635,সবিশেষদুর্গম পাহাড়ে চরম খাদ্যাভাব,new_mid_w1_p1,0.7354328384526825,1,1
v18_4465,৭ তলা ভবনটি ভাঙছে রাজউক,corpus_expansion_5000,0.11121320961165226,0,0
v18_4364,আশা বাঁচিয়ে রাখল চট্টগ্রাম,corpus_expansion_5000,0.5743695239102369,1,0
v18_4142,চিরচেনা বাড়ি থেকে চিরবিদায় অবিন্তার,corpus_expansion_5000,0.26446827705983667,0,0
v18_0991,জাকার্তা হামলায়ও ‘আইএস’,corpus_expansion_5000,0.281447636756108,0,1
v18_0876,ট্রাকে তুলে কিশোরীকে ধর্ষণ: সহকারী গ্রেপ্তার,corpus_expansion_5000,0.1530852032555799,0,1
v18_0004,দর্শকদের আগ্রহ জাগিয়েছে খবরখাদ্য,v17_reused,0.2601425988962303,0,0
v18_3051,শাহজাহানপুরে রেলওয়ে কলোনিতে উচ্ছেদ অভিযান,corpus_expansion_5000,0.3555097338549064,0,0
v18_3124,বাঁশবাগানের চাঁদ ঘরে ফিরতে ইচ্ছে হয়,corpus_expansion_5000,0.8756416440583032,1,0
v18_2660,মিসাইল হামলা ছিলো ‘মার্কিনিদের গালে চড়’: খোমেনি,corpus_expansion_5000,0.4266397935095452,1,1
v18_2491,১৫০০ রিয়ালে অবৈধ পথে হজ,corpus_expansion_5000,0.11016284880500042,0,1
v18_3854,হাসপাতালেই আছেন মুস্তাফিজ,corpus_expansion_5000,0.3921913672632442,0,0
v18_1715,অপহরণের অভিযোগে সেনাসদস্যসহ আটক ৫,corpus_expansion_5000,0.29084610352412943,0,1
v18_1148,আনজিলা হত্যা: রংপুরে ভাইসহ ৫ জনের মৃত্যুদণ্ড,corpus_expansion_5000,0.17066723794532535,0,1
v18_3261,"রোহিঙ্গাদের জন্য নাগরিকত্ব, নয় আলাদা রাষ্ট্র চান মাহাথির",corpus_expansion_5000,0.0911392463764028,0,0
v18_0574,কারখানায় ডাকাতি করতে এসে আটক ৫,new_mid_w1_p1,0.2574823647141369,0,1
v18_3769,বলিভিয়ায় বৃষ্টি ও বন্যায় ৩৮ জনের মৃত্যু,corpus_expansion_5000,0.13594465100785882,0,0
v18_3736,"নির্বাচনী নয়, বাজেট হবে জনকল্যাণমূলক",corpus_expansion_5000,0.32263931900913917,0,0
v18_4146,নারায়ণগঞ্জে গ্যাসবোমার ওপর বসবাস তাঁদের,corpus_expansion_5000,0.12912363317596096,0,0
v18_0853,ঢাকায় ৯ ‘ভূমি প্রতারক’ গ্রেপ্তার,corpus_expansion_5000,0.4805131009053714,1,1
v18_1982,সালমানের সেরা ১৫ সংলাপ,corpus_expansion_5000,0.6779070794749642,1,1
v18_2774,দায়ী ‘অনির্বাচিত’ এই সরকার: বি চৌধুরী,corpus_expansion_5000,0.10677704887529492,0,1
v18_1166,‘ফিক্সিংয়ের ভূত’ কাঁধে নিয়েই ভারতীয় ক্রিকেট!,corpus_expansion_5000,0.9377006833535794,1,1
v18_0971,চট্টগ্রামে ধর্ষণ মামলার আসামি ‘বন্দুকযুদ্ধে’ নিহত,corpus_expansion_5000,0.18010638863596204,0,1
v18_2701,সাকা–মুজাহিদের ফাঁসি সমর্থন করছে ভারত,corpus_expansion_5000,0.3603490002446989,0,1
v18_4495,ভূমি আইন সংস্কারে প্রান্তিক জনগোষ্ঠীর অধিকার প্রতিষ্ঠার দাবি,corpus_expansion_5000,0.10892338354014436,0,0
v18_3847,ব্যাংকঋণের সুদ ও সঞ্চয়পত্রের মুনাফা,corpus_expansion_5000,0.6048257886140442,1,0
v18_2368,১৫ জানুয়ারি: হাসতে নেই মানা,corpus_expansion_5000,0.657285342421705,1,1
v18_4115,কলমাকান্দায় বিয়েতে রাজি না হওয়ায় তরুণীকে ছুরিকাঘাত,corpus_expansion_5000,0.4930426555748434,1,0
v18_4131,করোনাভাইরাস কোথায় কতক্ষণ বেঁচে থাকে? জেনে নিন নির্মূলের উপায়,corpus_expansion_5000,0.867871847910128,1,0
v18_2950,বিদ্যুৎকেন্দ্র নির্মাণে বাড়তি ১৮ কোটি ডলার দেবে বিশ্বব্যাংক,corpus_expansion_5000,0.19000580961738978,0,0
v18_0524,বুরুন্ডিতে গুলিতে জেনারেল ও তার স্ত্রী নিহত,v17_reused,0.1353199798207458,0,0
v18_2455,বাঘায় দুই দল মাদক ব্যবসায়ীর ‘বন্দুকযুদ্ধে’ নিহত ১,corpus_expansion_5000,0.09299698171036831,0,1
v18_1841,‘শত্রু’র মুখোমুখি সুয়ারেজ!,corpus_expansion_5000,0.8135438949441869,1,1
v18_0537,বৃহত্তর চট্টগ্রাম জমিয়াতুল মোদার্রেছীনের প্রতিনিধি সম্মেলন আজ,new_high_w1_pany,0.22311587068072297,0,1
v18_2806,‘এমন নির্যাতনের মধ্যে বাঁচার চেয়ে গুলি খেয়ে মরা ভালো’,corpus_expansion_5000,0.0933242652568146,0,1
v18_4341,শুক্রবার শুরু হচ্ছে ব্যাংকার্স ক্রিকেট,corpus_expansion_5000,0.16079228470839807,0,0
v18_3175,এই কোটা মেধাবীদের জন্য প্রতিবন্ধক নয় -সচিব,corpus_expansion_5000,0.24658569031706137,0,0
v18_0784,‘ভারতের জন্য আইসিসির নিয়ম আলাদা’,new_mid_w0_p0,0.15657167717786205,0,0
v18_4057,"সভাপতি নূর-ই আলম চৌধুরী, সাধারণ সম্পাদক এ বি তাজুল ইসলাম",corpus_expansion_5000,0.24730002986390462,0,0
v18_1409,বিজিএমইএ’র সামনে বিক্ষোভ,corpus_expansion_5000,0.2642839090537415,0,1
v18_2537,নিখোঁজের ৪ দিন পর মিলল যুবকের লাশ,corpus_expansion_5000,0.21093841116397974,0,1
v18_0154,সাউদাম্পটনে ‘ব’-এর দাপট,new_mid_w1_p0,0.8724786013786276,1,1
v18_3009,চীনে বিটকয়েনের ব্যাংক লেনদেন নিষিদ্ধ,corpus_expansion_5000,0.0945363922261271,0,0
v18_1686,"ধলেশ্বরীতে ট্রলারডুবি, নিখোঁজ ৫",corpus_expansion_5000,0.2811603874862428,0,1
v18_2901,জানুয়ারিতে জ্বালানি তেলের দাম কমানো হবে,corpus_expansion_5000,0.1433292565333175,0,0
v18_4949,সাফল্যের এক বিজয়কেতন,corpus_expansion_5000,0.3690003795218176,0,0
v18_3863,"পুরস্কার পেয়েছে, এবার ছাড়পত্র",corpus_expansion_5000,0.8751003659316764,1,0
v18_2733,ইসরায়েলি হামলায় ২২ ফিলিস্তিনি নিহত,corpus_expansion_5000,0.10648399965522018,0,1
v18_1895,জয় হোক দুর্নীতির!,corpus_expansion_5000,0.5332481906474492,1,1
v18_0569,রুশ সমীক্ষা দলের গাড়িতে হামলা অবরোধকারীদের,new_mid_w1_p1,0.21338296027826292,0,1
v18_1816,‘লজ্জা’ ফিরিয়েই নিচ্ছিল সিলেট!,corpus_expansion_5000,0.9512364065547484,1,1
v18_2065,এশিয়ার সেরা রোবট ব্র্যাকের ‘চন্দ্রবোট-২’,corpus_expansion_5000,0.1133379569328199,0,1
v18_0127,"মুখ দেখে নয়, জরিপ দেখে মনোনয়ন: এমপিদের হাসিনা",v17_reused,0.08970392759050315,0,0
v18_3394,আইসিইউ-সিসিইউর অগ্রগতি জানতে চায় হাই কোর্ট,corpus_expansion_5000,0.0945363922261271,0,0
v18_3327,চাকরিজীবীদের বেশি কর দিতে হবে এবার,corpus_expansion_5000,0.3921913672632442,0,0
v18_4986,সৈয়দপুরে পিকনিকের গাড়ি দুর্ঘটনায় নিহতের সংখ্যা বেড়ে ৯,corpus_expansion_5000,0.18575873998447445,0,0
v18_2975,ঈদের টিকিট পেতে ঢাকার কমলাপুর ও চট্টগ্রাম রেলস্টেশনে ভিড়,corpus_expansion_5000,0.4413369854724032,1,0
v18_0980,খুলনায় ‘বন্দুকযুদ্ধে’ ১৩ বনদস্যু নিহত,corpus_expansion_5000,0.23597905031654332,0,1
v18_2300,দাউদকান্দিতে কেন্দ্রের বাইরে সংঘর্ষে আহত ১০,corpus_expansion_5000,0.2001218854158135,0,1
v18_0190,চট্টগ্রামে যুব ইউনিয়ন কর্মীদের ত্রাণ সংগ্রহে বাধা,new_high_w1_pany,0.2411447352040636,0,1
v18_1139,২২ ফেব্রুয়ারি থেকে ‘অন্তর্ধান’,corpus_expansion_5000,0.9161096176386623,1,1
v18_0699,অধিকার রক্ষায় 'আদিবাসী বিষয়ক কমিশন' চাই: সঞ্জীব দ্রং,v17_reused,0.12928568293331966,0,0
v18_4780,বিশ্বকাপে আফগানদের বিপক্ষে টেস্ট খেললেন ধোনি?,corpus_expansion_5000,0.9381490436332197,1,0
v18_0606,সউদীর দুই প্রভাবশালী মন্ত্রী ঢাকা আসছেন,new_low_w0_pany,0.1897273738002775,0,0
v18_4276,ধর্ষিতা কিশোরীর সন্তান প্রসব,corpus_expansion_5000,0.553034631423688,1,0
v18_0301,‘শহরের মুখগুলি’ শীর্ষক প্রদর্শনী,new_high_w1_pany,0.3146615032205769,0,0
v18_3420,মার্কেন্টাইল ব্যাংকে প্রশিক্ষণ অনুষ্ঠিত,corpus_expansion_5000,0.2060688837501653,0,0
v18_4820,বসুন্ধরায় শুরু হলো স্মার্ট সিটি এক্সপো,corpus_expansion_5000,0.24356783197617415,0,0
v18_1060,আবার প্রকাশক হত্যা,corpus_expansion_5000,0.2087959004465694,0,1
v18_2565,বৈরুত বিস্ফোরণে ৩ বাংলাদেশি নিহত,corpus_expansion_5000,0.20458920273409287,0,1
v18_4994,মামলা প্রত্যাহার না হলে পরিবহন ধর্মঘট সিলেটে,corpus_expansion_5000,0.28557774750446796,0,0
v18_1069,"বগুড়ায় সেবিকা গণধর্ষণ মামলা, গ্রেফতার ২",corpus_expansion_5000,0.13897857244239925,0,1
v18_2524,ঢাকায় ‘বন্দুকযুদ্ধে’ ২ যুবক নিহত,corpus_expansion_5000,0.29713639131799346,0,1
v18_2205,মাদকবিরোধী অভিযানে পাঁচ জেলায় নিহত ৫,corpus_expansion_5000,0.1781568602537823,0,1
v18_1243,সাব্বির হত্যা: সানবীরসহ সবাই খালাস,corpus_expansion_5000,0.09369361382090124,0,1
v18_0016,আকারের চেয়ে বাজেটের কাঠামোগত মান বৃদ্ধির প্রস্তাব সিপিডির,v17_reused,0.2192937175246589,0,0
v18_3120,বিভিন্ন উপজেলায় ব্যালট পেপারসহ সরঞ্জাম প্রেরণ,corpus_expansion_5000,0.17491898592996105,0,0
v18_4642,এবার ডিএসসিসির আরেক কর্মকর্তাকে অপসারণ,corpus_expansion_5000,0.503966289266493,1,0
v18_0815,সোভিয়েত ‘ধ্বংসস্তূপ’ থেকে নতুন রাশিয়া,corpus_expansion_5000,0.12443420472344577,0,1
v18_3067,সাতকানিয়ায় সেরা ছমদরপাড়া প্রাথমিক বিদ্যালয়,corpus_expansion_5000,0.5494664555230963,1,0
v18_4784,এনআরসি নিয়ে লোকসভায় সুর নরম বিজেপির,corpus_expansion_5000,0.21140829580345186,0,0
v18_0959,ছয় লাখ টাকাসহ ৩ ‘ছিনতাইকারী’ গ্রেপ্তার,corpus_expansion_5000,0.5690938689597135,1,1
v18_0225,"প্রথম ব্রাজিল, শীর্ষেও ব্রাজিল",new_mid_w1_p0,0.8078497671594961,1,0
v18_3354,কর্মহীনদের জন্য নতুন করে চাল-টাকা বরাদ্দ,corpus_expansion_5000,0.16079228470839807,0,0
v18_2485,তিন দিনেই ‘রেস থ্রি’র সেঞ্চুরি,corpus_expansion_5000,0.8753782025025706,1,1
v18_0562,৬ অক্টোবর: আজকের দিনটি কেমন যাবে?,v17_reused,0.9914287669880634,1,0
v18_3436,"নায়িকার বয়স বাড়ে, নায়কের বাড়ে না",corpus_expansion_5000,0.9081590251264045,1,0
v18_1693,আবরার হত্যা: ২৫ আসামির চার্জগঠন শুনানি ১৭ ফেব্রুয়ারি,corpus_expansion_5000,0.09045908956348325,0,1
v18_1045,শামীম হত্যা: আরেক এএসআই রিমান্ডে,corpus_expansion_5000,0.3371892238936177,0,1
v18_3446,খুলনায় বেতনের দাবিতে শ্রমিকদের সড়ক-রেলপথ অবরোধ,corpus_expansion_5000,0.4585930279344631,1,0
v18_4565,"গ্রুপ ফোরের চুরি যাওয়া টাকা উদ্ধার, গ্রেপ্তার ১",corpus_expansion_5000,0.10713961160401161,0,0
v18_0954,আফগানিস্তানের শীর্ষ মহলের বিরুদ্ধে ‘যৌন কেলেঙ্কারির’ অভিযোগ,corpus_expansion_5000,0.7340537717053364,1,1
v18_4985,মালয়েশিয়ার কাছে হেরেই শুরু বাংলাদেশের,corpus_expansion_5000,0.4413369854724032,1,0
v18_2735,শিলংয়ে হারিয়ে গেলেন নায়িকা!,corpus_expansion_5000,0.981310202613338,1,1
v18_4903,চাঁপাইনবাবগঞ্জে ধানের ট্রলি উল্টে খাদে পড়ে ৭ শ্রমিক নিহত,corpus_expansion_5000,0.1804188402741266,0,0
v18_4735,তামিল গান গেয়ে লন্ডনে বিতর্কের মুখে এ আর রাহমান,corpus_expansion_5000,0.6193137730902449,1,0
v18_4823,"শেষ আটে নাদাল, মুগুরুসার বিদায়",corpus_expansion_5000,0.4413369854724032,1,0
v18_1218,সীমান্তে হত্যা বন্ধে আলোচনা ‘নিয়মিত’: বিজিবি প্রধান,corpus_expansion_5000,0.11147024651054742,0,1
v18_1527,খুনি মাজেদের ফাঁসি,corpus_expansion_5000,0.45598911548315474,1,1
v18_3987,স্বাস্থ্যবিধি শর্তে বাইক রাইড শেয়ারিং চালু,corpus_expansion_5000,0.13400528601293454,0,0
v18_1300,"অপহরণের পর গণধর্ষণ, আটক ৩",corpus_expansion_5000,0.37277899245748014,0,1
v18_4891,চান্দিনায় ডাক্তার-এসপির পরিবারের ৬ জনসহ আরও ২২ জনের করোনা শনাক্ত,corpus_expansion_5000,0.1353199798207458,0,0
v18_0160,‘ভ্যাম্পায়ার অ্যাডওয়ার্ড’ এবার ‘ব্যাটম্যান’,v17_reused,0.8764020696347209,1,0
v18_4067,অ্যাপলে পদোন্নতি পেলেন জনি আইভ,corpus_expansion_5000,0.22311587068072297,0,0
v18_0956,অনন্ত হত্যা: জাফরান ৭ দিনের রিমান্ডে,corpus_expansion_5000,0.08986067995213563,0,1
v18_3791,সদস্যসচিবের পদ ছাড়তে পদত্যাগপত্র তাপসের,corpus_expansion_5000,0.330703642219675,0,0
v18_3234,তিন বছরের মধ্যে সীমায় আনতে হবে,corpus_expansion_5000,0.2601425988962303,0,0
v18_2869,মাহমুদা হত্যাকাণ্ড: পুলিশ শুধু বলেই যাচ্ছে তদন্ত ‘শেষের দিকে’,corpus_expansion_5000,0.20627687430163824,0,1
v18_3777,বাঁশখালীতে ৩০ শয্যার আইসোলেশন সেন্টার উদ্বোধন,corpus_expansion_5000,0.359843617042447,0,0
v18_4433,যেভাবে এলো বিশ্ব ভালোবাসা দিবস,corpus_expansion_5000,0.6953837453424773,1,0
v18_2961,নির্ধারিত ফি'র বহুগুণ নিচ্ছে বেসরকারি স্কুলগুলো,corpus_expansion_5000,0.32912155184893244,0,0
v18_2200,প্রিয়াঙ্কার হাতে ঐশ্বরিয়ার মেহেদি!,corpus_expansion_5000,0.981310202613338,1,1
v18_0098,নিউজার্সিতে আল-ফেরদৌস কেন্দ্রে ইসলামিক ক্লাস চালু,v17_reused,0.17955838958078893,0,0
v18_2557,জঙ্গিবাদী চক্রান্তে সরকার পতন হবে না: কাদের,corpus_expansion_5000,0.12738262496963138,0,1
v18_3183,দুই হাসপাতালকে সাত লাখ টাকা জরিমানা,corpus_expansion_5000,0.1133379569328199,0,0
v18_0253,চীন পৌঁছলেন ‘মিস ওয়ার্ল্ড বাংলাদেশ’ জেসিয়া ইসলাম,v17_reused,0.6417428939584121,1,0
v18_3923,গভীর রাতে রাজশাহীর ৪৩ হজযাত্রীকে নিয়ে গেল বিমান,corpus_expansion_5000,0.3451374483123983,0,0
v18_4199,কুড়িগ্রাম-৪ আসনে জেপি প্রার্থী বিজয়ী,corpus_expansion_5000,0.2478725912188029,0,0
v18_1445,‘না’গঞ্জে জামায়াতের নাশকতার পরিকল্পনা’,corpus_expansion_5000,0.301670163470302,0,1
v18_1648,৩২ বছর পর পাঁচজনের ফাঁসি,corpus_expansion_5000,0.10362854135766301,0,1
v18_4682,জেলখানায় কেমন কাটছে নওয়াজের,corpus_expansion_5000,0.34796321532101393,0,0
v18_4723,কলকাতায় জমজমাট ঈদের বাজার,corpus_expansion_5000,0.3977187419077085,0,0
v18_3991,"বিমানটির পাইলট, ক্রুদের জিজ্ঞাসাবাদ করা হবে",corpus_expansion_5000,0.17921858498670093,0,0
v18_1696,বগুড়ায় ‘বন্দুকযুদ্ধে’ ২ ‘চরমপন্থী’ নিহত,corpus_expansion_5000,0.7727820009546756,1,1
v18_3191,তিন ঘণ্টা পর ঢাকা-চট্টগ্রাম ট্রেন চালু,corpus_expansion_5000,0.16079228470839807,0,0
v18_4499,আরবি বিশ্ববিদ্যালয়ে বিজ্ঞানও পড়ানো হবে: শিক্ষামন্ত্রী,corpus_expansion_5000,0.3747110202133443,0,0
v18_1154,লোকমান হত্যা: ফারুকের জবানবন্দি,corpus_expansion_5000,0.09036283032606131,0,1
v18_2255,খুলনায় ‘ভোট ডাকাতি’ প্রতিহত করার ঘোষণা বিএনপির,corpus_expansion_5000,0.47681374575084534,1,1
v18_1682,কালিহাতীতে র্যাবের সঙ্গে ‘বন্দুকযুদ্ধে’ নিহত ১,corpus_expansion_5000,0.33531795420325644,0,1
v18_3170,দাউদকান্দির সড়কে অটোরিকশা চলাচল বন্ধ,corpus_expansion_5000,0.22311587068072297,0,0
v18_2056,নাশকতার অভিযোগে কুড়িগ্রামে ৪ জামায়াত নেতা আটক,corpus_expansion_5000,0.1950664930006943,0,1
v18_4090,তাবলিগ জামাত ও টঙ্গী ইজতেমার বিশ্বায়ন,corpus_expansion_5000,0.09653443540021671,0,0
v18_3108,বিদ্যুৎ পানির দাম বৃদ্ধি মড়ার উপর খাঁড়ার ঘা,corpus_expansion_5000,0.18165266638157213,0,0
v18_4548,ঢাবিতে আরো সাত শিক্ষার্থীর ভর্তির কাগজপত্রে গড়মিল,corpus_expansion_5000,0.1476023763660605,0,0
v18_3723,কোরআন তিলাওয়াতে অপরিসীম কল্যাণ,corpus_expansion_5000,0.3421991598600666,0,0
v18_2049,ফতুল্লায় ট্রাক উল্টে নিহত ৩,corpus_expansion_5000,0.09207495058008996,0,1
v18_3643,এক কোটি স্যামসাং গ্যালাক্সি এস৮ তৈরি করছে স্যামসাং,corpus_expansion_5000,0.16053975164807013,0,0
v18_4927,বিআরটিসি বাস চলবে সরকারি নির্দেশনায়,corpus_expansion_5000,0.28008474130873345,0,0
v18_0623,দুই মাসে কৃষিঋণ বিতরণ কমেছে,new_mid_w0_p0,0.30093381222399707,0,0
v18_0262,পবিত্র মদিনায় হামলাকারী পাকিস্তানি: সৌদি আরব,new_high_w1_pany,0.10300690061883042,0,1
v18_3369,"শস্য ঋণসীমা বাড়ল, নতুন ফল-ফলারি অন্তর্ভুক্ত",corpus_expansion_5000,0.30093381222399707,0,0
v18_4061,"শাহজাদপুর উপজেলা স্বাস্থ্য কমপ্লেক্সে চুরি, প্রহরী আটক",corpus_expansion_5000,0.32798232373875547,0,0
v18_1802,‘ছায়ানীড়ের’ জঙ্গি আস্তানায় বোমার ছড়াছড়ি,corpus_expansion_5000,0.1863731577820527,0,1
v18_4736,ক্রোয়াটদের বীর বরণ,corpus_expansion_5000,0.48719929544414753,1,0
v18_4992,চিকিৎসক নার্স স্বাস্থ্যকর্মীদের ছুটি বাতিল,corpus_expansion_5000,0.21808537125975822,0,0
v18_2385,পুরোহিত হত্যা: জিজ্ঞাসাবাদের পর হাজতে জাহাঙ্গীর,corpus_expansion_5000,0.12878973142810404,0,1
v18_1959,আগেই বেরিয়ে গেল ‘বন্দুকবাজে’র গুলি,corpus_expansion_5000,0.8754778080979894,1,1
v18_2976,দেশের এক-চতুর্থাংশ কিশোর-কিশোরী খর্বকায়,corpus_expansion_5000,0.0945363922261271,0,0
v18_0488,পরিত্যক্ত ভবনে নষ্ট হচ্ছে ৭০ লাখ টাকার যন্ত্রপাতি,v17_reused,0.22311587068072297,0,0
v18_1843,‘শিকারি’ ঘিরে ‘মেন্টাল’ অবস্থা!,corpus_expansion_5000,0.9535017593150559,1,1
v18_1734,হামজা ব্রিগেড: বিস্ফোরক মামলায় অভিযোগ গঠন ১৬ নভেম্বর,corpus_expansion_5000,0.09182211170941476,0,1
v18_2911,জরুরি অবস্থায় তেল-গ্যাস ইজারা কার্যক্রম স্থগিত রাখার আহ্বান,corpus_expansion_5000,0.09364809476717639,0,0
v18_3219,কয়েকটি বিষয়ে শিক্ষক-অভিভাবকদের মতামত নেবে এনসিটিবি,corpus_expansion_5000,0.32139691685993443,0,0
v18_0146,ট্রাকের ধাক্কায় শ্রমিক নিহত,v17_reused,0.2411447352040636,0,0
v18_1986,৭ মার্চের ছাত্রনেতারা কেউ কেউ ‘মিথ্যা’ বলছেন: শেখ হাসিনা,corpus_expansion_5000,0.4761983587994972,1,1
v18_1369,আসামে হত্যাকাণ্ড,corpus_expansion_5000,0.25285909538626705,0,1
v18_2811,ঢাকায় ৫৬ মাদকসেবী ও বিক্রেতা গ্রেপ্তার,corpus_expansion_5000,0.32438175186790896,0,1
v18_0659,১৪ ধরনের পণ্যে নগদ সহায়তা পাওয়া যাবে,new_mid_w1_p0,0.3451374483123983,0,0
v18_1794,সিরাজগঞ্জে ধর্ষণ মামলায় ৬ জনের যাবজ্জীবন,corpus_expansion_5000,0.14049968639935784,0,1
v18_2511,"বুড়িগঙ্গায় ট্রলারডুবি, ৮ লাশ উদ্ধার",corpus_expansion_5000,0.24658569031706137,0,1
v18_3397,"ফ্রিল্যান্স, আউটসোর্সিং অ্যান্ড এসইও বিষয়ক কর্মশালা",corpus_expansion_5000,0.4413369854724032,1,0
v18_4282,সিরিয়ার রাসায়নিক অস্ত্র বিষয়ে জাতিসংঘ প্রস্তাব পাশ,corpus_expansion_5000,0.1882870446992,0,0
v18_1147,একরাম হত্যা: তিন পুলিশসহ ৬ জনের সাক্ষ্য,corpus_expansion_5000,0.353522633128838,0,1
v18_3272,চাল আমদানিতে এলসি বেড়েছে ছয় গুণ,corpus_expansion_5000,0.15060621832149432,0,0
v18_0608,নিউ জার্সিতে ট্রেন দুর্ঘটনায় নিহত ৩ : আহত শতাধিক,new_low_w0_pany,0.1133379569328199,0,0
v18_3582,"ভাগ তিনটি, নিয়ন্ত্রণ এক পক্ষের হাতে",corpus_expansion_5000,0.1948519741258063,0,0
v18_1930,নয়াপল্টনে নাশকতায় হেলমেটধারীসহ গ্রেফতার ৬,corpus_expansion_5000,0.12797425872606974,0,1
v18_0197,আফগানিস্তানে যৌথবাহিনীর অভিযানে ৩০ জঙ্গি নিহত,v17_reused,0.0945363922261271,0,0
v18_2931,দুটি যাত্রীবাহী জাহাজে যান্ত্রিক ত্রুটি,corpus_expansion_5000,0.22311587068072297,0,0
v18_2327,পৃথক সড়ক দুর্ঘটনায় নববধূসহ নিহত ৫,corpus_expansion_5000,0.37241834385939265,0,1
v18_4389,গণপূর্ত বিভাগের প্রধান প্রকৌশলীর মুক্তিযোদ্ধা সনদ কেন বাতিল নয়?,corpus_expansion_5000,0.7771043332717515,1,0
v18_0766,বিবর্তনকেই বদলে দিচ্ছে সিজারিয়ান!,new_mid_w0_p0,0.7299421903988657,1,0
v18_4496,সউদীতে অভিবাসীদের নিবন্ধন শুরু,corpus_expansion_5000,0.19000580961738978,0,0
v18_4218,শুভ জন্মদিন ফুটবলের ওয়ান্ডার ম্যান,corpus_expansion_5000,0.5743695239102369,1,0
v18_3255,কুতুপালং ট্রানজিট পয়েন্টে রোহিঙ্গাদের কোয়ারেন্টিনে রাখা হবে,corpus_expansion_5000,0.1872999213078697,0,0
v18_0202,রোখা যাচ্ছে না ফেনসিডিল,v17_reused,0.25729691798980925,0,0
v18_3510,ব্র্যাক বিশ্ববিদ্যালয়ে ইএমবিএ প্রোগ্রাম উদ্বোধন,corpus_expansion_5000,0.32393754926875235,0,0
v18_1733,ঝিনাইদহে র্যাবের সঙ্গে ‘বন্দুকযুদ্ধে’ নিহত ২,corpus_expansion_5000,0.3790583003346776,0,1
v18_2777,"পরিস্থিতি ‘সংবেদনশীল’, সতর্ক ইসি",corpus_expansion_5000,0.089658305967913,0,1
v18_1707,"মেক্সিকোতে তেল লাইনে বিস্ফোরণ, নিহত ৬৬",corpus_expansion_5000,0.28518144445453336,0,1
v18_3474,"রাজপথের কর্মসূচি স্থগিত, ধর্মঘট চলবে",corpus_expansion_5000,0.23451032701964408,0,0
v18_0854,‘সুন্দরবন জাগাও’,corpus_expansion_5000,0.4737632500619631,1,1
v18_4737,খোলা আকাশের নিচে নষ্ট হচ্ছে ১৪৯টি রেলযান,corpus_expansion_5000,0.21850733446999548,0,0
v18_4097,তুরস্ক যাচ্ছেন সেনাপ্রধান আজিজ আহমেদ,corpus_expansion_5000,0.2411447352040636,0,0
v18_2160,রাক্কার কাছে স্কুলে বিমান হামলায় নিহত ৩৩,corpus_expansion_5000,0.15302684672551575,0,1
v18_0698,বুফ্ফনকে ফিরে পাওয়ার আশা ইতালির,new_mid_w1_p0,0.5637328118069199,1,0
v18_4947,পুরুষ থেকে নারী হয়ে চাকরি হারাচ্ছেন নৌ সেনা,corpus_expansion_5000,0.25651534708501167,0,0
v18_2999,পোশাক খাতের মজুরি বোর্ড: ছয় সদস্যের নাম চূড়ান্ত,corpus_expansion_5000,0.0945363922261271,0,0
v18_3696,শুরুতেই ১০ গুণ দরবৃদ্ধি ওআইমেক্স ইলেকট্রোডসের,corpus_expansion_5000,0.5437928589737936,1,0
v18_1636,"রাজশাহীতে তরুণী ধর্ষণের শিকার, গ্রেপ্তার ৬",corpus_expansion_5000,0.10419334274085448,0,1
v18_3457,ঢাকা মেট্রোরেল প্রকল্পের রেল কোচ সংগ্রহে চুক্তি,corpus_expansion_5000,0.0945363922261271,0,0
v18_3581,চট্টগ্রামে প্যাথলজি বিষয়ক আন্তর্জাতিক সম্মেলন,corpus_expansion_5000,0.18494572022373007,0,0
v18_1291,পাংশায় ‘বন্দুকযুদ্ধে’ নিহত ২,corpus_expansion_5000,0.1908272123370029,0,1
v18_4659,বসুন্ধরা আবাসিক ও পার্শ্ববর্তী এলাকায় পুলিশের ‘ব্লক রেইড’,corpus_expansion_5000,0.09322143943960798,0,0
v18_1853,‘সিনিয়র’ বন্ডকন্যা!,corpus_expansion_5000,0.977521425659314,1,1
v18_3763,করোনার মধ্যেই কাজ করতে হবে,corpus_expansion_5000,0.4001058723005676,0,0
v18_3304,চলচ্চিত্র বিষয়ক জাতীয় পরামর্শক কমিটি গঠন,corpus_expansion_5000,0.27118650658763915,0,0
v18_4912,বার্সার কাছে হেরেও শিষ্যদের নিয়ে গর্বিত আতলেতিকো কোচ,corpus_expansion_5000,0.572350233899975,1,0
v18_3743,"পাইকারিতে হ্রাস, খুচরায় অনড়",corpus_expansion_5000,0.1618695290589579,0,0
v18_3445,বিদ্যুতের বদলে আলু ও ইলিশ আসুক,corpus_expansion_5000,0.13790912917515705,0,0
v18_1998,‘জেল আমার দর্পচূর্ণ করেছে’,corpus_expansion_5000,0.6897341812242394,1,1
v18_0663,ক্লাবের আবদারে পেছাল লিগ,v17_reused,0.3451374483123983,0,0
v18_4779,বাংলাদেশে অনুপ্রবেশ করে ৩৪টি গরু লুট করেছে বিএসএফ,corpus_expansion_5000,0.43517539949124817,1,0
v18_3748,দেরিতে লেনদেন শুরুর পর দরপতন,corpus_expansion_5000,0.1217760312462605,0,0
v18_4413,গাইবান্ধায় হিযবুত তাওহিদের লিফলেটসহ গ্রেপ্তার ২,corpus_expansion_5000,0.1133379569328199,0,0
v18_4744,হারানো স্বাধীনতা ফেরাতেই আ.লীগ প্রতিষ্ঠিত হয়েছিল: শেখ হাসিনা,corpus_expansion_5000,0.2867810255891487,0,0
v18_0709,মৌমাছির জন্য হাহাকার!,new_mid_w0_p0,0.5320248714922053,1,0
v18_1282,"ধামরাইয়ে ‘নাশকতার পরিকল্পনার বৈঠক’, আটক ২০",corpus_expansion_5000,0.31594260541429875,0,1
v18_2675,২৪ জানুয়ারি: বাণী চিরন্তনী,corpus_expansion_5000,0.5937142332754775,1,1
v18_4029,ট্যাবলেট বাজারে অ্যান্ড্রয়েড এগিয়ে,corpus_expansion_5000,0.2613161559680973,0,0
v18_1306,পদ্মা দুর্নীতি‘জড়িতদের’ ফের জিজ্ঞাসাবাদ,corpus_expansion_5000,0.13359317485734432,0,1
v18_2237,বিরামপুরে ৯ মাদকসেবীর কারাদণ্ড,corpus_expansion_5000,0.18085651212327875,0,1
v18_3302,"জীবন, স্বাধীনতা ও সুখের সন্ধান সবার অধিকার - রাষ্ট্রদূত মিলার",corpus_expansion_5000,0.3921913672632442,0,0
v18_2038,বাফুফে নির্বাচনে গোয়েন্দা সংস্থা!,corpus_expansion_5000,0.7768247962126457,1,1
v18_1529,এ তো ‘কুড়ি’র ফেদেরার!,corpus_expansion_5000,0.9011806983882159,1,1
v18_1663,করাচিতে সাম্প্রদায়িক হামলায় নিহত ৫,corpus_expansion_5000,0.22589961761169886,0,1
v18_4934,ভারপ্রাপ্ত পূর্ত সচিব শওকত,corpus_expansion_5000,0.1239110617250224,0,0
v18_4953,ব্র্যাডম্যানকেও ছাড়িয়ে গেলেন কোহলি!,corpus_expansion_5000,0.9636615787764128,1,0
v18_3627,"ফিফা বর্ষসেরার সংক্ষিপ্ত তালিকায় মেসি-রোনালদো, নেই নেইমার",corpus_expansion_5000,0.8713567500820797,1,0
v18_2693,জমি নিয়ে বিরোধে সংঘর্ষে নিহত ১,corpus_expansion_5000,0.4165568777450921,0,1
v18_3060,কাউন্সিলর প্রার্থীর কেউই মাধ্যমিক উত্তীর্ণ নন,corpus_expansion_5000,0.30093381222399707,0,0
v18_1597,বরিশালে গণপিটুনিতে ‘ডাকাত’ নিহত,corpus_expansion_5000,0.2916307820044533,0,1
v18_2729,"‘ব্যক্তিকে হত্যা করা যায়, আদর্শকে নয়’",corpus_expansion_5000,0.42692139729152734,1,1
v18_2625,"শাবি ছাত্রলীগের দুই পক্ষে গোলাগুলি, বহিষ্কার ১৪",corpus_expansion_5000,0.10622346274124221,0,1
v18_3157,কর্ণফুলী ও হালদা নদীকে বাঁচাতেই হবে,corpus_expansion_5000,0.1353199798207458,0,0
v18_3314,"সম্মেলন শুরু, জলবায়ু পরিবর্তনে ক্ষতিগ্রস্ত হবে দরিদ্ররাই",corpus_expansion_5000,0.0945363922261271,0,0
v18_1722,ধান কেনায় দুর্নীতি!,corpus_expansion_5000,0.5718585250096433,1,1
v18_1059,বিপাশাকে হটিয়ে সানি!,corpus_expansion_5000,0.974248473289067,1,1
v18_4636,এক বছরে পেঁয়াজের দাম ৩০ শতাংশ বেড়েছে,corpus_expansion_5000,0.15567713991872367,0,0
v18_3242,শ্রমিকদের স্বাস্থ্য সুরক্ষা নিশ্চিত করে কারখানা চালাতে হবে,corpus_expansion_5000,0.09361220640400687,0,0
v18_1678,জয়পুরহাটে পুলিশের সঙ্গে ‘বন্দুকযুদ্ধে’ নিহত ২,corpus_expansion_5000,0.15829122310849708,0,1
v18_1757,"তরুণকে কুপিয়ে হত্যা, আটক ৫",corpus_expansion_5000,0.49666409456548904,1,1
v18_4191,ব্যায়াম করুন সুস্থ থাকুন,corpus_expansion_5000,0.7715928014481304,1,0
v18_0563,"বাবার মামলা, সূত্র খুঁজে পাচ্ছে না পুলিশও",new_mid_w0_p0,0.16079228470839807,0,0
v18_2790,বন্দুকযুদ্ধে চার জেলায় নিহত ৫,corpus_expansion_5000,0.11191455605797644,0,1
v18_0863,"‘জঙ্গিদের অর্থদাতার’ মৃত্যু, ৩০ লাখ টাকা উদ্ধার",corpus_expansion_5000,0.09330701407780069,0,1
v18_1484,‘প্রতারণার ঘটনাও অহরহ ঘটছে’,corpus_expansion_5000,0.28008474130873345,0,1
v18_0206,'বাবা-মায়ের বিচ্ছেদ সন্তানদের জন্য ভাল',v17_reused,0.8289922386607282,1,0
v18_4488,বঙ্গবন্ধু সাফারি পার্কে পুরুষ নীলগাই,corpus_expansion_5000,0.30093381222399707,0,0
v18_0870,২১ আগস্ট গ্রেনেড হামলা,corpus_expansion_5000,0.6549558356626531,1,1
v18_4493,কলসেন্টারের জন্য সাবমেরিন কেবল ব্যান্ডউইডথ ফি ৬০ ভাগ কমলো,corpus_expansion_5000,0.1353199798207458,0,0
v18_0502,বিএনপি-জামায়াতের অনেক মামলা নিষ্পত্তি হয়েছে : আইনমন্ত্রী,new_mid_w1_p0,0.08929961256284376,0,0
v18_1028,"গুয়াতেমালায় বাস-লরি সংঘর্ষ, নিহত ২০",corpus_expansion_5000,0.22827240588175038,0,1
v18_3840,সব দলের অংশগ্রহণে সুষ্ঠু নির্বাচন চায় ভারত -জাপা,corpus_expansion_5000,0.08874659232793167,0,0
v18_2690,‘দলীয় প্রচেষ্টায় জয়’,corpus_expansion_5000,0.3988270777087591,0,1
v18_1570,কেমব্রিজ অ্যানালিটিকা: আগেই ‘জানতো’ ফেইসবুক!,corpus_expansion_5000,0.8673753588524469,1,1
v18_2773,ভারতে উড়ালসেতু ধসে নিহত ৫,corpus_expansion_5000,0.16079228470839807,0,1
v18_2731,মোদি সরকারের দুই মাসে ১১৩টি সাম্প্রদায়িক সংঘর্ষ,corpus_expansion_5000,0.2423297642702304,0,1
v18_0804,আফগানিস্তানে বিমান হামলায় নিহত ৩০,corpus_expansion_5000,0.09174845846323151,0,1
v18_3645,রমজানে প্রধানমন্ত্রীকে শুভেচ্ছা ফিলিস্তিনি প্রেসিডেন্টের,corpus_expansion_5000,0.2411447352040636,0,0
v18_2454,পুকুরে শিশুর লাশ,corpus_expansion_5000,0.15711157713516635,0,1
v18_4598,সম্পদ বিবরণী দাখিল না করায় দুদকের মামলা,corpus_expansion_5000,0.1133379569328199,0,0
v18_3104,প্রাথমিক শিক্ষা খাতে অতিরিক্ত বরাদ্দের দাবি,corpus_expansion_5000,0.1476023763660605,0,0
v18_4875,খালেদা জিয়ার ১১ মামলার শুনানি পিছিয়েছে,corpus_expansion_5000,0.24249254682604157,0,0
v18_0200,পানির খোঁজে আজ ভারতের চাঁদে অভিযান,v17_reused,0.28008474130873345,0,0
v18_3099,মগবাজার-মৌচাক ফ্লাইওভারে ছুরিতে বাইক চালকের মৃত্যু,corpus_expansion_5000,0.23714812134282617,0,0
v18_2278,৬ দিনেও সন্ধান মেলেনি মাধবপুরে নিখোঁজ এনজিওকর্মীর,corpus_expansion_5000,0.16079228470839807,0,1
v18_3561,কমলগঞ্জে ধানি জমির মাটি অবাধে বিক্রি,corpus_expansion_5000,0.2601425988962303,0,0
v18_4474,হরতালে এসএসসি: সিদ্ধান্ত রোববার,corpus_expansion_5000,0.12723950606345277,0,0
v18_4514,কঠোর আন্দোলনের হুমকি চবি শিক্ষক সমিতির,corpus_expansion_5000,0.16079228470839807,0,0
v18_0391,সদ্য বরখাস্ত হওয়া মেয়রসহ বিএনপির চারজন জেলে,new_high_w1_pany,0.08832671227619385,0,1
v18_1495,অগ্নি টু: মাহির জন্য দেখুন,corpus_expansion_5000,0.7608656863860359,1,1
v18_2695,হবিগঞ্জে ট্রাক চাপা পড়ে নিহত ১,corpus_expansion_5000,0.16079228470839807,0,1
v18_2027,সুমন-সুজন নামে বাসাভাড়া নেয় জঙ্গিরা,corpus_expansion_5000,0.19000580961738978,0,1
v18_2568,গ্যালারিতে ম্যারাডোনার কান্না!,corpus_expansion_5000,0.9057983923573165,1,1
v18_0064,"আফগানিস্তানে আফিমের দাম বাড়ছে, পপি চাষ বাড়ার আশঙ্কা",v17_reused,0.1343731996444175,0,0
v18_3884,সরকারের উদ্যোগ কাজে আসছে না,corpus_expansion_5000,0.13230731291895317,0,0
v18_2062,মামলা প্রত্যাহার না হলে গণবিক্ষোভ: মাহবুব,corpus_expansion_5000,0.11765082119882339,0,1
v18_0492,"আবাহনীর ত্রাতা ফয়সাল, ভিনিসিয়ুসে সওয়ার বসুন্ধরা",new_low_w0_pany,0.6174661474280977,1,0
v18_0379,দেশে করোনায় আরও ১৩ প্রাণহানি,new_low_w0_pany,0.22311587068072297,0,0
v18_4859,ঠাকুরগাঁওয়ে বাণিজ্য মেলায় র্যাফেল ড্র নিয়ে সংঘর্ষে আহত ৩০,corpus_expansion_5000,0.19239078050724434,0,0
v18_3993,কলেজ ছাত্র লাঞ্ছনার জেরে কুড়িগ্রামে সড়ক অবরোধ-ভাঙচুর,corpus_expansion_5000,0.08960284840135327,0,0
v18_4887,এশীয় কাপের ব্যর্থতা ও অর্জন,corpus_expansion_5000,0.5750266842033467,1,0
v18_1076,বোমা বিস্ফোরণে নিহত ১,corpus_expansion_5000,0.18333698467823956,0,1
v18_0878,চট্টগ্রামে ‘বন্দুকযুদ্ধে ছিনতাইকারী’ নিহত,corpus_expansion_5000,0.19000580961738978,0,1
v18_0337,বিনামূল্যে পাঠ্যবই বিতরণ নজরদারিতে আঞ্চলিক কমিটি গঠন,v17_reused,0.09251781468987123,0,0
v18_1016,"গাইবান্ধায় বাস-ট্রলি সংঘর্ষ, শিশুসহ নিহত ৬",corpus_expansion_5000,0.22311587068072297,0,1
v18_1275,"দিল্লিতে ‘জঙ্গি হামলার’ শঙ্কা, হাই অ্যালার্ট জারি",corpus_expansion_5000,0.2238525849780599,0,1
v18_3798,উৎকণ্ঠা কাটেনি অভিভাবক-শিক্ষার্থীদের,corpus_expansion_5000,0.22077529952496408,0,0
v18_4551,"শরীর ভালো না, জামিন দিলে খুশি হতাম: মওদুদ",corpus_expansion_5000,0.09214189025940628,0,0
v18_3342,ভারতে কৃষিঋণ মওকুফের দাবিতে রাস্তায় হাজারো কৃষক,corpus_expansion_5000,0.11036844485109495,0,0
v18_4911,পেঁয়াজের দাম বাড়ার পেছনের কারণটা আমাদের খুঁজে বের করতে হবে: প্রধানমন্ত্রী,corpus_expansion_5000,0.3451374483123983,0,0
v18_0995,বুড়িচংয়ে পুলিশের সঙ্গে ‘বন্দুকযুদ্ধে’ একজন নিহত,corpus_expansion_5000,0.16079228470839807,0,1
v18_1981,ইউএস ওপেনে নাদাল-জোকোভিচের ‘অনীহা’,corpus_expansion_5000,0.6035998497166623,1,1
v18_4297,সিরাজগঞ্জে হাতবোমাসহ কিশোর আটক,corpus_expansion_5000,0.5218956878255403,1,0
v18_0161,বঙ্গবন্ধুর ‘অসমাপ্ত আত্মজীবনী’ এবার চীনা ভাষায়,new_mid_w1_p1,0.5128461642698187,1,1
v18_4798,মাদারীপুরে ছেলের স্বীকৃতির দাবিতে প্রবাসী স্ত্রীর অনশন,corpus_expansion_5000,0.7628608656713506,1,0
v18_1500,ঢাকার রূপনগরে র্যাবের সঙ্গে ‘বন্দুকযুদ্ধে’ নিহত ১,corpus_expansion_5000,0.0945363922261271,0,1
v18_3843,আশুলিয়া বাসচাপায় দুই মটর সাইকেল আরোহীর মৃত্যু,corpus_expansion_5000,0.10019835730535713,0,0
v18_2613,সজলের ‘পাফ ড্যাডি’,corpus_expansion_5000,0.6229465733397762,1,1
v18_3461,'মা হওয়ার চেষ্টা করে ১৪ বার ব্যর্থ হয়েছিলাম',corpus_expansion_5000,0.797509549022906,1,0
v18_1021,জঙ্গি তৎপরতায় সরকার হালকা বোধ করে: রিজভী,corpus_expansion_5000,0.36932604647522493,0,1
v18_3073,প্রয়োজন দেশব্যাপী লকডাউন আরও কঠোর পদক্ষেপ,corpus_expansion_5000,0.14850952926430455,0,0
v18_3943,সরকারি শূন্য পদ তিন লাখের বেশি: জনপ্রশাসনমন্ত্রী,corpus_expansion_5000,0.11546163110015764,0,0
v18_1585,যশোরে ‘বন্দুকযুদ্ধে’ যুবক নিহত,corpus_expansion_5000,0.19000580961738978,0,1
v18_1955,"কুষ্টিয়ায় দু'গ্রুপের সংঘর্ষে আহত ৬০, গ্রেপ্তার ১৬",corpus_expansion_5000,0.1353199798207458,0,1
v18_3152,"পিকআপ চাপায় দাদা-নাতনির মৃত্যু, ঢাকা-ময়মনসিংহ সড়ক অবরোধ",corpus_expansion_5000,0.14074188085942457,0,0
v18_0034,ভারত ছাড়তে চাই না: তসলিমা নাসরিন,v17_reused,0.24658569031706137,0,0
v18_4014,মরিনহোর উল্টো পথে রোনালদো,corpus_expansion_5000,0.4998900198488551,1,0
v18_0775,প্রধানমন্ত্রীর সংবাদ সম্মেলনে জোট নেতারাও,new_high_w1_pany,0.15149407253783495,0,1
v18_2556,মেক্সিকোয় নিরাপত্তা বাহিনীর ওপর হামলায় ৬ পুলিশ নিহত,corpus_expansion_5000,0.17921858498670093,0,1
v18_1478,আফগানিস্তানে ট্রাক বোমায় নিহত ২,corpus_expansion_5000,0.0945363922261271,0,1
v18_1363,জঙ্গি দমনে সৌদির সঙ্গে: হাসিনা,corpus_expansion_5000,0.32843105996868327,0,1
v18_2612,নড়াইলে পুলিশ পরিচয়ে ‘ডাকাতি’,corpus_expansion_5000,0.16079228470839807,0,1
v18_2824,আবরার হত্যায় ছাত্রলীগের ৯ নেতা আটক,corpus_expansion_5000,0.08893242365192788,0,1
v18_2041,অস্ত্র ও ফেনসিডিলসহ গ্রেপ্তার ১,corpus_expansion_5000,0.36835127139997426,0,1
v18_0241,তিউনিশিয়ায় ধর্মঘটে স্বাস্থ্যকর্মীরা,new_mid_w1_p1,0.31281458271047796,0,1
v18_2061,‘ভাসিয়ে দেওয়ার’ ২ দিন পর লাশ উদ্ধার,corpus_expansion_5000,0.24658569031706137,0,1
v18_2363,মালিতে প্রথম আত্মঘাতী হামলা,corpus_expansion_5000,0.16967882471207463,0,1
v18_0600,"ভারোত্তোলনে ইরানের হট্টগোল, সোনা জর্জিয়ার",new_mid_w1_p1,0.3697330368721735,0,1
v18_2435,রাজধানীতে যুবকের রক্তাক্ত লাশ,corpus_expansion_5000,0.2344844413536289,0,1
v18_2888,ফতুল্লায় কিশোরীকে ধর্ষণের পর হত্যা,corpus_expansion_5000,0.23661997725913594,0,1
v18_0646,বিপদসীমার উপর দিয়ে বইছে তিস্তা,v17_reused,0.1326205958451937,0,0
v18_3890,সিলেটের সঙ্গে তিন ঘণ্টা রেল যোগাযোগ বিচ্ছিন্ন,corpus_expansion_5000,0.1353199798207458,0,0
v18_3556,সাংবাদিক-বিজিবি নির্বাচন নিয়ে দিনাজপুরে মতবিনিময়,corpus_expansion_5000,0.5743695239102369,1,0
v18_3202,বেসরকারি কলেজ শিক্ষকদের অবস্থান কর্মসূচি পালন,corpus_expansion_5000,0.1476023763660605,0,0
v18_1528,বাঘুজে এসডিএফের হাতে ১৫৭ আইএস জঙ্গি আটক,corpus_expansion_5000,0.30576079122199035,0,1
v18_1267,দুর্নীতি হয়নি প্রমাণ করুন: বিএনপি,corpus_expansion_5000,0.11231401340739791,0,1
v18_1899,৫ মাসে সড়ক দুর্ঘটনায় ১৭ জন নিহত,corpus_expansion_5000,0.1303919499872502,0,1
v18_4658,নিখোঁজ হওয়ার চার দিন পর লাশ উদ্ধার,corpus_expansion_5000,0.2060688837501653,0,0
v18_3005,সড়ক-সেতু ও রেলে বরাদ্দ বেড়েছে ৯ হাজার কোটি টাকা,corpus_expansion_5000,0.21989489670170612,0,0
v18_2734,ধর্ষণে বিশ্বে তৃতীয় ভারত,corpus_expansion_5000,0.1808010509193474,0,1
v18_0189,মোহাম্মদপুরে বিএনপি নেতা গ্রেপ্তার,new_low_w0_pany,0.35329292617234165,0,0
v18_1806,"ধর্মপাশায় বিএনপির সংঘর্ষ, আহত ১৫",corpus_expansion_5000,0.13867341588241067,0,1
v18_0975,গ্রেপ্তারের পর ‘বন্দুকযুদ্ধে’ পাংশায় নিহত ২,corpus_expansion_5000,0.16079228470839807,0,1
v18_2747,"ঘুমন্ত বাড়িতে ট্রাক, নিহত ৫",corpus_expansion_5000,0.1287816126274555,0,1
v18_2047,নতুন ধারাবাহিক ‘ছন্নছাড়া’,corpus_expansion_5000,0.7657552592568436,1,1
v18_2558,গুলশানে গুলি করে ছিনতাই,corpus_expansion_5000,0.17921858498670093,0,1
v18_1082,গুজব ছড়ানোয় মামলা!,corpus_expansion_5000,0.9674128543486706,1,1
v18_0474,গান থেকে অবসর নিলেন ফেরদৌস ওয়াহিদ,new_mid_w1_p1,0.4538603056571412,1,1
v18_2904,'জাহাজ ভাঙা শিল্পের কারণে বিলুপ্ত হচ্ছে বিভিন্ন প্রজাতির মাছ',corpus_expansion_5000,0.0945363922261271,0,0
v18_4843,"জ্বর-শ্বাসকষ্টে কালকিনিতে দুবাই প্রবাসীর স্ত্রীর মৃত্যু, বাড়ি লকডাউন",corpus_expansion_5000,0.41829558137657097,1,0
v18_4117,বজ্রপাতের কবলে স্পেন দলের বিমান,corpus_expansion_5000,0.4165568777450921,0,0
v18_3385,পদ্মা সেতুঋণচুক্তির মেয়াদ আরো বাড়াল এডিবি-জাইকা,corpus_expansion_5000,0.09339777455077204,0,0
v18_4555,সরকারীকরণের আশায় সাংসদকে সোনার নৌকা?,corpus_expansion_5000,0.9456800971071694,1,0
v18_1184,টাঙ্গাইলে কথিত বন্দুকযুদ্ধে নিহত ৩,corpus_expansion_5000,0.44330092545846445,1,1
v18_2433,নতুন রূপে ‘লাগান’,corpus_expansion_5000,0.5434738198858534,1,1
v18_2391,"স্কুলছাত্রীদের ওপর হাঁসুয়া নিয়ে হামলা, নিহত ১",corpus_expansion_5000,0.18640151955928208,0,1
v18_0769,ইব্রার বাজি বার্সা,v17_reused,0.7813267885622637,1,0
v18_1685,সড়ক দুর্ঘটনায় নিহত ১ আহত ১৫,corpus_expansion_5000,0.2642569328290134,0,1
v18_0130,আত্রাইয়ের ব্যবসায়ীর লাশ বাগমারায় উদ্ধার,new_low_w0_pany,0.16079228470839807,0,0
v18_2919,"দূরপাল্লার বাসে ইয়াবা, চালক-সুপাভারইজার আটক",corpus_expansion_5000,0.28569227210784615,0,0
v18_3171,মহাকাশ গবেষণায় এক হচ্ছে রাশিয়া ও চীন,corpus_expansion_5000,0.9282102862626372,1,0
v18_3444,খুলনায় পাটকলশ্রমিকদের রাজপথ-রেলপথ অবরোধ,corpus_expansion_5000,0.17949832273269437,0,0
v18_4426,চট্টগ্রামের পতেঙ্গায় বে–টার্মিনাল প্রকল্প বাস্তবায়নের তাগিদ,corpus_expansion_5000,0.2191439455494707,0,0
v18_0466,স্বল্প সময়ের নোটিশে বিমান বন্ধ হতে পারে বাংলাদেশে,new_mid_w1_p0,0.1445316406161187,0,0
v18_3092,তারেক-কোকোর জামিন আদেশের বিরুদ্ধে আপিল করতে পারবে সরকার,corpus_expansion_5000,0.09284676473103602,0,0
v18_3772,গরুর পর এবার ছাগল,corpus_expansion_5000,0.16079228470839807,0,0
v18_0860,"পুলিশের ওপর হামলা: রুমির ‘স্বীকারোক্তি’, মিশুক ফের রিমান্ডে",corpus_expansion_5000,0.09095862982062441,0,1
